date_time,Unnamed: 0,tick_num,open,high,low,close,volume,cum_buy_volume,cum_ticks,cum_dollar_value,Returns,MA,FilteredProbs1,SmoothedProbs1,FilteredProbs2,SmoothedProbs2
2020-02-03 08:04:22.969000+00:00,25,39572,13044.15,13047.65,13033.4,13040.95,102698.0,34197.0,1522,1339148626.1,-0.00024918392394271513,13016.249999999998,,,,
2020-02-03 08:07:20.905000+00:00,26,41094,13040.9,13042.9,13032.4,13033.4,103300.0,33750.0,1522,1346660660.0,-0.0005791132059672768,13016.444,,,,
2020-02-03 08:10:39.799000+00:00,27,42616,13033.2,13035.95,13018.9,13029.9,102677.0,34296.0,1522,1337731069.0500002,-0.0002685768894222095,13016.408000000001,,,,
2020-02-03 08:13:45.149000+00:00,28,44138,13029.7,13032.9,13016.0,13016.0,104700.0,33800.0,1522,1363825850.0,-0.0010673465934834961,13015.976,,,,
2020-02-03 08:16:31.259000+00:00,29,45660,13016.45,13024.45,13012.45,13015.0,109850.0,43100.0,1522,1430034327.5,-7.683147020794868e-05,13016.004,0.07044285308787221,0.015819243207658408,0.9295571469121277,0.98418075679234
2020-02-03 08:19:06.744000+00:00,30,47182,13015.2,13039.9,13011.95,13030.15,112973.0,50044.0,1522,1471951511.1499975,0.0011633645195891836,13016.370000000003,0.8439788968995876,0.86931832036915,0.15602110310041253,0.1306816796308482
2020-02-03 08:22:41.128000+00:00,31,48704,13030.4,13037.45,13019.15,13020.0,104684.0,37521.0,1522,1363956965.2499998,-0.000779266185694686,13016.650000000001,0.0009705996902144953,0.002322545005910027,0.9990294003097852,0.9976774549940883
2020-02-03 08:25:39.087000+00:00,32,50226,13020.05,13023.5,13009.95,13011.2,133030.0,78676.0,1522,1731634797.2000024,-0.0006761117685873545,13017.188000000002,0.007567573865336266,0.004845931559438402,0.992432426134664,0.9951540684405598
2020-02-03 08:28:34.709000+00:00,33,51748,13011.45,13023.7,13001.15,13020.75,110892.0,50832.0,1522,1442774411.35,0.0007337137961946352,13018.356000000003,0.5572138839404159,0.4448406350917521,0.442786116059584,0.5551593649082464
2020-02-03 08:32:22.030000+00:00,34,53270,13020.9,13025.25,13012.4,13016.4,111933.0,56923.0,1522,1457226982.2999973,-0.00033413795599537984,13018.418000000005,0.0055814868804628616,0.018122387259072396,0.9944185131195376,0.981877612740926
2020-02-03 08:35:50.127000+00:00,35,54792,13015.95,13018.95,12998.2,13001.75,119054.0,68183.0,1522,1548639520.7500007,-0.0011261370657207395,13018.038000000006,0.0010246773074022379,0.0004066880251882487,0.9989753226925979,0.9995933119748102
2020-02-03 08:39:21.311000+00:00,36,56314,13001.45,13019.95,12999.2,13019.45,129296.0,81221.0,1522,1681928012.099988,0.0013604293983276994,13018.706000000006,0.9698806067127071,0.8551433390849569,0.03011939328729308,0.1448566609150413
2020-02-03 08:42:59.550000+00:00,37,57836,13019.7,13036.15,13019.45,13035.7,99691.0,36614.0,1522,1298763358.6999993,0.0012473543316341182,13019.594000000006,0.6195789885871288,0.8258776686135589,0.3804210114128713,0.1741223313864394
2020-02-03 08:47:55.653000+00:00,38,59358,13035.5,13039.9,13020.2,13025.45,103737.0,32138.0,1522,1351768353.3000007,-0.0007866115293087098,13019.670000000007,0.001381931023654923,0.00031982339076787976,0.9986180689763453,0.9996801766092305
2020-02-03 08:51:12.769000+00:00,39,60880,13025.4,13048.45,13025.4,13042.45,108711.0,50408.0,1522,1417485267.0499995,0.001304286299240031,13020.776000000007,0.9694476203108628,0.96943378663859,0.030552379689136586,0.03056621336140829
2020-02-03 08:53:57.579000+00:00,40,62402,13042.5,13054.65,13039.75,13043.45,112240.0,54136.0,1522,1464516285.1499994,7.666977182988365e-05,13022.812000000009,0.009188125774011874,0.016073274927749154,0.990811874225988,0.9839267250722491
2020-02-03 08:57:51.370000+00:00,41,63924,13043.5,13047.5,13033.45,13033.95,109550.0,50150.0,1522,1428644725.0,-0.0007286002761213452,13024.54600000001,0.004454899989468909,0.00485158839104955,0.995545100010531,0.9951484116089486
2020-02-03 09:01:52.692000+00:00,42,65446,13033.75,13043.2,13029.2,13032.4,109973.0,51751.0,1522,1433460044.3000016,-0.00011892727611101416,13025.41000000001,0.05043199531013491,0.04543083521741494,0.9495680046898655,0.9545691647825835
2020-02-03 09:05:51.034000+00:00,43,66968,13032.45,13036.45,13024.2,13029.45,111645.0,53232.0,1522,1454663513.5999987,-0.00022638454389059393,13026.254000000014,0.014418253147405061,0.024590808696050636,0.9855817468525946,0.9754091913039477
2020-02-03 09:09:43.617000+00:00,44,68490,13029.5,13032.4,13012.45,13022.0,104816.0,61632.0,1522,1365009273.749994,-0.0005719451472443138,13026.524000000012,0.007161704098610017,0.0038389761895282733,0.9928382959013898,0.9961610238104699
2020-02-03 09:14:54.672000+00:00,45,70012,13022.25,13041.65,13017.7,13033.2,100100.0,46262.0,1522,1304206959.099999,0.0008597132771834419,13026.990000000014,0.7686315379257838,0.7402663754346832,0.2313684620742165,0.2597336245653153
2020-02-03 09:20:14.081000+00:00,46,71534,13033.4,13041.45,13031.9,13036.8,107503.0,47502.0,1522,1401555314.2500002,0.0002761795184413037,13027.462000000014,0.051714259665821646,0.08131349772603999,0.9482857403341785,0.9186865022739585
2020-02-03 09:26:37.575000+00:00,47,73056,13036.65,13038.2,13024.7,13028.4,114296.0,51550.0,1522,1489330453.75,-0.0006445375666252353,13027.408000000014,0.004661024083944137,0.0046733555741263165,0.9953389759160556,0.9953266444258724
2020-02-03 09:32:53.574000+00:00,48,74578,13028.65,13033.25,13018.45,13023.0,85222.0,51786.0,1522,1110050028.3499992,-0.00041456505810351087,13027.416000000016,0.01655001355074028,0.026346842057336874,0.98344998644926,0.9736531579426617
2020-02-03 09:39:35.189000+00:00,49,76100,13022.75,13027.0,13013.7,13016.3,137448.0,87780.0,1522,1789559878.6999984,-0.0005146067788196361,13026.300000000014,0.005068430526734127,0.005344916600040028,0.9949315694732663,0.9946550833999583
2020-02-03 09:46:43.005000+00:00,50,77622,13016.45,13022.7,13010.45,13012.45,135991.0,86547.0,1522,1770040921.1000085,-0.000295826732215413,13025.160000000014,0.02225489141733884,0.033474093613792784,0.9777451085826612,0.9665259063862056
2020-02-03 09:53:43.719000+00:00,51,79144,13012.5,13022.0,13003.45,13005.5,137182.0,86662.0,1522,1785442873.0000038,-0.0005342465617241581,13024.044000000013,0.006439537151334918,0.004320425964116826,0.9935604628486648,0.9956795740358816
2020-02-03 10:00:22.345000+00:00,52,80666,13005.65,13015.5,13000.45,13000.75,135566.0,86497.0,1522,1763615172.250002,-0.0003652968077151093,13022.878000000012,0.01791881522314759,0.05166142981791399,0.9820811847768528,0.9483385701820843
2020-02-03 10:05:07.334000+00:00,53,82188,13000.45,13002.7,12988.95,12992.2,133106.0,83624.0,1522,1729787695.6999931,-0.0006578707155874988,13021.926000000012,0.003758824172578554,0.0004858728561341328,0.9962411758274218,0.9995141271438641
2020-02-03 10:12:46.726000+00:00,54,83710,12992.25,13013.2,12991.95,13012.0,136200.0,91436.0,1522,1771040127.8499997,0.0015228312216005707,13021.806000000013,0.9851429785789901,0.9921219790215827,0.014857021421009997,0.007878020978415478
2020-02-03 10:19:54.331000+00:00,55,85232,13011.45,13017.5,13005.45,13006.5,137257.0,86305.0,1522,1785964067.8000004,-0.00042277610791725015,13020.860000000011,0.001477914767744171,0.0023016928095179823,0.9985220852322563,0.9976983071904801
2020-02-03 10:27:22.078000+00:00,56,86754,13006.7,13013.75,13000.95,13005.25,136403.0,86729.0,1522,1774111484.2000093,-9.611041171490886e-05,13020.270000000011,0.09506709798208046,0.03493677418127696,0.9049329020179193,0.9650632258187211
2020-02-03 10:34:23.719000+00:00,57,88276,13005.3,13023.4,13003.45,13013.75,132770.0,86162.0,1522,1727753220.599997,0.0006533687153527239,13020.37200000001,0.4188244312694964,0.5523773344282228,0.5811755687305038,0.4476226655717755
2020-02-03 10:43:08.119000+00:00,58,89798,13013.95,13018.0,13000.2,13003.5,138678.0,88019.0,1522,1804038850.800005,-0.0007879388121579296,13019.682000000012,0.001081039615892094,0.0008047389257633323,0.998918960384108,0.999195261074235
2020-02-03 10:51:49.764000+00:00,59,91320,13003.25,13013.7,12997.95,13005.5,136263.0,86462.0,1522,1772079223.7999785,0.00015379291813924582,13019.24600000001,0.18680968197745476,0.36436793394324457,0.813190318022545,0.6356320660567538
2020-02-03 11:00:43.550000+00:00,60,92842,13005.55,13010.4,13000.95,13008.95,133488.0,87829.0,1522,1736074140.2500148,0.00026523720626232263,13019.53400000001,0.09397949602588518,0.008483903971239975,0.9060205039741148,0.9915160960287583
2020-02-03 11:08:15.263000+00:00,61,94364,13009.0,13026.2,13007.95,13026.2,137253.0,91370.0,1522,1786819400.000003,0.0013251317948399276,13019.804000000011,0.9568002525124415,0.9851966987051426,0.04319974748755856,0.014803301294855782
2020-02-03 11:17:18.478000+00:00,62,95886,13026.0,13026.5,13008.45,13008.45,136399.0,87110.0,1522,1775893537.0499866,-0.001363567610875481,13018.71400000001,4.851818170898869e-05,3.2544362552638714e-05,0.9999514818182912,0.999967455637446
2020-02-03 11:27:57.201000+00:00,63,97408,13008.5,13015.0,13005.95,13007.5,134197.0,85593.0,1522,1745943886.1000032,-7.303212071235709e-05,13017.99600000001,0.104721649851539,0.17117544400953993,0.8952783501484612,0.8288245559904589
2020-02-03 11:36:38.303000+00:00,64,98930,13007.75,13010.25,13001.45,13003.45,126160.0,81345.0,1522,1640748176.4000154,-0.00031140731366808617,13016.43600000001,0.005969531078757817,0.003825230452439077,0.9940304689212427,0.9961747695475599
2020-02-03 11:49:26.105000+00:00,65,100452,13003.5,13010.75,13000.25,13008.25,123594.0,82863.0,1522,1607478635.2000039,0.0003690646943093716,13015.02800000001,0.3774797734494455,0.4323463027129828,0.622520226550554,0.5676536972870162
2020-02-03 12:03:02.243000+00:00,66,101974,13007.95,13016.0,13003.7,13007.7,118214.0,72575.0,1522,1537970686.64999,-4.228175408405331e-05,13013.97800000001,0.03329888095189616,0.03350418268698353,0.9667011190481041,0.9664958173130156
2020-02-03 12:17:57.528000+00:00,67,103496,13007.75,13013.2,13000.15,13005.5,104964.0,39876.0,1522,1365115936.5499928,-0.0001691448960717129,13012.90200000001,0.03880155723138508,0.04747000062065803,0.9611984427686149,0.9525299993793411
2020-02-03 12:29:39.064000+00:00,68,105018,13005.3,13005.3,12989.2,13002.0,132545.0,81877.0,1522,1722506280.7499912,-0.00026915313052997827,13011.80400000001,0.023846564317533098,0.03065538583463311,0.9761534356824668,0.9693446141653661
2020-02-03 12:46:24.407000+00:00,69,106540,13002.05,13006.5,12996.7,13001.9,111860.0,50171.0,1522,1454478363.65,-7.691154019281942e-06,13011.00000000001,0.06793564873723255,0.043322865742782456,0.9320643512627677,0.9566771342572168
2020-02-03 13:01:51.834000+00:00,70,108062,13001.7,13010.9,12995.9,13009.65,96832.0,31467.0,1522,1259020053.7000005,0.0005958891514980258,13010.05800000001,0.4612629123926357,0.43618746481635967,0.5387370876073645,0.5638125351836399
2020-02-03 13:15:24.701000+00:00,71,109584,13009.9,13018.2,13001.15,13014.45,102423.0,34755.0,1522,1332335023.000001,0.00036888884183748215,13009.164000000012,0.17123199844546133,0.2683278504223891,0.8287680015545384,0.7316721495776102
2020-02-03 13:23:31.341000+00:00,72,111106,13014.25,13023.25,13013.45,13016.4,102339.0,42348.0,1522,1332281516.0999994,0.0001498222304417085,13008.68400000001,0.10962049526864295,0.02239741786517975,0.8903795047313569,0.9776025821348195
2020-02-03 13:29:36.929000+00:00,73,112628,13016.45,13035.4,13011.45,13028.9,111551.0,56701.0,1522,1452840491.4500024,0.000959866153181725,13008.920000000011,0.8090887630690119,0.8651340447332296,0.19091123693098835,0.1348659552667696
2020-02-03 13:39:38.641000+00:00,74,114150,13029.15,13030.4,13014.65,13015.9,100992.0,30383.0,1522,1315243341.2999995,-0.0009982799698680044,13008.904000000013,0.00025762928117239173,0.0006008549910032972,0.999742370718828,0.999399145008996
2020-02-03 13:49:07.987000+00:00,75,115672,13015.7,13016.9,13004.25,13006.25,124419.0,65975.0,1522,1618786731.85,-0.0007416758755412791,13008.656000000012,0.005237122834887584,0.002148269039377764,0.9947628771651125,0.9978517309606216
2020-02-03 13:58:01.110000+00:00,76,117194,13006.5,13018.5,13005.45,13016.4,127663.0,78737.0,1522,1660959869.299992,0.000780089692227558,13009.092000000013,0.6164022912871957,0.6777407288301688,0.3835977087128041,0.32225927116983044
2020-02-03 14:07:44.530000+00:00,77,118716,13015.95,13016.4,13006.2,13010.25,135309.0,84998.0,1522,1760386159.999997,-0.0004725925245441746,13009.472000000014,0.0030407541097572537,0.0043868550750958465,0.9969592458902428,0.9956131449249035
2020-02-03 14:19:26.519000+00:00,78,120238,13010.5,13013.25,13000.45,13000.7,124924.0,68730.0,1522,1624752405.6999993,-0.0007343061617601237,13009.812000000013,0.006270802553027248,0.00914863077168595,0.9937291974469731,0.9908513692283134
2020-02-03 14:28:48.343000+00:00,79,121760,13000.75,13005.0,12996.45,12997.5,139729.0,89930.0,1522,1816540106.999997,-0.00024617088999703027,13009.232000000013,0.02697541938161758,0.008128813092167217,0.973024580618382,0.9918711869078319
2020-02-03 14:31:18.209000+00:00,80,123282,12997.25,13010.4,12994.45,13007.65,125402.0,69331.0,1522,1630485981.9000196,0.0007806146486688398,13009.278000000015,0.6478442076336239,0.7674344849189688,0.35215579236637645,0.23256551508103038
2020-02-03 14:33:40.275000+00:00,81,124804,13007.4,13010.4,12999.2,13004.65,101556.0,37730.0,1522,1320699178.649999,-0.00023066011181643409,13009.254000000015,0.011041317928226576,0.008398943935436456,0.9889586820717737,0.9916010560645628
2020-02-03 14:35:20.276000+00:00,82,126326,13004.25,13011.95,13001.75,13011.2,115250.0,57250.0,1522,1498947742.5,0.0005035391992495902,13009.152000000016,0.4669907235203758,0.2088368447143913,0.5330092764796244,0.7911631552856079
2020-02-03 14:37:39.824000+00:00,83,127848,13011.4,13025.9,13011.2,13022.9,109950.0,51150.0,1522,1431333100.0,0.0008988212219882928,13009.928000000016,0.6339631918623261,0.7450339760092974,0.36603680813767403,0.254966023990702
2020-02-03 14:41:35.112000+00:00,84,129370,13023.15,13027.9,13018.7,13021.2,97810.0,35506.0,1522,1273733662.0,-0.00013054780179878276,13010.556000000017,0.018111059314383234,0.004977950238180366,0.9818889406856173,0.9950220497618192
2020-02-03 14:46:21.469000+00:00,85,130892,13020.95,13041.9,13017.65,13038.7,97706.0,36153.0,1522,1272903920.7500005,0.0013430598452453535,13011.746000000017,0.9607485420340989,0.9518378469186839,0.03925145796590091,0.04816215308131573
2020-02-03 14:49:15.187000+00:00,86,132414,13038.6,13050.15,13035.65,13046.2,99786.0,34339.0,1522,1301587107.0000002,0.0005750453485864935,13012.546000000017,0.12352784881625031,0.11522796315029406,0.8764721511837494,0.8847720368497055
2020-02-03 14:52:58.467000+00:00,87,133936,13046.15,13050.65,13042.65,13048.65,97505.0,31025.0,1522,1272040241.25,0.0001877765158410754,13014.154000000017,0.1297291453515265,0.20408942750656114,0.8702708546484742,0.7959105724934381
2020-02-03 14:56:15.504000+00:00,88,135458,13048.45,13055.15,13047.9,13051.65,94650.0,31816.0,1522,1235350003.300001,0.000229882416156907,13015.920000000018,0.15594452511293047,0.026236189460493647,0.8440554748870699,0.9737638105395057
2020-02-03 15:00:07.733000+00:00,89,136980,13051.4,13080.9,13049.4,13070.65,103376.0,36194.0,1522,1349916282.700001,0.001454696052840307,13018.608000000018,0.9615490520699912,0.976583899894581,0.038450947930008195,0.023416100105418194
2020-02-03 15:01:29.209000+00:00,90,138502,13070.45,13073.65,13062.05,13063.4,110350.0,38600.0,1522,1441978330.0,-0.0005548317375979266,13020.81400000002,0.0012813712872768983,0.0027931900501397123,0.9987186287127234,0.9972068099498596
2020-02-03 15:02:56.159000+00:00,91,140024,13063.65,13064.65,13056.45,13060.15,102457.0,35216.0,1522,1338132018.3999975,-0.0002488176390090587,13022.91200000002,0.03673739759179652,0.005465301346981917,0.9632626024082038,0.9945346986530174
2020-02-03 15:04:38.798000+00:00,92,141546,13060.2,13080.4,13059.95,13075.9,103752.0,36821.0,1522,1356254126.3000011,0.001205231999978261,13025.728000000021,0.8839628415522736,0.9433438235536588,0.11603715844772579,0.05665617644634067
2020-02-03 15:05:27.047000+00:00,93,143068,13075.6,13077.95,13049.9,13061.45,125350.0,52700.0,1522,1637119870.0,-0.0011056975150252981,13028.106000000022,0.00012633734022744482,0.00015319363609176515,0.9998736626597727,0.9998468063639075
2020-02-03 15:06:15.184000+00:00,94,144590,13061.9,13065.15,13055.4,13055.9,113750.0,40400.0,1522,1485634720.0,-0.0004250048403487642,13030.266000000021,0.02328234788991687,0.02444391170160555,0.9767176521100834,0.9755560882983937
2020-02-03 15:07:31.484000+00:00,95,146112,13056.4,13060.95,13051.2,13056.95,105560.0,35735.0,1522,1378293448.25,8.042017631687921e-05,13032.158000000021,0.04473193055606351,0.07844010660858929,0.9552680694439365,0.9215598933914098
2020-02-03 15:09:30.724000+00:00,96,147634,13056.9,13063.2,13053.7,13054.65,104374.0,34069.0,1522,1362883419.35,-0.00017616691477727358,13033.766000000021,0.029158063096089808,0.00587767943623611,0.9708419369039104,0.9941223205637629
2020-02-03 15:11:08.704000+00:00,97,149156,13054.7,13065.9,13054.7,13064.7,108400.0,52450.0,1522,1415880152.5,0.0007695444561955843,13035.698000000022,0.6946814918116365,0.865307078324308,0.305318508188363,0.1346929216756913
2020-02-03 15:12:54.611000+00:00,98,150678,13064.75,13066.2,13051.65,13052.15,108104.0,47902.0,1522,1411737593.5500002,-0.000961065439819998,13036.62800000002,0.0002987122683943301,6.222858866425521e-05,0.9997012877316057,0.9999377714113348
2020-02-03 15:14:45.078000+00:00,99,152200,13051.9,13060.95,13051.7,13060.2,107950.0,51800.0,1522,1409584200.0,0.0006165665101013406,13038.400000000021,0.5836074120508004,0.769285005223193,0.4163925879491996,0.230714994776806
2020-02-03 15:16:38.192000+00:00,100,153722,13060.0,13062.45,13048.7,13050.7,111000.0,50150.0,1522,1449319135.0,-0.0007276654898288115,13040.178000000022,0.0005997552352582072,0.0001483769652056515,0.999400244764742,0.9998516230347934
2020-02-03 15:18:56.377000+00:00,101,155244,13050.75,13064.4,13048.25,13063.15,108652.0,54552.0,1522,1418668391.3000002,0.0009535170756734359,13042.04800000002,0.8694864285735997,0.8999499637257637,0.1305135714264,0.10005003627423537
2020-02-03 15:21:34.525000+00:00,102,156766,13063.2,13065.45,13057.9,13061.5,107214.0,50610.0,1522,1400468300.8,-0.0001263174819332025,13044.098000000022,0.006972768067438295,0.006362664565659244,0.9930272319325617,0.99363733543434
2020-02-03 15:24:35.083000+00:00,103,158288,13061.45,13064.45,13055.7,13061.95,113150.0,55550.0,1522,1477682327.5,3.445180479958183e-05,13046.54800000002,0.08557397832864445,0.11404417060651888,0.9144260216713554,0.8859558293934804
2020-02-03 15:27:33.173000+00:00,104,159810,13061.75,13072.15,13055.2,13063.45,110077.0,52877.0,1522,1438401116.25,0.00011483077783667908,13049.186000000022,0.06980648615902338,0.04134442403978415,0.9301935138409764,0.9586555759602151
2020-02-03 15:29:54.252000+00:00,105,161332,13063.25,13078.95,13062.75,13073.9,105849.0,51495.0,1522,1383872017.65,0.0007996220394804501,13051.836000000021,0.6003019683439035,0.5624145195492779,0.3996980316560963,0.4375854804507213
2020-02-03 15:32:44.507000+00:00,106,162854,13073.95,13075.95,13068.95,13071.9,107943.0,52447.0,1522,1411022380.7,-0.0001529882431519027,13054.526000000022,0.012657470152666647,0.025510139506037706,0.9873425298473335,0.9744898604939616
2020-02-03 15:35:45.879000+00:00,107,164376,13071.7,13073.95,13060.45,13062.2,104800.0,46100.0,1522,1369280387.5,-0.0007423251954670574,13056.566000000023,0.002526521442962555,0.0022844622672687966,0.9974734785570377,0.9977155377327306
2020-02-03 15:39:20.608000+00:00,108,165898,13062.05,13066.0,13059.2,13060.75,105350.0,50300.0,1522,1376193905.0,-0.00011101349590994497,13058.080000000022,0.03467209013706842,0.03001200025432252,0.9653279098629314,0.9699879997456767
2020-02-03 15:43:11.865000+00:00,109,167420,13060.7,13063.25,13048.2,13052.5,120019.0,63949.0,1522,1567005145.4499936,-0.0006318631556381923,13059.33200000002,0.002071466110018307,0.0033072743642365014,0.9979285338899819,0.9966927256357629
2020-02-03 15:47:54.197000+00:00,110,168942,13052.25,13052.75,13040.45,13040.95,133898.0,83918.0,1522,1747038425.3999848,-0.0008852796969606719,13059.42200000002,0.0017601752963793927,0.0017357199344039894,0.9982398247036206,0.9982642800655956
2020-02-03 15:52:35.192000+00:00,111,170464,13041.0,13046.5,13036.95,13045.0,137060.0,87114.0,1522,1787482901.600001,0.00031051198308220486,13059.37400000002,0.17283947063487246,0.17654786183220972,0.8271605293651271,0.8234521381677898
2020-02-03 15:57:28.455000+00:00,112,171986,13045.2,13053.0,13043.7,13050.95,137219.0,88675.0,1522,1790518941.8000164,0.00045600946530829266,13059.46600000002,0.1646462021564196,0.07245939991732586,0.8353537978435803,0.9275406000826738
2020-02-03 16:02:03.701000+00:00,113,173508,13050.7,13062.5,13050.25,13059.5,118795.0,79353.0,1522,1550981356.400006,0.0006549102221981249,13059.780000000019,0.4917519544971734,0.6502702313968486,0.5082480455028267,0.34972976860315097
2020-02-03 16:06:54.949000+00:00,114,175030,13059.25,13060.75,13051.45,13055.45,115128.0,75016.0,1522,1503138266.250017,-0.00031016716727146326,13059.172000000019,0.008456640983714778,0.004815897562353061,0.9915433590162857,0.9951841024376464
2020-02-03 16:11:54.595000+00:00,115,176552,13055.5,13065.7,13055.45,13061.8,116196.0,75371.0,1522,1517799651.9499874,0.00048626866344080255,13059.108000000017,0.2927774807058115,0.29105430969743146,0.7072225192941886,0.7089456903025683
2020-02-03 16:15:41.216000+00:00,116,178074,13061.95,13062.75,13047.95,13056.25,140852.0,87802.0,1522,1838947912.4499927,-0.0004249934496286188,13058.952000000016,0.003940304840573195,0.0058059782516206,0.9960596951594267,0.9941940217483791
2020-02-03 16:19:13.134000+00:00,117,179596,13056.45,13057.0,13044.2,13048.0,127194.0,74262.0,1522,1659803187.749995,-0.0006320810040261082,13057.836000000016,0.005141154937696282,0.006006222688646581,0.9948588450623035,0.9939937773113533
2020-02-03 16:22:55.237000+00:00,118,181118,13047.75,13054.25,13046.7,13048.75,135160.0,87879.0,1522,1763963668.6499894,5.747842165829512e-05,13057.328000000014,0.058161837190613665,0.06106663454724206,0.9418381628093867,0.9389333654527576
2020-02-03 16:26:39.700000+00:00,119,182640,13048.45,13053.5,13045.75,13049.5,143150.0,91850.0,1522,1868150402.5,5.747511807936554e-05,13057.072000000013,0.0436578090957839,0.03745397251501624,0.9563421909042157,0.9625460274849834
2020-02-03 16:29:59.990000+00:00,120,184162,13049.25,13050.5,13043.2,13044.25,143550.0,88850.0,1522,1872905210.0,-0.00040239521501051785,13056.564000000013,0.01063253920005978,0.020418596799076937,0.9893674607999405,0.9795814032009225
2020-02-03 16:33:00.911000+00:00,121,185684,13043.95,13046.7,13031.2,13035.5,134768.0,81565.0,1522,1757332210.2999995,-0.0006710187274279022,13055.798000000012,0.0034370805842207147,0.0013227388284328002,0.9965629194157792,0.9986772611715666
2020-02-03 16:35:10.958000+00:00,122,187206,13035.7,13050.75,13030.2,13044.25,118391.0,73466.0,1522,1543907691.9000168,0.000671018727427814,13054.980000000012,0.49133515515547094,0.6429969548175654,0.5086648448445295,0.35700304518243386
2020-02-03 16:38:43.047000+00:00,123,188728,13043.95,13045.0,13034.2,13038.7,93616.0,59558.0,1522,1220642692.2999866,-0.000425565366169101,13054.442000000012,0.003018211257973337,0.0020615639216883903,0.9969817887420265,0.9979384360783109
2020-02-03 16:42:12.273000+00:00,124,190250,13038.9,13042.25,13032.2,13037.45,90213.0,57771.0,1522,1176213770.1999867,-9.587304881723161e-05,13053.532000000012,0.057008553676528816,0.09255358554420572,0.9429914463234716,0.9074464144557935
2020-02-03 16:44:29.841000+00:00,125,191772,13037.5,13037.5,13025.2,13030.45,87120.0,55879.0,1522,1135255790.9999864,-0.0005370590011663966,13052.72200000001,0.0038819891930684507,0.002667361787362091,0.9961180108069314,0.9973326382126372
2020-02-03 16:47:59.324000+00:00,126,193294,13030.5,13036.0,13028.25,13029.25,83650.0,54017.0,1522,1090156191.4499912,-9.209622527113132e-05,13051.36600000001,0.04620484433427528,0.06972717816980234,0.9537951556657246,0.930272821830197
2020-02-03 16:52:02.189000+00:00,127,194816,13028.95,13032.5,13021.45,13022.5,83832.0,54742.0,1522,1092105453.2000108,-0.0005181993648064759,13049.80600000001,0.004307710121662646,0.0021506081250532213,0.9956922898783378,0.9978493918749461
2020-02-03 16:56:44.261000+00:00,128,196338,13022.25,13032.2,13020.95,13031.95,73897.0,45113.0,1522,962586791.2500052,0.0007254039455365374,13048.60600000001,0.6402284310635233,0.7209334618369037,0.3597715689364765,0.2790665381630957
2020-02-03 17:01:37.543000+00:00,129,197860,13031.75,13037.0,13030.9,13034.2,74664.0,40681.0,1522,973189216.7500046,0.00017263769337526054,13047.43600000001,0.0381125263317994,0.019036252952613197,0.9618874736682002,0.9809637470473863
2020-02-03 17:07:24.227000+00:00,130,199382,13034.25,13040.25,13029.7,13033.95,79080.0,41968.0,1522,1030820997.5000033,-1.9180494205216467e-05,13045.83800000001,0.05630521697071041,0.10883327643657736,0.9436947830292896,0.891166723563422
2020-02-03 17:12:00.993000+00:00,131,200904,13034.15,13034.45,13021.7,13023.15,80612.0,47770.0,1522,1050150043.5000004,-0.0008289487792917219,13043.88800000001,0.0016625448518952754,0.0011484750056388058,0.9983374551481049,0.9988515249943605
2020-02-03 17:17:03.771000+00:00,132,202426,13023.2,13038.0,13023.2,13034.25,80345.0,54732.0,1522,1046912904.8500113,0.0008519653281914241,13042.77000000001,0.7456319951765623,0.5774738120736219,0.2543680048234384,0.42252618792637736
2020-02-03 17:23:40.235000+00:00,133,203948,13034.3,13045.5,13034.25,13042.8,76755.0,51973.0,1522,1000900007.6999998,0.0006557490441886197,13042.052000000009,0.18441533103820995,0.3005892068378983,0.8155846689617902,0.6994107931621008
2020-02-03 17:33:41.171000+00:00,134,205470,13042.95,13045.95,13032.15,13032.9,68952.0,37531.0,1522,899116540.4500008,-0.0007593276863652186,13041.26800000001,0.0021617688103412413,0.0007694001437967246,0.997838231189659,0.9992305998562026
2020-02-03 17:42:03.871000+00:00,135,206992,13033.15,13043.2,13032.45,13042.0,68616.0,48622.0,1522,894514061.0499938,0.0006979892823713504,13041.310000000009,0.6573176083562517,0.7865356215654284,0.3426823916437478,0.21346437843457045
2020-02-03 17:51:20.573000+00:00,136,208514,13042.2,13046.7,13035.7,13042.75,65067.0,45296.0,1522,848599433.2500025,5.7504863968942325e-05,13041.220000000008,0.016337189294521985,0.010246282973514449,0.9836628107054786,0.9897537170264845
2020-02-03 17:59:25.668000+00:00,137,210036,13042.95,13049.5,13041.4,13048.7,67014.0,39954.0,1522,874281856.3999969,0.0004560881133967583,13041.13000000001,0.34077181304229587,0.28682479791056553,0.6592281869577045,0.7131752020894333
2020-02-03 18:07:26.893000+00:00,138,211558,13048.75,13048.75,13040.7,13041.5,60348.0,41600.0,1522,787275013.5500069,-0.0005519313905434208,13040.410000000009,0.003448079358540552,0.0076964367760845,0.9965519206414596,0.9923035632239143
2020-02-03 18:15:15.315000+00:00,139,213080,13041.7,13042.45,13026.7,13028.2,60144.0,40186.0,1522,783989740.7000049,-0.0010203417111729076,13039.320000000009,0.0010270779639922677,0.0008486520083965434,0.9989729220360078,0.9991513479916023
2020-02-03 18:20:18.186000+00:00,140,214602,13028.25,13034.5,13025.55,13031.75,60556.0,41043.0,1522,789018573.7000043,0.00027244872088844123,13038.11800000001,0.17238759795712982,0.18734509602392493,0.8276124020428706,0.8126549039760741
2020-02-03 18:28:51.321000+00:00,141,216124,13032.0,13036.5,13031.45,13032.95,59642.0,41832.0,1522,777366690.699993,9.207855842181143e-05,13037.18600000001,0.04101499940709777,0.05506764676887209,0.9589850005929024,0.9449323532311271
2020-02-03 18:34:06.008000+00:00,142,217646,13033.0,13035.0,13026.15,13031.5,60635.0,37810.0,1522,790104598.3500036,-0.00011126265864013747,13036.52600000001,0.05322646424292128,0.03359313550153499,0.9467735357570787,0.9664068644984644
2020-02-03 18:42:37.012000+00:00,143,219168,13031.7,13041.75,13031.2,13035.2,54055.0,38198.0,1522,704706574.5000063,0.0002838871069104328,13035.984000000011,0.17852507838422213,0.2773272105387588,0.8214749216157778,0.7226727894612404
2020-02-03 18:52:04.566000+00:00,144,220690,13035.4,13037.85,13029.4,13030.15,51292.0,36154.0,1522,668549297.0999963,-0.0003874876081225388,13035.210000000012,0.0073507159336090675,0.004168672630492302,0.9926492840663912,0.9958313273695067
2020-02-03 19:02:22.892000+00:00,145,222212,13029.95,13039.7,13028.9,13033.75,55635.0,34328.0,1522,725219929.5500014,0.00027624415554802084,13034.790000000012,0.20849852383591022,0.3343131444524819,0.7915014761640897,0.6656868555475174
2020-02-03 19:12:00.127000+00:00,146,223734,13033.55,13038.0,13028.45,13028.95,57720.0,36830.0,1522,752230640.8999977,-0.00036834250129646036,13034.528000000013,0.0069795583131610555,0.0019006224036940368,0.9930204416868393,0.9980993775963053
2020-02-03 19:21:07.578000+00:00,147,225256,13029.0,13036.75,13026.45,13035.75,132643.0,85459.0,1522,1728363959.7000074,0.000521778509192506,13034.188000000013,0.4446575600480003,0.6117639380330329,0.5553424399519995,0.3882360619669665
2020-02-03 19:33:19.423000+00:00,148,226778,13035.9,13036.75,13026.4,13027.2,106399.0,67340.0,1522,1386536310.6000063,-0.0006561038030392791,13033.728000000012,0.001510119363263643,0.001411385284249232,0.9984898806367364,0.99858861471575
2020-02-03 19:42:15.262000+00:00,149,228300,13026.9,13032.25,13022.55,13031.95,68662.0,43647.0,1522,894449250.4000069,0.00036455525622343897,13033.508000000013,0.3151976305802754,0.18037999061714807,0.6848023694197245,0.8196200093828513
2020-02-03 19:52:08.287000+00:00,150,229822,13032.0,13042.5,13031.45,13041.45,62335.0,42358.0,1522,812665065.4500036,0.0007287120529269556,13033.948000000011,0.40069158653954884,0.47595555232354136,0.5993084134604508,0.524044447676458
2020-02-03 20:03:01.720000+00:00,151,231344,13041.5,13041.75,13034.25,13037.0,54763.0,37752.0,1522,713949219.4500023,-0.00034127795503121315,13034.258000000013,0.009904455755127621,0.010375046626459428,0.9900955442448718,0.9896249533735397
2020-02-03 20:11:57.537000+00:00,152,232866,13037.2,13043.25,13035.45,13038.5,57217.0,38448.0,1522,746104513.5999982,0.00011505052648313755,13034.898000000012,0.11899586308040963,0.13238349233694457,0.8810041369195906,0.8676165076630545
2020-02-03 20:23:20.147000+00:00,153,234388,13038.25,13046.5,13034.95,13046.3,56855.0,40425.0,1522,741354059.5,0.0005980494565785492,13035.47200000001,0.33485749239592294,0.30157815641903085,0.6651425076040769,0.6984218435809684
2020-02-03 20:31:27.322000+00:00,154,235910,13046.45,13053.15,13043.25,13051.2,61253.0,36150.0,1522,799227263.9000034,0.000375514900475644,13036.152000000011,0.1716987286750103,0.13516472209550576,0.8283012713249899,0.8648352779044934
2020-02-03 20:40:12.330000+00:00,155,237432,13051.15,13054.7,13042.9,13043.2,69852.0,27980.0,1522,911553114.4000015,-0.0006131583980196987,13036.522000000012,0.003921695621514104,0.004500602362667843,0.996078304378486,0.9954993976373313
2020-02-03 20:48:56.684000+00:00,156,238954,13043.4,13045.9,13028.65,13029.0,70609.0,28050.0,1522,920631140.8500053,-0.0010892829453648305,13036.75600000001,0.0007635980779032917,0.0014963245695399918,0.9992364019220967,0.9985036754304591
2020-02-03 20:55:09.975000+00:00,157,240476,13028.75,13029.2,13020.45,13028.2,55058.0,37528.0,1522,717098315.0500059,-6.140337413462734e-05,13036.51400000001,0.04550572725088662,0.010618134111086926,0.9544942727491131,0.9893818658889123
2020-02-04 01:33:32.278000+00:00,158,241998,13028.25,13059.9,13022.95,13056.95,51348.0,32818.0,1522,669462994.9499952,0.002204320208349883,13037.08000000001,0.9981000629047571,0.9963641685640294,0.0018999370952429357,0.0036358314359698288
2020-02-04 01:42:23.549000+00:00,159,243520,13057.45,13079.2,13052.6,13071.5,46452.0,23494.0,1522,607041169.9000031,0.0011137286370967543,13038.62400000001,0.6085017862012919,0.6013430838247839,0.39149821379870814,0.39865691617521537
2020-02-04 01:55:26.264000+00:00,160,245042,13071.55,13078.4,13066.0,13072.45,51225.0,25440.0,1522,669595132.0,7.267455762572316e-05,13039.842000000011,0.0640604608584478,0.08237870543752548,0.9359395391415519,0.9176212945624739
2020-02-04 02:12:01.223000+00:00,161,246564,13072.4,13081.2,13066.15,13070.45,50240.0,25000.0,1522,656789164.5,-0.0001530052139511347,13040.950000000012,0.023591342301357905,0.019576373974139333,0.9764086576986416,0.9804236260258601
2020-02-04 02:31:31.446000+00:00,162,248086,13070.25,13074.65,13058.2,13069.45,52490.0,25755.0,1522,685926594.25,-7.651138684441857e-05,13041.780000000012,0.03275342029916404,0.024427188240999438,0.9672465797008359,0.9755728117589999
2020-02-04 02:49:45.380000+00:00,163,249608,13069.65,13078.95,13059.75,13064.0,54775.0,28050.0,1522,715857350.0,-0.0004170899807725379,13042.680000000011,0.008067189708231073,0.022024155872019325,0.9919328102917688,0.9779758441279799
2020-02-04 03:10:24.573000+00:00,164,251130,13064.2,13072.7,13057.9,13062.15,56675.0,25625.0,1522,740519461.25,-0.0001416205604800416,13044.038000000011,0.03527134494934446,0.005396861134863697,0.9647286550506552,0.9946031388651358
2020-02-04 03:37:44.400000+00:00,165,252652,13062.45,13097.9,13061.15,13093.15,59760.0,20059.0,1522,781648418.0000002,0.0023704575757821987,13046.494000000013,0.9992329381130146,0.9994926115473741,0.000767061886985765,0.0005073884526253418
2020-02-04 04:07:19.719000+00:00,166,254174,13093.65,13106.45,13090.9,13094.65,61000.0,20250.0,1522,798971350.0,0.00011455716032965413,13048.962000000014,0.013226151048796698,0.003680371375540135,0.9867738489512033,0.9963196286244593
2020-02-04 04:39:25.021000+00:00,167,255696,13094.95,13111.7,13089.9,13103.2,60550.0,20275.0,1522,793222187.5,0.0006527253422369262,13051.830000000014,0.682649438344265,0.7744376365344909,0.3173505616557352,0.2255623634655086
2020-02-04 05:15:54.018000+00:00,168,257218,13103.15,13106.2,13094.4,13100.2,60925.0,19300.0,1522,798070151.25,-0.00022897791989652392,13054.430000000015,0.00514695718488932,0.0018917164360609463,0.9948530428151101,0.9981082835639388
2020-02-04 05:47:03.133000+00:00,169,258740,13100.15,13118.7,13098.45,13117.95,60575.0,20850.0,1522,793912705.0,0.0013540240415036689,13057.942000000014,0.9384906604874269,0.9222908024620851,0.06150933951257337,0.07770919753791479
2020-02-04 06:17:56.259000+00:00,170,260262,13117.7,13132.85,13108.9,13128.15,60440.0,20262.0,1522,792672419.0000004,0.0007772583746545783,13061.718000000015,0.2611500248053264,0.31436609706735047,0.738849975194674,0.6856339029326491
2020-02-04 06:54:55.175000+00:00,171,261784,13128.4,13130.4,13117.65,13129.95,61075.0,22100.0,1522,801575897.5,0.00013710055204457352,13065.758000000014,0.06670138188365979,0.04783613332543139,0.9332986181163401,0.9521638666745682
2020-02-04 07:03:50.436000+00:00,172,263306,13130.7,13149.45,13129.7,13130.9,56946.0,21783.0,1522,748187111.8999997,7.235104731299571e-05,13069.564000000015,0.06189796998019721,0.08465676813979107,0.9381020300198029,0.9153432318602084
2020-02-04 07:13:29.075000+00:00,173,264828,13130.95,13134.0,13117.95,13122.8,55482.0,28458.0,1522,728181533.1999981,-0.0006170559012262364,13073.388000000014,0.0023693675977343293,0.0016836994396403008,0.9976306324022656,0.9983163005603591
2020-02-04 07:25:59.186000+00:00,174,266350,13123.0,13127.2,13112.95,13117.7,55820.0,29502.0,1522,732219152.2999972,-0.0003887121102276543,13076.818000000014,0.009807401956844479,0.015049848485579331,0.9901925980431554,0.9849501515144203
2020-02-04 07:38:29.725000+00:00,175,267872,13117.5,13122.5,13110.7,13111.0,57547.0,29502.0,1522,754859268.3500001,-0.0005108907529332629,13079.600000000013,0.003517554293690466,0.002680284379364075,0.9964824457063096,0.9973197156206355
2020-02-04 07:49:51.598000+00:00,176,269394,13110.95,13121.2,13107.2,13119.8,55299.0,30358.0,1522,725209701.0500042,0.0006709669800496549,13082.912000000013,0.47469254485574497,0.360327595970431,0.5253074551442547,0.6396724040295685
2020-02-04 08:00:00.369000+00:00,177,270916,13120.0,13138.1,13117.4,13132.5,50296.0,27408.0,1522,660293181.5499961,0.0009675343486652225,13086.672000000013,0.5705228427133062,0.49758933705882236,0.4294771572866936,0.5024106629411773
2020-02-04 08:02:23.148000+00:00,178,272438,13132.45,13138.25,13119.6,13135.9,102850.0,63497.0,1522,1350067535.700001,0.0002588661676375308,13090.256000000016,0.08166437453993641,0.09868906673716235,0.9183356254600632,0.9013109332628372
2020-02-04 08:05:40.287000+00:00,179,273960,13135.65,13143.4,13129.85,13136.25,133063.0,86430.0,1522,1748154826.3000026,2.6644184051931235e-05,13093.658000000014,0.040717163015713966,0.0271969614598429,0.9592828369842855,0.9728030385401567
2020-02-04 08:09:22.956000+00:00,180,275482,13136.35,13152.85,13132.35,13152.4,115523.0,64851.0,1522,1518270313.3000019,0.0012286672789740445,13098.026000000014,0.8558688107631593,0.7548923012974929,0.14413118923684046,0.24510769870250676
2020-02-04 08:11:17.398000+00:00,181,277004,13152.65,13171.9,13148.6,13162.8,126863.0,71522.0,1522,1669865254.149987,0.0007904177465083072,13103.378000000015,0.28676996920779585,0.3631655984833341,0.7132300307922044,0.6368344015166656
2020-02-04 08:15:20.681000+00:00,182,278526,13162.6,13165.9,13154.6,13158.6,123732.0,64392.0,1522,1628318151.6499975,-0.00031913196377430716,13108.594000000014,0.00661028434860437,0.0031276352853113593,0.9933897156513953,0.9968723647146883
2020-02-04 08:18:55.956000+00:00,183,280048,13158.55,13176.4,13156.1,13171.4,153006.0,88907.0,1522,2014633644.9999995,0.0009722750481078586,13113.172000000013,0.7083757268844629,0.7400109495718158,0.2916242731155375,0.2599890504281836
2020-02-04 08:23:50.014000+00:00,184,281570,13171.15,13177.6,13166.25,13174.6,165577.0,106585.0,1522,2180817432.45,0.00024292112774130029,13117.296000000013,0.03025050102833233,0.043868375719158005,0.969749498971668,0.9561316242808414
2020-02-04 08:27:36.131000+00:00,185,283092,13174.65,13184.85,13170.35,13179.8,146728.0,83516.0,1522,1933402387.7000055,0.000394621017172042,13121.590000000011,0.14866795968754948,0.07195973909427708,0.8513320403124502,0.9280402609057222
2020-02-04 08:30:12.188000+00:00,186,284614,13180.05,13199.35,13180.05,13188.3,134158.0,67573.0,1522,1769863040.9999988,0.0006447184510395711,13126.304000000011,0.26839450487141936,0.2718603616504202,0.7316054951285809,0.7281396383495792
2020-02-04 08:34:32.070000+00:00,187,286136,13187.85,13190.35,13174.8,13175.9,128556.0,60305.0,1522,1694449577.3,-0.0009406696136696591,13130.56200000001,0.00034970738738829044,0.00047333755413632087,0.9996502926126121,0.999526662445863
2020-02-04 08:39:23.146000+00:00,188,287658,13176.1,13181.3,13164.35,13168.25,136786.0,88255.0,1522,1801901395.5000005,-0.0005807741160771513,13134.73200000001,0.003533544027586555,0.0033874838185891723,0.9964664559724139,0.9966125161814104
2020-02-04 08:46:00.472000+00:00,189,289180,13168.1,13180.85,13166.35,13176.6,154990.0,103012.0,1522,2041849800.2999969,0.0006339000054741161,13139.310000000009,0.18344004270192918,0.14011009371293334,0.8165599572980706,0.859889906287066
2020-02-04 08:52:52.036000+00:00,190,290702,13176.65,13187.85,13169.85,13187.1,165238.0,107395.0,1522,2177529709.55,0.0007965498435485934,13143.068000000007,0.33629286867411345,0.39142033264924675,0.6637071313258867,0.6085796673507526
2020-02-04 08:58:13.479000+00:00,191,292224,13186.85,13191.1,13179.1,13186.6,146262.0,78013.0,1522,1928540216.35,-3.791656082078975e-05,13146.746000000006,0.023347087866486177,0.016011772461927462,0.9766529121335139,0.9839882275380721
2020-02-04 09:03:28.045000+00:00,192,293746,13186.8,13193.35,13178.6,13186.6,145160.0,80654.0,1522,1914101596.4,0.0,13150.082000000004,0.024706013353044513,0.02125851987337456,0.9752939866469551,0.9787414801266249
2020-02-04 09:10:14.748000+00:00,193,295268,13186.35,13190.4,13173.1,13178.95,164873.0,103678.0,1522,2173278885.2999983,-0.0005803027218987161,13153.232000000004,0.0013421523458063784,0.0015879402688834194,0.998657847654194,0.9984120597311162
2020-02-04 09:19:05.310000+00:00,194,296790,13178.0,13185.4,13172.85,13174.15,169892.0,109771.0,1522,2238894591.55,-0.0003642835228555261,13155.480000000005,0.005432402332301845,0.004696181908054309,0.9945675976676985,0.9953038180919453
2020-02-04 09:30:37.075000+00:00,195,298312,13174.3,13183.65,13170.35,13183.1,168436.0,113757.0,1522,2219640119.95,0.0006791300567389987,13157.678000000004,0.23562914283513403,0.24090286734935168,0.7643708571648655,0.7590971326506477
2020-02-04 09:39:05.740000+00:00,196,299834,13183.35,13196.85,13180.85,13192.85,136435.0,71553.0,1522,1799420340.3000274,0.0007393098973947973,13160.194000000001,0.2582223187938204,0.23907603535247784,0.7417776812061796,0.7609239646475214
2020-02-04 09:48:07.227000+00:00,197,301356,13192.5,13198.35,13188.05,13197.8,134012.0,69663.0,1522,1767988110.1499949,0.00037513286395362167,13162.87,0.10290231012105426,0.06776040828037463,0.8970976898789451,0.9322395917196246
2020-02-04 09:59:36.293000+00:00,198,302878,13198.35,13201.9,13191.15,13195.05,138102.0,74291.0,1522,1822494331.65,-0.00020838977298416592,13165.76,0.007796426045154542,0.010824151555545109,0.9922035739548454,0.9891758484444542
2020-02-04 10:09:05.770000+00:00,199,304400,13195.3,13199.1,13182.6,13185.9,136042.0,72151.0,1522,1794691527.5000005,-0.0006936824008923921,13168.488000000001,0.0009714993540982206,0.0007005448330922975,0.9990285006459015,0.9992994551669068
2020-02-04 10:21:01.429000+00:00,200,305922,13186.1,13194.4,13184.1,13187.65,167302.0,110420.0,1522,2206433537.1000004,0.00013270871783033228,13171.554000000002,0.0317328827447189,0.029131422392802264,0.9682671172552809,0.970868577607197
2020-02-04 10:39:59.622000+00:00,201,307444,13187.9,13190.35,13184.35,13187.85,162327.0,107745.0,1522,2140627623.5000048,1.5165589278268213e-05,13174.276000000002,0.011443824619820683,0.01459564201432386,0.9885561753801795,0.9854043579856755
2020-02-04 10:59:31.609000+00:00,202,308966,13188.1,13193.4,13185.3,13189.55,144260.0,79050.0,1522,1902706597.5,0.000128898223657549,13176.558,0.03921318235449793,0.023001787383956834,0.9607868176455018,0.9769982126160426
2020-02-04 11:12:46.698000+00:00,203,310488,13189.3,13200.6,13180.6,13199.8,124382.0,57329.0,1522,1640420956.0999994,0.0007768285702722316,13179.114,0.3037788336209719,0.304488190564674,0.6962211663790283,0.6955118094353255
2020-02-04 11:25:21.707000+00:00,204,312010,13199.6,13212.35,13195.55,13196.6,122885.0,53033.0,1522,1622663290.1,-0.0002424573059716396,13181.527999999998,0.0047082579833168615,0.005455641560575458,0.9952917420166835,0.994544358439424
2020-02-04 11:40:03.926000+00:00,205,313532,13196.55,13206.35,13194.25,13196.6,137201.0,73300.0,1522,1810919260.7,0.0,13183.295999999997,0.02268678056644227,0.01371288704052237,0.9773132194335576,0.986287112959477
2020-02-04 11:55:31.575000+00:00,206,315054,13196.65,13206.6,13192.65,13205.1,148100.0,84400.0,1522,1955147932.5,0.0006438979530620581,13184.987999999996,0.14967156752788555,0.20825441598609692,0.8503284324721144,0.7917455840139026
2020-02-04 12:12:04.863000+00:00,207,316576,13205.3,13208.85,13199.05,13203.65,132559.0,65254.0,1522,1750224989.5500002,-0.00010981208890669151,13186.789999999997,0.007842859711534547,0.004539741325914472,0.9921571402884657,0.995460258674085
2020-02-04 12:29:17.759000+00:00,208,318098,13203.85,13221.35,13202.3,13219.6,157453.0,100655.0,1522,2079486308.25,0.00120727025912883,13188.717999999995,0.7944937592723734,0.821343006199892,0.20550624072762683,0.17865699380010763
2020-02-04 12:35:20.027000+00:00,209,319620,13219.85,13224.6,13211.35,13217.9,140358.0,72003.0,1522,1855271510.1500003,-0.00012860520112292228,13190.449999999997,0.005692082088031251,0.007073528919650586,0.9943079179119687,0.992926471080349
2020-02-04 12:46:09.141000+00:00,210,321142,13217.65,13224.9,13215.35,13221.55,154969.0,92540.0,1522,2048786202.15,0.00027610256818397374,13192.119999999997,0.06307581603011514,0.03626945460458247,0.9369241839698845,0.9637305453954174
2020-02-04 13:00:16.951000+00:00,211,322664,13221.3,13232.6,13217.8,13231.9,124410.0,60549.0,1522,1645503275.349999,0.0007825066694984688,13193.864,0.2275273111158444,0.23452948068332866,0.7724726888841552,0.7654705193166712
2020-02-04 13:12:37.147000+00:00,212,324186,13232.1,13232.35,13220.05,13227.1,129074.0,65135.0,1522,1707054475.8000047,-0.0003628255075896039,13195.911999999997,0.0028125732479543086,0.003503818695342887,0.9971874267520457,0.996496181304657
2020-02-04 13:24:05.662000+00:00,213,325708,13227.35,13232.9,13223.6,13227.4,155702.0,97920.0,1522,2059547199.2500036,2.268045134189412e-05,13198.277999999998,0.023153599495475966,0.014431559723121485,0.9768464005045239,0.9855684402768785
2020-02-04 13:33:32.754000+00:00,214,327230,13227.6,13244.6,13226.35,13243.1,129054.0,65655.0,1522,1708373646.6999993,0.0011862263154076248,13200.937999999998,0.5814484945936117,0.6746144003611405,0.4185515054063885,0.3253855996388594
2020-02-04 13:46:13.795000+00:00,215,328752,13243.3,13247.1,13239.8,13240.05,124455.0,58504.0,1522,1648226623.1,-0.00023033513864368306,13203.055999999999,0.004689868358934428,0.003595091520836171,0.9953101316410653,0.9964049084791637
2020-02-04 13:58:23.462000+00:00,216,330274,13239.6,13247.1,13237.55,13245.1,148823.0,91292.0,1522,1970841562.25,0.0003813457776300525,13205.395999999999,0.09835817963893514,0.07819864604446654,0.9016418203610648,0.9218013539555334
2020-02-04 14:05:51.043000+00:00,217,331796,13245.15,13251.85,13243.65,13246.65,145071.0,81167.0,1522,1921827139.15,0.0001170175622047268,13207.798,0.012830484288116844,0.01531577108756553,0.9871695157118832,0.9846842289124345
2020-02-04 14:15:17.905000+00:00,218,333318,13246.35,13255.7,13243.35,13245.9,139352.0,78950.0,1522,1846400399.45,-5.6619691211358706e-05,13210.476,0.011632774207976706,0.009063925178920523,0.9883672257920235,0.9909360748210793
2020-02-04 14:26:20.460000+00:00,219,334840,13245.65,13253.6,13241.8,13251.65,141450.0,82100.0,1522,1873775795.0,0.00043400239571236653,13213.576000000001,0.07110744735922042,0.05774322090625241,0.9288925526407792,0.9422567790937475
2020-02-04 14:31:09.140000+00:00,220,336362,13251.8,13261.4,13250.6,13251.15,136129.0,71439.0,1522,1804557630.5,-3.773186229822594e-05,13216.298000000003,0.007562767951296356,0.007690841250349211,0.9924372320487039,0.9923091587496506
2020-02-04 14:32:45.479000+00:00,221,337884,13250.85,13254.6,13244.35,13247.1,159211.0,98250.0,1522,2109428675.3000019,-0.00030568056619099894,13218.468000000003,0.003999376469521508,0.0027900649336404524,0.9960006235304787,0.9972099350663595
2020-02-04 14:34:28.579000+00:00,222,339406,13247.15,13248.9,13240.15,13247.4,159681.0,100390.0,1522,2114862577.5500004,2.2646209591565054e-05,13220.452000000005,0.011791747934266501,0.0142495024335645,0.9882082520657334,0.9857504975664354
2020-02-04 14:36:30.182000+00:00,223,340928,13247.1,13258.15,13244.0,13246.35,150160.0,94225.0,1522,1989751430.8500047,-7.926397739461535e-05,13222.504000000004,0.006220741935881039,0.0036254748300958133,0.9937792580641188,0.9963745251699043
2020-02-04 14:38:18.948000+00:00,224,342450,13246.4,13256.6,13244.65,13251.9,151933.0,96654.0,1522,2012982593.35,0.0004188955935698831,13225.144000000004,0.07173403559541017,0.08165944773074627,0.9282659644045896,0.9183405522692539
2020-02-04 14:40:25.860000+00:00,225,343972,13251.6,13254.6,13242.35,13251.6,148370.0,93939.0,1522,1965500127.75,-2.26385194417236e-05,13227.702000000001,0.007841163135159162,0.007506813257828423,0.9921588368648411,0.9924931867421717
2020-02-04 14:42:57.398000+00:00,226,345494,13251.85,13261.35,13248.65,13260.55,143183.0,90156.0,1522,1897805766.3500078,0.000675162168287532,13230.610000000002,0.1967485167338701,0.17839452264618194,0.8032514832661298,0.8216054773538182
2020-02-04 14:46:27.577000+00:00,227,347016,13260.3,13270.05,13257.6,13267.85,120599.0,55531.0,1522,1599356307.6500065,0.0005503535972209644,13233.742000000002,0.07439682847052242,0.07095829758159211,0.925603171529478,0.9290417024184082
2020-02-04 14:50:21.217000+00:00,228,348538,13267.8,13273.3,13265.3,13269.85,127681.0,58435.0,1522,1694207639.9000018,0.00015072896323239338,13236.544000000002,0.020878163880188764,0.017693707676584545,0.9791218361198112,0.9823062923234155
2020-02-04 14:54:43.073000+00:00,229,350060,13269.6,13272.6,13265.3,13269.3,127045.0,59595.0,1522,1685723600.7500005,-4.1448200117968e-05,13239.452000000001,0.008337237585342248,0.008109117957456486,0.9916627624146579,0.9918908820425436
2020-02-04 14:59:59.883000+00:00,230,351582,13269.1,13272.35,13264.6,13265.55,128751.0,61301.0,1522,1708276950.75,-0.0002826471621256512,13242.210000000003,0.0024158580083800036,0.0018366748496881464,0.9975841419916198,0.9981633251503118
2020-02-04 15:02:41.041000+00:00,231,353104,13265.85,13272.35,13261.3,13261.6,130903.0,60103.0,1522,1736561587.0,-0.00029780809692658014,13244.470000000003,0.0025212350738752576,0.003456060338085264,0.9974787649261249,0.9965439396619148
2020-02-04 15:05:53.616000+00:00,232,354626,13261.55,13264.35,13255.3,13256.3,128150.0,59500.0,1522,1699300292.5,-0.00039972999902503087,13246.576000000001,0.0015016734563421375,0.0008434393487623144,0.9984983265436579,0.9991565606512375
2020-02-04 15:09:58.145000+00:00,233,356148,13256.55,13261.65,13253.3,13257.1,147900.0,86050.0,1522,1961029205.0,6.0346843501238307e-05,13248.076000000001,0.0124213836879009,0.01304745696351023,0.9875786163120988,0.9869525430364896
2020-02-04 15:13:09.617000+00:00,234,357670,13257.05,13263.1,13249.1,13250.35,127361.0,59006.0,1522,1688214677.1999998,-0.0005092907952971486,13249.374,0.0008106308294898097,0.0006738809387432914,0.99918936917051,0.9993261190612565
2020-02-04 15:17:36.300000+00:00,235,359192,13250.3,13254.9,13246.6,13250.1,137462.0,81410.0,1522,1821421291.7000012,-1.886760413555532e-05,13250.515999999998,0.0121294473643095,0.010470017195733103,0.9878705526356905,0.9895299828042666
2020-02-04 15:22:29.334000+00:00,236,360714,13249.85,13256.65,13249.15,13255.05,140198.0,90048.0,1522,1857929769.400004,0.0003735123217598357,13251.441999999997,0.029799925466309243,0.03213592672511598,0.9702000745336908,0.9678640732748838
2020-02-04 15:26:55.147000+00:00,237,362236,13255.1,13260.85,13247.8,13260.85,121234.0,61068.0,1522,1606858088.1999793,0.0004374733720147813,13252.791999999998,0.05337882338228725,0.04098587344097492,0.9466211766177128,0.9590141265590247
2020-02-04 15:31:16.698000+00:00,238,363758,13260.8,13270.55,13260.3,13267.6,141805.0,81288.0,1522,1881165808.8,0.0005088876391699095,13254.399999999996,0.07571443811506594,0.07259516972652116,0.9242855618849339,0.9274048302734786
2020-02-04 15:35:56.199000+00:00,239,365280,13267.35,13268.6,13262.1,13265.85,124450.0,60700.0,1522,1650873762.5,-0.00013190896792826914,13255.309999999996,0.004549572216067793,0.003422081841668177,0.9954504277839319,0.9965779181583314
2020-02-04 15:42:07.581000+00:00,240,366802,13265.8,13268.1,13261.1,13263.3,120100.0,59450.0,1522,1593161007.5,-0.00019224136527961385,13256.239999999996,0.00417888635003525,0.005242446044074014,0.9958211136499651,0.9947575539559257
2020-02-04 15:48:21.949000+00:00,241,368324,13263.1,13264.85,13255.65,13259.85,138451.0,79200.0,1522,1835962019.85,-0.0002601500967612305,13256.829999999994,0.0021431568834460414,0.0014377812748114518,0.9978568431165535,0.9985622187251885
2020-02-04 15:54:29.200000+00:00,242,369846,13259.8,13261.35,13254.55,13261.35,124950.0,60900.0,1522,1656566112.5,0.00011311705364758124,13257.417999999994,0.013169760978177812,0.01317345014133744,0.9868302390218221,0.9868265498586624
2020-02-04 15:58:48.647000+00:00,243,371368,13261.1,13264.1,13253.55,13256.6,126950.0,62450.0,1522,1683189372.5,-0.00035824790760991584,13257.845999999992,0.0014698534302551873,0.001062530217351949,0.9985301465697444,0.9989374697826479
2020-02-04 16:04:09.206000+00:00,244,372890,13256.35,13263.55,13254.1,13254.1,126650.0,63400.0,1522,1679258082.5,-0.00018860309289535783,13257.94399999999,0.004938971155080136,0.004591060302817567,0.9950610288449198,0.9954089396971822
2020-02-04 16:10:10.738000+00:00,245,374412,13254.15,13260.6,13249.6,13253.1,125100.0,63950.0,1522,1658291412.5,-7.545119820077637e-05,13258.021999999988,0.004771184867875594,0.0037881222500450017,0.9952288151321244,0.9962118777499547
2020-02-04 16:16:25.969000+00:00,246,375934,13253.3,13262.65,13253.05,13257.8,154650.0,96850.0,1522,2050536785.0,0.00035457114237846766,13258.449999999988,0.03686356755695785,0.04024468829984856,0.9631364324430418,0.9597553117001512
2020-02-04 16:24:13.021000+00:00,247,377456,13257.9,13265.85,13257.9,13264.6,146700.0,89450.0,1522,1945629810.0,0.0005127741191596272,13259.137999999986,0.06146979733075405,0.06291237177109016,0.9385302026692464,0.9370876282289096
2020-02-04 16:29:30.348000+00:00,248,378978,13264.55,13279.85,13263.55,13277.55,134656.0,73554.0,1522,1786971510.3999996,0.000975806483467128,13260.385999999988,0.3574978527621511,0.33613646188392365,0.6425021472378492,0.6638635381160762
2020-02-04 16:33:38.241000+00:00,249,380500,13277.3,13284.85,13274.3,13281.05,131090.0,62494.0,1522,1740737381.750001,0.00026356811129064434,13261.551999999985,0.028981656749957938,0.03198141163522064,0.9710183432500423,0.9680185883647792
2020-02-04 16:38:10.085000+00:00,250,382022,13280.8,13287.1,13279.55,13282.85,129249.0,59899.0,1522,1716896329.2,0.0001355222691513758,13262.801999999985,0.015664831619741602,0.00994070780190959,0.9843351683802581,0.9900592921980901
2020-02-04 16:45:32.800000+00:00,251,383544,13282.8,13291.6,13282.55,13285.05,127308.0,59857.0,1522,1691641217.1,0.00016561339097377286,13263.781999999985,0.012889708340527705,0.011792299042604709,0.9871102916594724,0.988207700957395
2020-02-04 16:55:15.376000+00:00,252,385066,13284.8,13290.6,13278.6,13279.15,124200.0,58550.0,1522,1649907327.5,-0.0004442068721824555,13264.233999999988,0.0009792607339297974,0.0008640546107821123,0.9990207392660703,0.9991359453892177
2020-02-04 17:08:20.735000+00:00,253,386588,13279.4,13284.1,13277.15,13277.4,154275.0,97625.0,1522,2048912970.0,-0.00013179422798019954,13264.53599999999,0.0053953214834395824,0.005420530515230304,0.99460467851656,0.9945794694847694
2020-02-04 17:20:04.981000+00:00,254,388110,13277.6,13286.9,13274.1,13281.75,148100.0,90921.0,1522,1966998485.7499995,0.00032757072714291783,13265.03399999999,0.022287488964867076,0.020438847506111787,0.977712511035133,0.9795611524938881
2020-02-04 17:32:17.246000+00:00,255,389632,13281.85,13294.6,13280.65,13288.05,150806.0,97555.0,1522,2003835558.2499976,0.0004742226225312447,13265.93399999999,0.05120798838206082,0.05175129975022416,0.9487920116179392,0.9482487002497757
2020-02-04 17:49:08.433000+00:00,256,391154,13288.35,13292.35,13286.05,13288.9,126194.0,68510.0,1522,1676886930.7000065,6.396520295134497e-05,13267.02599999999,0.01078219148675104,0.004922909375090466,0.9892178085132489,0.9950770906249093
2020-02-04 18:09:21.363000+00:00,257,392676,13289.1,13291.9,13284.85,13285.65,148335.0,95147.0,1522,1971153777.0499985,-0.00024459492380512555,13268.199999999993,0.002882725102115427,0.004960750084144721,0.9971172748978848,0.995039249915855
2020-02-04 18:30:07.819000+00:00,258,394198,13285.8,13286.1,13266.55,13274.05,130213.0,65844.0,1522,1728711243.5000165,-0.0008735038978283434,13268.877999999993,0.00015831436300627836,0.0001171366882461791,0.9998416856369936,0.9998828633117535
2020-02-04 18:54:56.141000+00:00,259,395720,13274.1,13283.85,13274.05,13281.35,126326.0,60520.0,1522,1677507512.25,0.0005497940293788103,13270.117999999993,0.08804653168437261,0.1052906136431182,0.9119534683156277,0.8947093863568815
2020-02-04 19:20:08.369000+00:00,260,397242,13281.3,13287.4,13279.05,13285.15,134321.0,79534.0,1522,1784354831.999998,0.0002860745695454076,13271.519999999995,0.013290415841013455,0.01004264792311254,0.9867095841589864,0.9899573520768868
2020-02-04 19:37:31.401000+00:00,261,398764,13285.4,13290.9,13278.85,13290.15,131653.0,83120.0,1522,1748867730.9500055,0.0003762892655206923,13272.923999999997,0.056638131132267525,0.038229416327583844,0.9433618688677328,0.9617705836724156
2020-02-04 19:54:40.766000+00:00,262,400286,13290.1,13292.4,13285.85,13288.1,127843.0,79348.0,1522,1699028070.1000097,-0.00015426147350286945,13274.013999999997,0.0034159996986294827,0.005177979202605389,0.9965840003013706,0.9948220207973942
2020-02-04 20:09:20.175000+00:00,263,401808,13287.9,13290.6,13283.85,13284.35,124319.0,72908.0,1522,1651717024.149983,-0.0002822472165640855,13274.683999999997,0.0023422791176322586,0.0019491570267516885,0.9976577208823681,0.9980508429732478
2020-02-04 20:24:07.356000+00:00,264,403330,13284.4,13294.6,13281.6,13294.15,121104.0,79250.0,1522,1609077961.1500068,0.0007374381883187268,13275.815999999999,0.12744997000260885,0.17229703263812707,0.8725500299973905,0.8277029673618725
2020-02-04 20:37:24.920000+00:00,265,404852,13294.4,13296.15,13285.65,13291.9,121431.0,76246.0,1522,1614018352.5999904,-0.00016926169967874634,13276.96,0.0025940517798625877,0.0014428102893170437,0.9974059482201376,0.9985571897106826
2020-02-04 20:48:03.397000+00:00,266,406374,13292.1,13292.65,13284.1,13289.15,123607.0,77707.0,1522,1642434704.000007,-0.00020691432504064367,13278.132000000001,0.004941814764376622,0.007125990584621266,0.9950581852356234,0.9928740094153783
2020-02-04 20:55:44.073000+00:00,267,407896,13289.35,13292.6,13275.3,13276.6,101624.0,46349.0,1522,1350018772.8499932,-0.0009448256445693924,13278.742000000002,8.84073973806841e-05,8.84073973806841e-05,0.9999115926026192,0.9999115926026192
