eod_ts,Rs_returns,Os_returns,Cs_returns,Rp_returns,Rm_returns,Dc_returns,La_returns,Pf_returns,Cp_returns,Ds_returns
2014-01-05,,,,,,,,,,
2014-01-12,0.0,-1.4800940543766408,-1.3891959039787656,,,,,inf,inf,1.2205865596142595
2014-01-19,-0.020990548299014675,-0.6270802897134362,-0.6037282098447234,inf,inf,inf,inf,-3.5044989672347575,-0.6176562180700345,0.48952261172832895
2014-01-26,-0.27084122131827615,-0.07534464095527887,0.7068032237123643,-0.025742209075380475,0.00904667879511789,-0.10080410835980677,1.1206809233013935,5.1020521484575605,0.11172000461384292,0.41021296199199414
2014-02-02,-0.4311456712893293,0.09086172296587978,-0.019948521961014255,0.051440812233635724,-0.024545726957846372,-0.019899021821436158,-0.02593443957346197,-0.5571330839362044,0.08192586903521247,0.23351583108133483
2014-02-09,-0.2811979552288299,0.06992225968729192,-0.16121111752818654,0.035935687821974635,-0.013449376352359833,0.014402630162578483,0.05357231120181779,-0.17753997205407157,0.13173744526856054,0.19277818611676562
2014-02-16,-0.2797287614517906,-0.08900312368215643,0.014039859208034152,0.018338365193691433,0.029231330036314146,0.05507460896876878,0.013930586073907028,0.15114313516169253,0.07180375060698131,0.16842908454281258
2014-02-23,0.04568737810324002,0.011575287273854862,0.10289141876776338,0.00010440503738405238,0.007249339577315037,-0.030428148480835235,-0.0003273082537105154,-0.06172709888014438,0.07432119363850923,0.1369615955405983
2014-03-02,0.2189796936623216,-0.15096980155262166,-0.13509447519756032,0.013420343880562484,-0.005016974581760296,0.0053262911790089296,-0.011801237030713917,-0.35013769391477395,0.04191625167356152,0.10859222483772177
2014-03-09,0.17943971176099643,0.06247877017194938,-0.036150575651079264,0.002024634759117098,-0.00879090459190904,0.0023999898168411762,0.031348541436309406,0.2352151425313668,0.022632361632635267,0.11287994266415922
2014-03-16,0.10851362057174416,-0.038492096216626616,0.038545251184238204,0.013938863337230057,-0.0015491077512419344,-0.01689596594140892,0.03930225051193871,0.0059710792162594424,0.03769444394976312,0.096205617374961
2014-03-23,0.08769556623746837,0.0018694926367427594,0.05749316452736191,0.008938461437974507,-0.014379319058754557,0.011393972578804505,0.05318437054739855,0.5061350222540014,0.10720495743432583,0.09359145601198281
2014-03-30,0.0762972114486216,-0.05791513146157797,-0.1151836150679624,-0.009027402470137452,0.018780130089969413,0.006688538730340419,-0.006780292399003529,-0.4223046581337731,0.10095477068742958,0.06299967513697519
2014-04-06,0.05452703188115624,0.03553237510290886,0.014951354373039825,-0.011421504440681686,-0.004018714323393488,-0.005633829539111919,-0.027865864236713667,-0.17126270305352725,0.023899933921581414,0.06828472584129182
2014-04-13,0.026595169613097935,0.05524427802741727,0.12369130258110721,0.02057642963541093,0.005936880101747964,-0.014196988747661418,0.013167015550878337,0.4287349725608667,0.014099233972657582,0.10124730988741254
2014-04-20,0.015828223869200717,-0.08091655475538088,-0.006279507947057182,0.0015405369752140904,-0.001493569750192536,-0.024927999625684826,0.0010883629653266572,-0.09663839280804108,0.062442534614745096,0.059027852604060974
2014-04-27,0.0076017024461297565,-0.05350397752079709,-0.05973432366005282,-0.006918245691152756,0.011139483338144263,0.0014009976102668023,-0.008473449422316773,-0.2082466651597256,0.08634817873379326,0.0488537617790369
2014-05-04,0.012077524054850877,0.04603011834537801,0.07989973835749986,0.028408333740744883,0.03326370364010218,0.027589245581431405,0.011156510605447428,0.08003241509114799,-0.04063015945515444,0.04665462621397202
2014-05-11,0.011244253005542871,0.1568090231076349,0.0676756333527255,0.011778635248364939,0.006686534447927793,0.021771412489084832,0.0393252526565641,0.6442988242480733,-0.044441890091585924,0.06492246068455097
2014-05-18,0.02698810466309853,-0.0024945675000069734,0.026140885226952158,-0.001301343932568975,0.006558052113117033,-0.0062365053146092855,-0.004347496968241732,-0.04256618566718711,-0.02162328643257041,0.039001178656292414
2014-05-25,0.022879627586658048,0.02034261464353709,-0.0062821116520990405,0.004059767983652257,-0.005547319781553027,-0.017805064420270682,0.004397345501468581,0.4008977622817941,-0.006564930077880151,0.03443922256892392
2014-06-01,0.005561444204486986,-0.03878712010161576,-0.029767148984965824,-0.01574255233116691,-0.012327027858106895,-0.008797100729298596,0.006232988278995366,-0.019204023108597573,-0.0283031110842131,0.03824944583207718
2014-06-08,0.00155383076149732,-0.04666984046587693,0.04412508519158359,-0.003124711409123139,-0.005534658880077435,0.042000072571561735,0.0033064828592850137,-0.06593047069318181,-0.02230956337933384,0.04308384404880098
2014-06-15,0.0016477586533575374,0.01676696656746644,0.043129402479934895,-0.01265375436703615,-0.015483540950027066,-0.001044126002920556,-0.0009057042083299522,0.18253636358352573,-0.05820092451840509,0.045577072728407234
2014-06-22,0.011943556173086529,0.05593218558746515,0.012185751702222669,-0.002133069900585687,-0.01556862070946895,0.014145519431333103,0.0008605940918386642,0.052009291746917055,-0.029010538953636315,0.03592221752880622
2014-06-29,0.01667197817534015,-0.04602437679576943,-0.03664378744874543,-0.00957257322654522,-0.014040553774082323,-0.03209220546950808,-0.0006149839125050438,-0.09167991874919393,-0.03342661992512209,0.023570379703558922
2014-07-06,0.015856011567706652,-0.014511075940686792,0.018493131265871623,-0.020308067754672032,-0.019868409321391767,-0.03388208655866105,0.0032831338517435105,0.16117585283906732,-0.03166202817662558,0.04387410894585522
2014-07-13,0.013265829822385947,-0.038167500297765125,-0.020389578639878038,-0.00502383067650713,-0.008089290381574323,-0.02663526784085548,-0.008162032082097844,-0.029764180161732455,-0.014819116651258516,0.03162707423895683
2014-07-20,-0.0076380298512394515,-0.04893400522349652,-0.06626464321100359,0.029911072130230334,0.03466802537554263,0.03249769818536584,-0.032478722030816955,-0.1675826556487529,-0.0432827514805302,0.025107248482774517
2014-07-27,-0.018726895085613572,-0.006944020134822101,0.027351198813972837,-0.008956072345634171,0.005028755384704522,-0.012360347921040238,0.007385123420519637,0.15140326422020325,-0.07578738205672333,0.03532617413103509
2014-08-03,-0.015124625936487989,0.05903258044124853,0.02090927918810663,-0.03178289871662879,0.0016224769797735935,0.00020268989486813522,0.0023066211603963893,-0.02909651068763224,-0.01867588971823096,0.029356781769405694
2014-08-10,-0.00401640082320716,-0.0037884298987744605,-0.032888212674242974,0.015522859873423103,0.02227409012201021,-0.02015696127958601,-0.010878793361848941,0.004855821670207999,-0.020026154673223086,0.028047227532661107
2014-08-17,-0.012448092010705628,0.021753105858094483,-0.03491390242665173,-0.0005776192156293664,0.005938991756906234,0.033917901817319865,-0.02376590823413354,-0.11675665783154242,-0.1803019963272032,0.026439448518552698
2014-08-24,-0.00673663244711921,0.022054479408518013,0.010903944069895533,0.005609920929234913,0.008339588903295133,-0.0029167182715959627,0.009630561119490032,0.1484486292594062,-0.16017101383565094,0.026977158786876655
2014-08-31,-0.0051363145477382926,0.007572116072471566,0.022830092083834866,-0.011611255824588145,-0.008491338750529938,-0.0379169110954651,-0.0007187966368782244,-0.00282589237055756,-0.03452304368379357,0.016160808586315297
2014-09-07,-0.006082560836986726,0.08746653358105537,0.05652465789048691,-0.05578159885053332,-0.017055330366555658,0.016515295001343612,0.03612960670333322,0.35328740500310446,-0.05244242179136504,0.01541077642703359
2014-09-14,-0.042621538495354556,-0.04317787073321615,0.003706208658102929,-0.0291182509763447,-0.006957784797163797,-0.007204205372232638,0.005851749068419216,0.023990729552370624,-0.070641127650757,0.01854812765099859
2014-09-21,-0.020995723261182285,0.02944367525608337,-0.0033683293281418624,-0.024323046608263194,-0.030637803095962132,0.02312816141679178,-0.003348793269149614,-0.0063216082698945705,0.025786266717079242,0.018230458225883473
2014-09-28,-0.02269798473318088,0.033428185632881365,0.012577538983316053,-0.017094073543015422,-0.03477195261655429,-0.0037921080584396947,0.006895671824554827,0.0429745776103632,0.015812262403728187,0.01813544720584709
2014-10-05,-0.03205230158243933,0.0713447113978664,0.026178101188442233,-0.01788892262140662,-0.050210360692095966,0.026842682126562364,0.0018262375056247086,0.0020317962064111466,0.021242894224393825,0.017985246077888737
2014-10-12,-0.006276191767729889,0.09385066842173125,0.019277423758850255,-0.02393317907355866,-0.028293972048905422,-0.0028191469945274285,-0.0013788870631673297,-0.027494660798511653,0.04248855193866027,0.017420026568458927
2014-10-19,-0.021505775875117313,0.14758476828524403,0.040294519142950916,-0.02492752504843536,-0.09698790918350006,0.04229815085377908,0.0055166204626495175,0.004939634693376732,0.023544900779191042,0.017244516363199024
2014-10-26,-0.030501521039870864,0.016156834702662097,0.014539854920041522,-0.03265546769452462,-0.021789981040998226,0.02420631821761053,-0.006298727693607713,0.00967758640888833,0.2393444610385499,0.017322363079208297
2014-11-02,-0.0272656317381282,0.07074565945722014,0.0008397853492600093,0.01711752551269163,-0.009595177772817362,0.006301887956681773,0.005922023327165816,0.005990858448106225,0.12935870537784155,0.017089472901803262
2014-11-09,-0.007670534454638155,0.2065812804725838,0.10772343156704615,0.021660078797428196,-0.017127158108706318,0.04072757446854243,-0.007942386525868199,0.004194516756812385,0.12173355084238982,0.017270116629724046
2014-11-16,0.005609711800455665,0.11902702140717494,0.10108690597850278,0.037691055587442235,-0.01822057807248852,-0.010904695000627318,-0.012328776112878038,-0.018611219794837503,0.1423742002673713,0.017203013438279215
2014-11-23,0.018893868031833662,0.07282294767663855,0.08137018522065122,0.0020747138355558443,-0.023021571807292862,0.010810420793975425,0.007312511248418597,0.0038712221637005146,0.07970180293752498,0.017007539219660455
2014-11-30,0.01996328228587469,0.057320254012076646,0.0439747464837554,-0.01304037985060522,-0.017419553355504176,-0.024097428067508055,-0.0022826436066391664,-0.004720990569678569,0.05924246883152429,0.017051261645610608
2014-12-07,0.021768253256183406,0.06546563488272734,0.06409846968167078,-0.0003193904858206468,0.007940543332225068,-0.0003532535745397995,-0.013598473640354597,0.00194621444742044,0.10184161675156861,0.0161924432127253
2014-12-14,0.017476312303929088,0.1251673337432781,0.1047356945864643,-0.0001008353750905365,0.015991783176105244,0.009762188274298443,-0.007561278631472271,0.006660989969392722,0.028854306267984603,0.015429895002645898
2014-12-21,0.013423885102609855,0.07145656588241776,0.034443928646684066,0.02041649967727209,0.03582618102858839,0.007897256109050144,-0.042007803878254465,-0.010774925543842991,0.024260284571284853,0.015060305626543207
2014-12-28,0.003678250213392497,0.04746414283032959,0.008194069984620867,-0.0006503012809448195,0.0052112191060792136,0.0036717312065526714,0.0026315435385157186,0.0017321341014817743,-0.0028477332135714633,0.00484785263482749
2015-01-04,0.0024649292898977185,-0.00977596498365625,0.004768186526583445,0.0007048767141974758,-0.0031035433995827166,-0.014193292188455544,0.0033797063572190375,-0.004349200426427104,0.016151893885726982,0.004757993151310266
2015-01-11,0.013322876828116077,0.10560156425995285,0.06584948757661437,0.020992763321285992,0.010589502959113877,0.018422350620985805,-0.04449744663055116,-0.0012316317691364199,0.008833359025176731,0.006605439307699211
2015-01-18,-0.005517269945179126,0.06314394139891756,0.02415754320520948,0.016977749299106806,0.0012048545018198819,0.0343746918020075,-0.11086301191250773,-0.2838260477116311,-0.019468553233658956,0.005579697149305976
2015-01-25,-0.011959288501281905,0.027897695497741636,0.029579687470919384,0.0062271093042758135,0.00888122077839041,0.025373919630700976,0.05932760327528304,0.10045480306533662,-0.01345355975518779,0.0049099546730714295
2015-02-01,-0.009350902227469137,0.04073547667521787,0.03298662453589371,-0.0009047526659000979,-0.005060066993710265,0.012801901830900098,-0.10195144821432854,-0.01779671766438194,-0.012765347036596942,0.005900269613725965
2015-02-08,0.009239555482438995,0.043187454976115536,0.03724951996688904,-0.011140004092888841,0.014702463149072278,0.013215374852194976,0.07417276240926579,0.033724729148177986,0.0041023349832728356,0.005665096716145122
2015-02-15,0.007507246511795715,0.06069624029686967,0.04389577872902366,0.006938124246478724,0.01490743388732157,-0.006415263429165752,0.01667993052436671,0.08234724259020457,-0.0042395627728052734,0.006076717406634178
2015-02-22,0.016802914115819727,-0.013783954030459199,0.005180864710735988,0.009483573455478312,0.015488741142849077,-0.0009770001796754744,0.013285989467861989,0.013732161070298413,-0.011287619891124813,0.006316813955107422
2015-03-01,0.02113443019403112,0.005113821648527586,0.01452543439152745,0.002498085854002071,0.001860042437709905,0.006068611713165668,0.01710440614825708,-0.0032971456806611915,0.004118731512180493,0.006053091587052235
2015-03-08,0.01681222129571781,0.02339017184222078,0.012138944235363212,-0.0075052289473144474,0.008312152698820052,-0.0014907908050572492,0.046204886984802324,0.0887896866805712,-0.0028333599067140304,0.006148170892895026
2015-03-15,0.015479693383929783,0.019669742034132378,0.006948528690164564,-0.021187801538251044,0.016366082899128297,0.007943558638828964,0.0050246722107424625,-0.009044111123996796,-0.010345581238345728,0.007003102135881096
2015-03-22,-0.00042678389491416065,0.004974042505205901,0.011745537528256784,-0.0398427972947002,0.03504327538624684,-0.010089377700019393,0.05577844419424131,0.005223642649297269,-0.005296375681402175,0.0071948304252956565
2015-03-29,-0.040953696613819514,0.015429513936423158,0.005025377090031906,0.010959779157391263,-0.015132559180327267,-0.009540968657006934,-0.0007164645096025355,-0.024577541606468568,0.024717177697173576,0.006646116098223068
2015-04-05,-0.05629425633209561,0.018025254211828486,-0.003992520339538106,0.008141214119576426,-0.0022597564933372815,0.0026933338114141143,-0.01274902108733335,-0.02382930096681775,0.00026947626487247567,0.006801707830246848
2015-04-12,-0.02379666729232296,5.1417410383171e-05,0.00046207972273431516,-0.003922021157448605,0.004421059845457937,-0.00018742943024931314,0.008564876696846876,0.03678468662028955,0.019318824121899367,0.006843713190455708
2015-04-19,-0.016362631837174416,0.014543667190091628,-0.0022719317543970917,0.014406773298121463,0.019426794169181447,0.016537723874915627,0.0007549470687404242,-0.0016053141289813272,0.023043989099984157,0.006988075346410223
2015-04-26,0.01369034880601092,0.012077761607533209,0.009402751256735889,0.012360072465816503,0.010655847868721018,0.008135654797256633,-0.005048601467650503,-0.0021701600539945696,0.026436596697368312,0.006844528487826928
2015-05-03,0.02070115271871672,0.009310006633834016,0.0034022232546901615,0.012584120990622435,0.005882539318824406,0.015848853915406504,0.0030291752926412873,0.01218145914454781,0.024242005875453672,0.006672647153537677
2015-05-10,0.01865647763377204,0.016186608620549155,0.010023355894694184,0.012448640131105202,0.0007817501268637077,-0.008175331767768136,-0.004542882041832274,-0.01113975602568353,0.05478755709539529,0.006518179909955392
2015-05-17,0.01963108853254325,0.004119085943884893,0.0018462826786792596,0.030484460819701742,0.00812991883715188,0.0052465441697604745,-0.014131174494310991,-0.0032869410069248537,0.017786072348201978,0.006400535708474352
2015-05-24,0.022272559551120497,0.006825646898939731,0.0031655451052302816,0.04203102178734667,0.03996111506993475,-0.009917353415548237,-0.04692920558488476,0.008530428417633382,0.009422722480981622,0.006556116847390422
2015-05-31,0.00830594996592013,0.01417159340041478,0.01724115192398504,0.024956708605773106,0.03557367289880381,-0.0005033911505189027,0.009598416801907986,0.020873683290122996,0.00977948351540334,0.006714321527952906
2015-06-07,-0.003300760301336563,-0.006707255767340604,-0.0071242587013653,0.002765905281856783,0.0069510617522593856,0.0022743711861838546,0.07314062176474896,-0.00453459608107711,0.002246328129286301,0.006518682465653374
2015-06-14,-9.430951858110824e-05,-0.0005477087318652885,-0.019475883243328225,0.03387698494836481,0.0033516698521105165,0.009160651299222692,-0.008924630009809465,-0.02849711578043245,0.00840030132122783,0.0060364836536524425
2015-06-21,-0.0012638204395207528,0.0019260182648542536,-0.002096964420158925,0.013215078844912376,-0.0033889490837784577,-0.010181467532581262,-0.0033870868915202934,0.018656106664910757,0.0014133840070529853,0.005712528413486996
2015-06-28,0.012757040986714107,-0.00058390492178317,-0.008087807499754652,-0.0061177046018152815,-0.0007983880764592468,-0.01230839534552809,0.006802437364319615,0.0021307945909767203,-0.0012715763393412812,0.006170092200555
2015-07-05,0.016831045204122496,0.006015114522677188,-0.000970364752627692,0.007271575727146943,0.00997107269783519,-0.017646879009543693,-0.005650832699021618,0.004024395331371626,-0.00164911874990243,0.006123185667955099
2015-07-12,0.017216422418580814,0.0024787326894922636,0.0015935553344442735,0.015270572862052413,0.0134143017849943,-0.006577367204277596,-0.0018305046141737671,-0.012677508333623033,0.00108448259095886,0.006000088866137561
2015-07-19,0.01781928647893843,0.0017082902221917976,0.008513637944621661,-0.014972773783304348,-0.013631831528993657,-0.015575445455327613,0.0008026408022355437,-0.008603383466715468,-0.0071192044604156835,0.006140208620146133
2015-07-26,0.007132649586325189,0.0008746119138753007,0.006977106290580108,0.00901758678143403,0.016459557606475436,0.00299563217827709,-0.0070603810688659565,-0.0013005452131554188,-0.01233126783691146,0.006120741426354625
2015-08-02,-0.005255848608503476,-0.004937605640044441,-0.02201390619380028,0.012338940181813876,0.011157811208145674,0.01705168606871146,-0.02388063311296619,-0.013170104752433161,-0.01392988014721521,0.006008842232100621
2015-08-09,-0.005271958506299111,-0.013388902652208245,-0.008884344027931238,0.005515696100409215,0.02159414651586603,-0.015077547563353156,-0.03067963382243328,-0.05248187972502317,-0.018772017750395224,0.005778876245346531
2015-08-16,-0.017739933996904114,0.01718322901426072,0.007558424572967473,-0.0023374333998102785,0.009470742511696148,-0.015962599123736886,0.029152822624995266,0.01893526721591093,-0.025380495389637162,0.005393455718840187
2015-08-23,-0.008165249847692548,-0.0006712838754685867,-0.002141809186411438,0.017777370513251668,0.003900724511396468,0.008137252515780746,-0.021372866802946745,0.013640121751741273,-0.020533167302095343,0.005050962198365315
2015-08-30,-0.002123668117534213,0.003723599536959648,0.0019054334777375264,-0.0077684271944573734,-0.018339244391645648,0.04427855181358128,-0.0822108585290674,-0.05091090546052616,-0.04454030866009685,0.004274221341152951
2015-09-06,0.002065891041324585,-0.000846405662218178,6.965150275811471e-05,0.00039081798082231004,0.011242489721893375,0.010236334079194467,0.012900846963767558,-0.00045931513861507126,-0.014225936705240623,0.0038746400298210644
2015-09-13,-0.0018501441914690255,-0.00420970135861133,-0.0008663384231280553,0.012308467090071237,0.0014861527704888452,-0.007665331440523277,-0.025182995274680035,-0.03587394452636543,-0.0039392443189686524,0.0038735879771627105
2015-09-20,0.0029808017899045315,-0.01416026918499149,-0.013772925822276428,0.00709194756056431,-0.0014652479932562824,-0.007542265515528671,-0.05791809587334977,-0.08716878212041751,-0.005759762070634343,-0.014764423023873704
2015-09-27,0.014075829541773619,0.005011159318825384,-0.0036539369751737126,-0.0005826734478911609,-0.011683868167218217,-0.006901293940756465,-0.018465787612989466,-0.0019356530236952327,-0.004907689362624535,0.014983051284931862
2015-10-04,0.018653461184699946,-0.005488964843256189,-0.004092742411606324,0.00031567509240350863,-0.01087045451539281,-0.017526448892589124,-0.08678079227495925,-0.06374375899386121,-0.0021933371778428963,-0.0038077878650362804
2015-10-11,0.018782761154470442,0.0032870447891465053,0.004170412320402147,0.00584144667872388,-0.004334927556194658,-0.007043601940502958,0.0129132387456044,-0.0388678667532627,0.009084142613689344,-0.010754340999781557
2015-10-18,0.011092469928606205,-0.006044846189115737,-0.00099559354441792,-0.002349902615537932,-0.0002345625482994727,-0.0014483257447019957,-0.09788638195267872,0.0038699779262469274,-0.0007427144334283152,-0.023482086658733994
2015-10-25,0.006926511641058682,-0.015727603511303388,0.0020775136608558358,0.00027680978441536625,0.00861178036559729,-0.0072376073632445,0.12964233952801546,0.15550869479399107,0.007845418720028566,0.038916690072798625
2015-11-01,0.0034817167531657933,-0.007311248356794063,-0.0028053649843373146,0.023702748780489037,0.018669328843640552,-0.039253563419374284,0.08552559444094776,-0.09491276998006003,-0.0008201051515009685,0.002474177680632588
2015-11-08,-0.007897671596033076,0.007158010362191779,0.007949715642265383,0.0007555785647617306,0.003457076963034758,-0.009436914384166403,0.047415294046731345,0.06314456827154276,0.0017602494901496305,0.020758015790717857
2015-11-15,-0.008495022670356907,0.00020036354739206902,0.008826489714622446,-0.004118226015780922,0.00662198698353164,0.00665416681911439,-0.007630385994591904,-0.09308914624250815,0.0028519342283986294,-0.0022096454228240797
2015-11-22,-0.009452078057878885,-0.005706824027580469,-0.0024705838115630795,0.006242906281105584,-0.0019361577034231144,0.0009159028592324187,-0.009406557980955828,-0.06565477340726487,0.005689055743520352,0.007639681933045295
2015-11-29,-0.0014349418966015746,0.001980280036500616,0.0025200905398633368,0.0035170324644450378,0.004708857650765505,-0.0035403324552123992,0.021034784827165313,-0.1441451780263354,0.01886812990573276,0.0022207319934405747
2015-12-06,0.007607229576342776,-0.00841800882864649,0.005295640074816039,-0.019973402999475285,0.010597064541083629,0.049964105945215,0.08681225681921921,0.41077459614405404,0.006881196380144005,0.0032444551418915205
2015-12-13,-0.035095517306942575,0.012702538278393962,0.017889155938453694,0.0012105688797095328,0.0014852260768925614,0.014804660106149156,-0.0008229804597565498,-0.008105373169221778,-0.0090073618828687,0.004656004870026738
2015-12-20,-0.03623270597431444,0.00634708130954827,0.0040216354792701,0.0029865435814211087,0.0022038835356365904,0.0031398089189700806,-0.02316604388738651,-0.000718179197617231,0.011597092887219305,0.004388168278646369
2015-12-27,-0.027563048387813795,0.008457943280074985,0.01049774602898965,0.0016898508528937499,0.0024619618548440227,0.0020603140190401004,0.012287244516801738,-0.017099516421754057,0.019264629066868832,0.0033809401939355072
2016-01-03,-0.028216680966311906,-0.013354911151300311,-0.0012696838992710528,-0.0038828474431072675,-0.0026194284646311244,-0.022703253008937767,-0.02532818553657987,-0.03069372305372575,0.019092874142655907,0.00327737284296324
2016-01-10,0.010894059453028852,0.0063762771364625015,0.00772450746895398,-0.002150102940893325,0.0063485453250649235,0.004880617065207888,-0.016305514655344314,0.062255531076458676,0.011910210765621376,0.004139546724569971
2016-01-17,-0.0010133620634367147,0.012261490490429051,0.004389803099562001,0.005401597494043234,0.00022033603516587093,0.0008495179584728731,-0.04596693272100197,-0.04483069060216618,0.005539792614956309,0.0038434736942979802
2016-01-24,-0.0007869570483229418,0.005393927851455541,0.0008126791101920805,-0.00329354694978,-0.0016043474380123897,0.02327918541181835,0.006321594608117907,-0.02598982026998565,0.021417006513173444,0.0034673980464573744
2016-01-31,0.0044947784739087435,0.0031694065243644326,-0.0021813348566121302,0.0019911156438753696,-0.006980011643077649,-0.0039065944782215554,-0.039839666189747845,-0.03889264601391576,0.0048393574710814975,0.002858740421679267
2016-02-07,0.007066741034166118,0.002774818739164988,0.014856609193701013,-3.481980019182814e-05,-0.0029727770032979815,0.00823391094748354,0.009968351873743894,-0.008132503177409132,0.003484318182785207,0.002923668860775281
2016-02-14,-0.02012682033136865,0.00904026712232423,0.0003563068622036781,0.006180114276259468,-0.003790081147943439,-0.01895172290741812,-0.2870281871043338,-0.039095746026780585,-0.008749024177730956,0.0033131458333115547
2016-02-21,-0.0469567731327587,0.008694475046044627,0.010847078565028208,-0.0023066633342526807,-0.006337063787577476,-0.006627673736351624,-0.020914892297347238,0.010997003576918823,-0.020702506708010854,0.0034275863523228188
2016-02-28,-0.0356063759465624,0.013818184801198069,0.025136167337734064,-0.0028042632697249043,-0.0038301180957492505,-0.0015966333026023077,0.09025523024716899,0.12761279304543308,-0.03647754191284566,0.0037465604282524863
2016-03-06,-0.0356593929898666,0.02145052637505094,0.008727887079952874,-0.005086871458413972,-0.010599869948502488,0.00870522363267105,-0.014990886735734453,-0.030318977778872096,-0.010430949975702038,0.003502024824712411
2016-03-13,-0.0009604858349595204,-0.002965307956932132,0.005121137088835575,-0.0024337486898081437,-0.01079685478707081,0.01621672245430228,0.13165547450274553,0.043718613104068,-0.02210366775755348,0.0030673172301678812
2016-03-20,0.0009608972416869611,0.00585988299060225,0.00655757848028907,-0.016375737531415295,-0.004477799797543182,0.005881799106141453,0.08053498932779199,0.07664421447899541,-0.022308846544868595,0.003914170683427755
2016-03-27,-0.038332272108051194,0.00827581865942772,0.004952112237914748,0.0020391053558752653,-0.0074435676376431404,-0.027746993175916907,-0.0115702778397629,-0.01909715187915646,-0.006391035971904243,0.0041546593950809165
2016-04-03,-0.03366872999077517,0.004038293163484103,-0.007915713702653567,0.0012423780720518063,0.013536569512696828,0.006330892083610208,0.05400351284311809,0.01290266995647139,-0.012898382861170374,0.004184659685180481
2016-04-10,-0.029254629898009938,-0.0022586902267813717,-0.005107764699036292,0.006517733924616581,-0.008581671880995618,0.0006330817131202104,-0.01664460289244619,-0.020406297069585626,0.009643598467427053,0.004057860275220612
2016-04-17,0.004440485521933965,-0.0008929587079456672,0.0009560268310759709,0.0009646324375724174,-0.0022267645923443437,-0.004381900808845195,0.004670844324860858,0.00636601759283571,0.008205951980020266,0.004020365297588565
2016-04-24,0.027649502201001243,0.004833743006805781,0.0005778967003726208,-0.0074793841189995415,-0.0022971074916132337,-0.009470534960689862,0.01244253866142631,-0.04845613580316677,0.00725894210891329,0.003992998017051913
2016-05-01,0.03147213066175052,0.015904915975306723,0.0036141133121355036,-0.004120979464324632,-0.0030447714885197524,-0.007855137465759549,0.024438522367676515,0.05125894391968904,0.0010461775471265046,0.004117235115374136
2016-05-08,0.030946534563268714,0.0038077872748756097,-0.00565048573935951,-0.006855710183176769,7.05975143960347e-05,-0.0013614166406711338,-0.028919746618919308,-0.024113870409476053,0.0241406276006752,0.00395107364065683
2016-05-15,0.029425285700362454,0.002526692353389881,0.010955291360195584,-0.004446711950841512,0.005015414319988313,-0.012431419411575871,0.014802589233451286,0.007535208499257322,0.021909803273468413,0.003833020525991997
2016-05-22,0.02842068757376628,0.002157973332463366,0.0032921875142412774,0.006865298595455595,0.0005398473652433301,-0.028530771411772342,0.043880928719644385,-0.0032152023216593367,0.011829671019328263,0.0037000905464146926
2016-05-29,-0.011984025420090728,0.004614369245363996,0.0038921499695149272,0.008504800722663963,0.007798092855660182,-0.014094110624290284,-0.1635600283876852,0.009281914926210147,0.0052406620847747784,0.0036901647209672712
2016-06-05,-0.05417670672867683,0.005709545323729064,0.007079967440194183,-0.008526663790395045,-0.0021732218447771613,0.0032635203277968684,0.1574174834728846,0.06520760419558844,-0.04944347161219341,0.003709039031504893
2016-06-12,-0.048288207337698744,0.010896422937128494,0.012250573931613497,-0.020129529453366615,0.009127164212500635,-0.02577170514296387,-0.11492387996392714,-0.007792812138557269,-0.003432784764571049,0.0037895307965093205
2016-06-19,-0.04048120599799364,0.0009246076916412322,-0.003732006835949687,-0.014632188285740045,-0.007701733725061479,0.018967889622576412,0.05607566597922925,0.005163569127796958,-0.03723297401317614,0.003484139416129794
2016-06-26,0.0,0.002328831061451437,0.0007500043194296912,3.538171514096025e-06,0.0011464888812896402,0.0007714090630177499,-0.00027834027068382786,0.0016462323577394055,-0.005726305868153921,0.003513633409210119
2016-07-03,0.013923814499418749,-0.008951729194233263,-0.005816749685248234,0.004320053768818521,0.005422140953149604,0.02342949277416123,-0.035916401230605764,-0.008294150452479132,0.008193637245307061,0.0033065639182512764
2016-07-10,0.012274726335242044,-0.014549753332145808,-0.004805202807077961,-0.0010354467360891367,-0.02029690839553813,0.009213180839101848,-0.14112021272824116,-0.04075200344423445,-0.018689028997545126,0.002832124394025106
2016-07-17,0.010834073335822333,-0.009823910666427932,-0.013189482837225909,-0.00065060137267908,-0.03304151974261629,0.015890552116979522,-0.12010301573778835,-0.06374818547512782,-0.024432028613164496,0.0021286043084302324
2016-07-24,0.020876405829332464,0.010029259503228789,-0.006520705830928726,-0.006077570664068454,0.0012994248992184764,0.008311928225815687,0.04680662107082012,0.04998158312410657,-0.011839302068093962,0.002460616356245668
2016-07-31,0.019858769130914635,0.003027564766083407,-0.005790283150185399,-0.005667457381943102,-0.020921398499254788,-0.00826717745216845,-0.018647332194203108,-0.0524623545015277,0.0006218405869517442,0.002259667716994507
2016-08-07,0.02338239020858309,-0.003150548310366382,-0.0029187851082186304,-0.003626204214128725,-0.016343292162351072,0.0014944536133580579,0.06134384155186814,-0.032068829515165084,-0.01035948023527831,0.002220108567364876
2016-08-14,0.017615606893978234,0.012684080332161122,-0.003977503197430411,0.003961269325204768,-0.010312069546726244,0.007143283861938882,-0.10932455888697934,-0.08538844169949494,-0.0012720082406085858,0.0022001418647175142
2016-08-21,0.027676166617151346,-0.013182890026126479,0.0014185099564255938,-0.00011368868808346194,-0.010859739165305663,-0.0020340845586317843,-0.08699144629080766,-0.08229273826787054,0.008560276977834477,-0.0035320898715071026
2016-08-28,0.029864457233201202,1.497932250328736e-06,-0.009979038898997643,0.002680098279093971,0.0030568785536282893,-0.004406058028705224,0.2012570945776635,0.07231825102801433,0.006235314068175457,-0.005181063513691413
2016-09-04,0.02683722950442925,0.0011583231305996756,0.004711816083813767,0.0022438695011570003,-0.005772010062251208,-0.027780047005519424,-0.011234734913568956,-0.034657452733024605,0.022524132537498496,-0.023275784928787666
2016-09-11,0.02321345423181166,-0.0010564113650808873,0.00409596319195283,0.0061685298237679044,0.0049858785941581515,-0.032726007787229894,0.13169568580087287,0.009487254932102503,0.005799890780294522,0.001619106469113494
2016-09-18,0.022989320816780297,0.006393805248255848,0.008596727534399932,-0.011635507089495557,0.0024266350678048844,-0.0435654518823738,0.09819010433464348,-0.04763190699316442,0.025754971790417254,-0.004833729784571767
2016-09-25,0.008569696846497967,-0.006866933182397069,-0.005607981207613022,-0.009401798349998183,-0.007578213849961274,-0.007986254667359896,0.008059054023105899,0.023204235519965397,-0.004323723271696557,-0.0034319782019553258
2016-10-02,0.010074850066634862,0.004767888497077651,-5.124426578628932e-05,-0.003777763788140811,0.0102240932823706,-0.010499776973155388,0.009058723116103139,0.020694452805898496,0.005099253325652132,0.020241521305128404
2016-10-09,0.0022286431688179477,0.005787763863826778,-0.008687304594208389,-0.015903767617473162,-0.016990744047064535,-0.027005691060422377,-0.008598789109818483,-0.04998361113095612,0.0008845900311315826,0.02715708540450722
2016-10-16,-0.002611526289366169,-0.0007566499118537359,-0.0028113713164953356,-0.013323851170170086,-0.015158678057249983,-0.008618686068983769,-0.15725646506314142,-0.08577796310816152,-0.0021054438574369476,-0.0012814508224144616
2016-10-23,0.0044210960860499434,-0.00047817470130969146,-0.00016596497205444917,-0.0044575515711880245,-0.025970502510271044,-0.01060793995242352,0.028735710495742625,-0.09999762370051317,-0.00600353037918831,-0.017701991851844904
2016-10-30,0.009081370913436198,0.0009336644053705305,0.0018813043364570043,-0.013788268192508422,-0.012493813575227755,-0.03341180295529157,-0.03951924530168181,0.03827917698304085,-0.0010941964725147421,0.011317066753597088
2016-11-06,0.0012169952439617375,0.00972462387799676,-0.0012840550689475082,-0.01399146953057772,-0.015358211871120176,-0.021661517555263902,0.0367079999768243,-0.06874892210263417,-0.012728533302930885,0.007216783426376358
2016-11-13,-0.011217849086885225,0.007779820397228958,0.006463350270812919,-0.010674131532562178,-0.013775882752024127,0.054929315532389014,-0.04689229778391445,0.2145770811971131,-0.017057697414005108,0.003592522045990725
2016-11-20,-0.012114810275964866,0.020185935636831024,0.017253522916950797,-0.00046673019070981106,-0.006239836077174592,0.03438941766047898,-0.023689264650351798,0.0465256002854497,-0.013400437971114032,0.0013264022095884527
2016-11-27,-0.002421695084728218,-0.001798148313870436,0.005262498249639943,0.0007564499825732751,-0.0027926662585781017,0.008305723486492129,0.11705185950202537,0.10698675999813344,-0.02692511675445609,0.0013072824395598964
2016-12-04,0.01250263156348705,0.00303774224315626,0.0019009876799232104,0.00219069935276667,-0.011008174620561915,0.0007290822131204902,0.0030832791990633435,-0.03737413262169032,-0.012246039507617481,-0.0004898892092623564
2016-12-11,0.012570455222365159,0.01159151192315023,-0.0015880073369461845,-0.022065105026995605,0.01820778157946099,0.015854914767868152,0.11576647461209885,0.19544328020895493,-0.04259506001969825,0.002952267490974234
2016-12-18,-0.01889846874340392,0.0007460435032074178,0.013674746466491897,-0.02744294915460543,0.0027014322352115244,0.025343862854183465,0.052296159992430875,0.019527845087166144,-0.04015800831886724,0.002842193935348249
2016-12-25,-0.04015826937426074,0.015311511700486332,0.008288500421432525,0.005050361495412215,0.005193810072878435,0.005061367014556815,0.01058912460519962,-0.00025190373069887325,0.006650827615367369,0.003092096268312901
2017-01-01,-0.04176951980793351,-0.004920654084649204,-0.0008417194769263772,-0.0029850967006292105,0.005332810197726178,-0.002756585605518839,-0.008992138110520022,0.0004380055666684681,0.015269635852254947,0.0031003280458564795
2017-01-08,-0.026585359158982916,-0.002475857586057272,-0.00307243631784039,-0.017531732605283092,-0.009284349845845113,-0.013619861603705102,-0.0059259368742160595,-0.0019197213671328626,0.02073110739364301,0.0030959362324671992
2017-01-15,0.010986444237191348,-0.00712262593250104,-0.003249958527621416,-0.040063425714992,-0.04539585829359991,-0.03309814007512444,0.02586079915775938,-2.648201692468052e-05,0.06294620358713418,0.0030503651862179917
2017-01-22,0.00802481462527185,-0.007764871570754019,-0.0021461973516878085,-0.03343131547906569,-0.03255724401768545,-0.04287081493073817,0.008660082508986276,-0.004521220643248805,0.01777748365945973,0.003007869388973153
2017-01-29,0.011000828953933603,0.00981725175074708,0.007892274846503403,0.01720209208064896,0.021096325884418433,0.02090927842577515,-0.012707590276056734,0.00528703048330408,0.013374795776612743,0.002975431732127135
2017-02-05,0.011214009118496827,-0.011201218231385788,-0.005622110118926017,0.013969322677599103,0.011906480427765377,0.006873162275300867,0.018819779791860742,0.0009909327649658885,0.04468597871620999,0.0029247196729697837
2017-02-12,0.011607636833881697,-3.502658161681746e-05,0.0015351280056568424,0.0057795005499882415,-0.010627678061754287,-0.017871598743440357,0.0059801321195985324,0.000811594310248927,0.055146240529291124,0.0028963581560038664
2017-02-19,0.00024688614980076894,0.004544197325239355,-0.0023091381902175813,0.016153747506285614,-0.0064646146290254225,-0.03576665224611761,-0.10878416839571493,-0.018937700254292627,0.05404498213376567,0.002851586882585283
2017-02-26,-0.0365855849506615,-0.002516111636542393,-0.0036152128810716484,0.0011454346088441254,0.00936591212609392,0.021817344869377333,4.831351060547861e-05,-0.029891509882338196,0.003996741500253231,0.002783878974837886
2017-03-05,-0.039573365662856616,0.002219425747569517,0.005521762771150259,0.006878001883667532,0.006322709021855025,0.0014484363329246332,0.011619560149409696,0.003998617914209119,-0.012082294756072325,0.0027420001459353823
2017-03-12,-0.03501737445673433,-0.00967281000844064,-0.0037906960590620084,0.019727387773448905,0.02845785451010847,0.00587780076419276,-0.03571751890421723,-0.017170438111410072,0.02411389584960387,0.0025274350978354795
2017-03-19,-0.029078811947675098,0.00020471102576285623,0.004636789147640679,0.017782226391950044,0.0440154539577014,0.01420238204622684,0.09695291398989962,0.06164264854216252,-0.0012532814457581628,0.0022055606278204598
2017-03-26,0.015939988714571557,0.009118591816816736,0.00245739598024375,0.008077232832944339,-0.006718977894074892,-0.015809600236663314,-0.0012290766508841512,-0.0035282421111127314,-0.02612488294300886,0.0023520840296409793
2017-04-02,0.015629661525435615,-0.012576991372954364,-0.012179087278803567,-0.0075492364675488295,-0.011192087615908123,-0.0082833467731908,-0.008084949947350081,-0.0034908810514526706,-0.02504372712810911,0.0022203866785208875
2017-04-09,0.014524773560128192,-0.0008487448223969396,0.0044262826463838415,0.016803110204986784,0.0025801416918917585,-0.01643377093713388,-0.0021317199640102603,-0.002531432135135097,-0.029972131842053086,0.002222904259441702
2017-04-16,0.011466687390805724,0.0012325854298052981,-0.004981964808840614,-0.005596146498554438,-0.003126967603838471,-0.007689751018493882,-0.008838151760486673,-0.0017957463974719442,-0.00890371536638925,0.002149611141241009
2017-04-23,0.005906347378791558,-0.004051340857037287,0.001117570563991418,-0.0033375038671076846,-0.005239830939215854,-0.013418353762638984,-0.0028682393996923112,-0.013754428324870326,0.013388760255663682,0.002116800280943494
2017-04-30,0.023904700465569806,3.501592175009219e-05,-0.012915025826401635,-0.009806598716297563,-0.020055883424434894,-0.0017209788606253385,-0.011209448316423946,-0.07257721186500876,0.0039596536683714845,0.0021027058272157085
2017-05-07,0.01672278072876149,-0.003290339778433289,0.0001085141415806199,0.009873121575592888,0.02816048849482799,-0.01013761691441153,0.0007238087549393227,0.006950465367345089,0.011740205654365635,0.0019989936465116703
2017-05-14,0.02343401865389882,0.005402360063965781,0.0012551655071740225,-0.02399556818966331,0.003040982340296502,0.007254246924493489,-0.0006839836320101554,-0.009199084895912075,0.011587941005653078,0.0018517810256362445
2017-05-21,0.02325569837112066,0.019268709690562814,0.01275726539248143,0.01653568212248574,0.0360613448076829,0.04312769792219808,0.02401238603044636,0.055004723688429485,-0.0009412325046576089,0.0019802056895689593
2017-05-28,-0.0037991836743998335,0.008730575642389613,-0.0031885077585725487,0.011349737143154418,0.01672162333777361,-0.024920741065752823,-0.0984383758471557,-0.0425710855804597,-0.01023281064107995,0.0019889849427956467
2017-06-04,-0.04329339362459195,-0.00662427081651314,-0.00017329529678306222,-0.004471450419174725,0.01332904486221548,-0.018576814355657417,-0.05914812605619604,-0.014644445682175251,-0.015430888832955436,0.001777191932251788
2017-06-11,-0.03705482235931418,-0.005174489574884778,-0.012534277101807484,-0.01008273147988322,0.003827817313510471,-0.010937964737463588,0.07691500638000974,0.04696878714591368,-0.038892066846672686,0.0015748197206052281
2017-06-18,-0.02599744654774712,-0.01097545766073063,-0.021679968291828906,-0.030931547864611938,0.002963285413554289,0.034746938433119,-0.057802818498974236,-0.04017034894528861,-0.02347235397793768,0.0007702864171218009
2017-06-25,0.0014009264718896231,-0.002587933801393511,-0.011780867613234993,-0.006333498823375328,0.00798756780710569,-0.02151488588892423,-0.03445031239978466,-0.025963438155666818,-0.018557338235609806,0.000648329332816516
2017-07-02,0.025627853765134958,-0.008035612227731723,0.0005678988134828902,-0.010379263219653097,0.003137068894456426,-0.0008293832390824462,0.07424245313729318,0.0370427712460281,-0.023318510024515366,0.0009573888006214671
2017-07-09,0.01842980998261561,0.008283366226278916,0.0022256132402274113,-0.024212839222710527,-0.014980494092632801,-0.03632210669942996,0.03007001231781811,0.03178684704086789,-0.026648935528329653,0.0013999194622670186
2017-07-16,0.016177004784815537,-0.009533876310816926,-0.007528927946539342,-0.037008907735567476,-0.03124120767086211,-0.02988449862503785,0.02330446861397635,0.025330845187690295,-0.02910728448979027,0.001579725622442198
2017-07-23,0.017161117522967537,-0.012240952108954494,0.009959116435809007,-0.03659638758095976,-0.05036132939339209,-0.01692523565144647,0.025676171438461314,0.024299944324766166,-0.02537926516598045,0.0018205247546154606
2017-07-30,-0.003923830641888573,-0.0053509585535839645,-0.0016160041135342383,-0.002852949698414538,-0.007790716524585462,0.03938035468264477,0.01331376769127074,-0.02725601632862472,-0.03429503524634633,0.0019457747556602986
2017-08-06,-0.020706256432897013,-0.005287847676128062,-0.006621197172004171,0.0376674917553111,0.0058503349856738685,0.028997246824221397,0.010767838463492,0.014009623800597615,-0.004627440390662374,0.0019308862024486975
2017-08-13,-0.013993140584148484,-0.01229410644570561,0.00216785300586543,0.008901731536434804,0.00509904750055462,-0.01761984412857177,-0.00908125679208952,0.010049855195755132,0.010180499739223007,0.0019351289597963218
2017-08-20,-0.004424540904373645,0.0002794938537191855,0.009711585869647694,0.004089471934277786,-0.010005859157022887,-0.01735757413294108,0.029400753843312005,0.003242794977737429,0.024730275871022406,0.0018552134411697608
2017-08-27,0.025996283990218142,-0.0007242407486639147,0.006459335297579146,0.00842212764895946,0.0059196797619448455,-0.005771962952576888,0.007426283067941088,0.0005004858264436125,0.008178549830971505,0.0018636800098896103
2017-09-03,0.034931994376887626,-0.006070864838076763,-0.007165991236837565,0.022193180025760133,-0.013468150895873365,0.020580203322605156,-0.007074090807468543,-0.02248031720048511,0.017348640679623415,0.0018735581579347239
2017-09-10,0.02969723596522333,-0.005351554267473019,-0.0052268801179644045,-0.008790690405745708,-0.01420209581955922,0.012186464055802822,-0.006782878662462234,0.00011726238382868061,0.05950684659960884,0.0017396036086976532
2017-09-17,0.01811397778416092,0.008510200383899609,0.01086481348458631,0.007132014593887473,-0.03553940025965557,0.009288794897169057,-0.018989390787445302,-0.02055772764595825,0.021678183644581638,0.0015450461479174864
2017-09-24,0.014939010863508585,0.002224209573290407,0.003531336541204446,-0.02766061292044729,0.006888855742505567,0.0040462215848752784,-0.009616769924118532,-0.0052767144837256525,0.033749799283376715,0.0016263545489783664
2017-10-01,0.010479094064853632,0.004306061527574567,-0.009791932318109514,0.007792047763713217,-0.038103320433483884,-0.03613063234785145,-0.0593067363026555,-0.03914119921433152,0.03579857431578429,0.0014997015142826984
2017-10-08,0.013903993871577905,-0.00013960905571602222,-0.0016662793667208027,-0.029425298307781216,-0.0009662930011586932,-0.013103452431789751,-0.00272342462894236,0.0237690534713084,0.03163754187677068,0.0014501682884009558
2017-10-15,0.016083741663225525,0.005831064247448058,0.00014100939765982544,0.0055809557799444375,0.009740334237344963,0.011457324719948583,-0.016591362294725097,-0.0012317706450417044,0.040826857458752135,0.0012394769072177978
2017-10-22,0.015145349495621456,0.013270830691709616,0.01214145099964443,0.006101285937474049,-0.02349978038906198,-0.01680097362570949,-0.009782535543021057,-0.0012251086751806498,0.028366319575454442,0.0008505469330652548
2017-10-29,0.0202883846252421,-0.00978525079055828,-0.003960703703223753,-0.04065851655405336,-0.037389699135072674,-0.002816007449268962,0.022516044284547107,0.022457304626013634,0.01030330392941625,0.0008985503553323113
2017-11-05,0.023093477422195474,-0.005213483801532181,0.006215950677980868,-0.028319613901532363,0.028070228257624754,-0.02634928660761125,0.009679812833393937,-0.010063273049061312,0.011615096209190002,0.0009459020168568683
2017-11-12,0.0208770805562165,-0.004110697509632492,-0.002961124316269314,0.03683598526217734,0.055695699304801456,0.017458005213415815,0.0031965260395634483,-0.013198696162626491,0.008727629988631816,0.0007312345233231584
2017-11-19,0.012679811520145842,-0.005228192080071751,-0.003113702945335084,0.014159637507191613,0.030142103311005516,-0.010253996859388423,0.04213327770763075,0.021023648820646,0.0013573438601017943,0.0008368688696074561
2017-11-26,-0.005276356082036929,0.008079249766447562,0.00548612644161623,-0.010324495480379997,0.023976492913523093,-0.04864903932298143,-0.01875426400212009,-0.05417974726499284,0.0014930142418261379,0.0007610437007785879
2017-12-03,-0.044446025478795836,0.007075530517214718,-0.0008680898286061915,-0.010850451643119527,-0.054884060584327904,-0.002834889161938244,-0.0120487769609501,-0.0742526053596303,-0.025780495845607692,0.0006744274638712037
2017-12-10,-0.04403704138154869,-0.004531553697984048,0.0001109424859780503,-0.03362320825738109,-0.026286218858747504,-0.019378454845273174,-0.06841258503553507,-0.07147632584944535,-0.02225184884870194,0.000519011072347194
2017-12-17,-0.032570532562776845,-0.0024508996227821287,0.0019481749114594565,-0.04206986512012643,-0.021479286283022602,0.01810979848018273,0.04296836141751415,0.0761075207600889,-0.008755048745362223,0.0007393099886644557
2017-12-24,-0.013161118645777474,-0.01094330483001308,-0.010775310328153806,0.011039320075772803,0.009380809254877795,-0.009134935329328684,0.016466256044973128,0.0008344497704951204,-0.006418363178072251,0.0008652254469335515
2017-12-31,0.01508385619796168,-0.004482868783673161,-0.0035517097619805664,0.025917430808320603,0.009817071846197588,-0.014988566700148963,-0.023398508320364095,-0.05765335190331404,-0.009915460389831486,0.0006333341707711579
2018-01-07,0.018010811701010963,0.000494126973367623,-0.0009830540676795305,-0.0021092380709718237,-0.019161025701351447,-0.0032506386035954654,-0.02907179246978563,-0.07555849307933912,-0.03204624812388467,0.0003925875736591311
2018-01-14,0.0226376050000105,0.003596396190650694,-0.003957612376765623,-0.0022057607948608375,-0.05763138956456784,0.033863327566241545,0.03659244652262328,0.12625078722783395,-0.027514356283856272,0.0002911131338928453
2018-01-21,0.02459344293345275,0.009476348234072564,0.0032459625510012093,0.023789270943000866,-0.01854190810216797,0.005427974021660285,-0.029475794417323196,0.0433659202562056,-0.028593050744966392,0.00046282314601572985
2018-01-28,0.018582118361315562,-0.013782588006344349,-0.018950836283437782,-0.020899188566804075,-0.012430679672868728,0.05426595625330539,-0.06322759733538813,-0.30267534711103594,-0.004985196714444677,-0.035247930197836445
2018-02-04,0.00959053531326918,0.008118711635549137,0.006687608526582971,-0.009910105947686662,-0.002879773647536636,0.02239194786505948,-0.0055693867448267705,0.07473755797695764,-0.014432728448500586,0.011306180810532822
2018-02-11,-0.0023661584806383366,0.0056547709195304,0.011681766088546972,-0.017184856720356315,-0.018242653089364288,0.036453948013874506,0.017268639259245332,0.08791210227037884,-0.010900999204238216,0.019081361098194017
2018-02-18,0.0018617280420816734,0.001882798616385864,-0.0012805798404894192,0.018971789574873325,-0.010530799231554368,0.027818629604041092,0.033044638037311655,0.031907365782169884,-0.005178361847061367,-0.02017193667582481
2018-02-25,0.002145183245369331,-0.0011875770476485012,-0.003646169238746071,0.016634134648611198,-0.010176954884530551,0.01773173299649576,-0.013615901338672975,-0.1118893057763238,0.00018118088862796488,0.006020660402125475
2018-03-04,0.011180504348493506,0.010254909679245375,0.005557602622452258,-0.010236081914405021,-0.007031437728132437,0.01832988750803869,0.021054667164485792,0.11591844411235808,-0.0016759214906403891,0.012992789786118028
2018-03-11,0.010449471391067208,0.011840763486819889,-0.00036116804078721837,-0.021255781848332957,0.0004762444429365888,-0.010456426956924694,0.026540379866028148,-0.050586482403120574,0.003791170183725928,-0.0003278266252908243
2018-03-18,0.012559845367727132,0.006105871737600308,-0.0013797003173062039,-0.04780675420211711,0.010364103521376187,-0.017118349020932747,-0.04538229745678742,0.05835960754964472,0.007829578465736422,-0.0005578325353098575
2018-03-25,0.013411537004572507,-0.006856335756317719,-0.007317924943000175,-0.03378118539849676,0.018928975506646836,0.008763702140689248,0.029952381931238302,0.03027481458733309,0.003358647076946583,-8.971849856655911e-05
2018-04-01,0.01131438271340704,0.006387201253892587,0.0002081057028951808,-0.022107004592443195,0.008250062179767181,-0.05409231796067093,0.07986779518661344,-0.005036484504919872,4.986589422513871e-05,0.00024570617852433057
2018-04-08,0.0005459819423735141,-0.004000083598714669,-0.012215029634327324,0.020580206360914007,-0.00920217623896908,-0.03586475335300831,0.028716213210050693,0.0006606464965040977,0.004461058130681603,0.00037223214098167074
2018-04-15,-0.0009758008329915912,-0.011749100506573712,-0.016338745180166717,-0.02500501903488496,0.010056412831112733,-0.07625221269447706,0.009493646830694289,0.006872566940727475,0.015163181555472575,0.00020437299566002229
2018-04-22,-0.013898495490644976,-0.004456119194360538,-0.005507439222490093,-0.049178040410883375,0.047546564499631544,-0.10005177081636775,-0.00039982135636940764,-0.012331547709241558,0.007645996921729369,9.033547511175556e-05
2018-04-29,-0.03177430578702496,0.005166723637743023,0.004215802123098867,0.022514543303367864,0.022871326760184697,-0.0015142351196020998,-0.02282500557217181,-0.01632638612153663,-0.020261946186693653,0.0005330503030702376
2018-05-06,-0.009397269945673142,-0.017594245507062484,-0.008854869444197352,0.02534654511106221,0.015621462208636567,-0.028937156908907774,-0.04251563997927167,-0.1546656609265114,-0.020284266983849573,0.00020615685633687447
2018-05-13,0.0009681224408268676,-0.001381964479786007,-0.007402128643832157,0.006662808050337151,-0.013367044755994152,0.013906497841932607,0.005048766049462082,0.03780162231991737,-0.010135197765648968,-2.1744837308699094e-05
2018-05-20,0.0039002154804156277,0.0015248240287048897,0.010607700523031179,0.03219963884204642,-0.06280794460377298,0.010777488316627296,0.026803290436024568,0.17019103446631928,-0.01939867069087864,0.00016935068592124517
2018-05-27,0.00601667639803583,-0.002289850805666612,-0.006567535294167348,0.03499871898244521,-0.04061832471587924,-0.01865813667603205,0.001611890106926163,0.0315788953917808,-0.019515607546285837,0.0008288322895948632
2018-06-03,0.008944106621694575,-0.0009467586689183687,-0.007081400702389461,-0.07630469114327222,-0.06719206918385327,0.001750340980814062,-0.010203810250041839,-0.035471953596169926,-0.008539991723202653,0.0006074001736517484
2018-06-10,0.00597891410191316,-0.009377070034140022,-0.004776657670775539,-0.03929242199632194,-0.02382411253489065,-0.029185894969483952,-0.019305383287414133,0.06899484548602088,-0.0026105008547582507,0.0005053550260841305
2018-06-17,0.0015893931237787613,-0.02080391301570498,-0.011817340851546882,0.0344947078839303,-0.001108665226127646,0.07732530360365768,0.042047226119459,0.035726318776240086,0.027358308986141725,0.00031119189506701605
2018-06-24,-0.032729045486609425,0.0007562078435028615,0.006379016141705547,0.012875596006837435,-0.03523864644597413,0.010732650488303979,0.010827349744048998,0.04184708810966182,-0.008829289648542207,0.0007747394987822321
2018-07-01,-0.039592135147162956,-0.019594126067705064,-0.006605576628594919,-0.032096736117459314,-0.03355371563570846,-0.010859832372731503,0.0019050117450615106,-0.016543184489896508,0.008355416862535091,0.0008460405843486735
2018-07-08,-0.04164408941623568,-0.014967078492821658,-0.014012592643440533,-0.019569184389747526,-0.013647930812061336,0.0005921533556532715,0.022133558097517336,-0.011337962468271885,0.015267919097317081,0.0006741716536648684
2018-07-15,-0.02478529353795137,-0.008671773313328988,-0.004264808639733038,-0.006572457303313099,0.03135689877687317,0.005987815587167022,-0.010956646232272533,-0.04655962221447987,0.017571446293451393,0.0002508616531733453
2018-07-22,0.021136708919894363,-0.021871898972242974,-0.008460694906252985,-0.01526591611633325,-0.0032885943087609354,-0.013699944676879803,-0.008401870420690582,-0.019942561789490148,0.022372633342414364,0.00023478499845234362
2018-07-29,0.024936156220704584,0.004147400607198749,-0.002230401857439169,0.017194148875006508,0.07385659477224014,0.0018904033266337957,0.005427556033075032,-0.09444905691170424,0.028756748268890436,0.00013738397559861192
2018-08-05,0.02305564422736453,-0.012959781854697176,-0.014250446458477579,0.037305874113054874,0.030599312695612696,-0.012945029369312737,0.010799649363539098,-0.02418476011326468,0.02176837545029165,0.00028844072818407136
2018-08-12,0.017382223154326235,0.0007956082326226075,-0.006958962174683773,-0.007788422404779387,-0.024362494417775802,0.009185691083195368,-0.029249613974318075,0.04687084967357229,0.01885648707800175,8.854230705880883e-05
2018-08-19,0.009862821049558912,0.01013095269400964,0.004219685529746297,0.005454289585655207,0.00040829085222680666,-0.057751648963959054,0.011719124570366926,0.09624996949544062,0.026223866702788975,0.00019295147819776396
2018-08-26,-0.012577110649851172,-0.00543566134001666,-0.005627425754365734,-0.08062979137249836,0.007989567958261131,-0.011451666114692255,-0.02857731432468518,0.036814415001928995,0.003792275779393903,0.0004169323300652626
2018-09-02,-0.019048634119882557,0.0029272568409802495,-0.00360980080034667,-0.0026325405085957524,0.005768568549891765,0.02281529021897992,-0.004787200883605124,-0.0061067124639044715,-0.011364783229137853,0.0007422761519549421
2018-09-09,-0.023308444975469706,0.0042097947360102035,-0.012387560250149943,-0.036988623151426606,-3.0503253813250025e-05,-0.016334142639606145,-0.008285445588274924,-0.028931471684470356,-0.011691613264986616,0.0006225120005592527
2018-09-16,-0.016678214951635018,-0.005796835218414213,-0.008594054569228153,0.0025565345118718124,-0.0027254553872277866,0.030497115589338902,-0.016650294734003694,-0.029251380188052175,0.03775335562721565,-0.0002789697573111131
2018-09-23,0.0030768429740806852,-0.026504446284600892,-0.01793215817140473,0.01944266232713496,-0.029514177402088955,-0.003379810640893783,0.0013037918350597675,-0.1678362897207663,-0.008162525880939507,-0.03160525456338091
2018-09-30,0.0025396861073571477,-0.013767303272804048,-0.018569867411777845,0.008850849710878263,-0.020586728874931223,0.0009113787733313937,-6.276846102010206e-05,-0.21484899138924485,0.004812120725894556,-0.00550007244860332
2018-10-07,-0.0005977130548971418,-0.005930772445961275,-0.0034441238998212708,0.008478183787295706,0.020799447500266476,0.026763128708808957,-0.008352705543668022,0.03341208258465119,-0.01798422628984534,-2.3001231252541268e-05
2018-10-14,0.016178654454906054,-0.000937975583121641,-0.002032585883359013,0.019461352338503515,-0.0019806929224411075,-0.0441779641727337,-0.016157128395692482,0.10216933625019292,0.0034109294830369616,-0.01244910611472573
2018-10-21,0.02119417877015633,-0.0013902488949727905,-0.007869819158931373,-0.004430854520901998,0.03434114504503172,-0.012743225909892917,-0.05448889686218495,-0.09696855504864636,0.0015720162601063424,-0.005723458719360118
2018-10-28,0.01916441313891443,0.006687601099591937,-0.007212599416742028,-0.02552202369304715,-0.02420488367408626,0.004855371172393359,0.019484959508848255,-0.12736160427512386,-0.026568486387927748,0.01859070410778231
2018-11-04,0.015182945981878308,-0.018643350724157327,-0.012880486284751727,0.03136522125136339,-0.007030117459821221,-0.004282379741441018,-0.03611409315782874,-0.1367098329938465,-0.00018774406145449603,-0.022108107712997475
2018-11-11,0.015030509365825518,0.0027312082909512225,0.01915843643452198,0.02851474749085309,0.011810196575316111,-0.00713685688961418,-0.039437000714518874,0.058918365294578195,0.013681610821102693,-0.01854849528620224
2018-11-18,0.016149279035010473,-0.012193467403169511,0.004222649254443871,-0.018005226317618757,-0.023513195207616917,-9.709691689331792e-05,-0.03256245718878179,-0.18048230983088473,-0.005220863883783165,-0.034523308266865414
2018-11-25,0.0073557638254913345,-0.0006688820024887563,-0.002995657395687702,-0.024479059740977742,0.003362008299982465,-0.01343572537699478,0.00835037556027985,0.008506956880416344,0.00700637129795107,-0.005604152361340041
2018-12-02,0.005268910656720684,-0.007358038176837069,0.0028634690563305045,0.026429000983979375,-0.0317918283701676,-0.008328995241010495,0.01285226645064343,-0.2960066620972138,-0.004595465047206945,-0.009328886055188427
2018-12-09,0.006907205885201171,-0.018425057604146894,0.004157809561299757,-0.06597220294695699,-0.025864193726297675,-0.00954637547719172,0.05396900980327892,0.21408143217837364,-0.006769600380078754,0.027247362608504504
2018-12-16,0.005184637283930494,0.01465254068838716,0.0054283883811661205,0.036228997667894135,-0.029245702203951097,-0.004311873066689929,0.02869035647496741,0.3115213146153135,0.005661904187069049,0.011469129142048734
2018-12-23,0.0035140113489588076,-0.005086171398649537,0.0012262149962789053,0.001537500574489514,0.006716237463766283,0.023788518757316298,0.03760463753457028,-0.12829476708473567,-0.014938788543536002,0.007274869181167684
2018-12-30,0.0035658025578934544,-0.005974552681251018,0.00352926820425926,0.034907149863830554,-0.006263476444181204,-0.00631387562832491,-0.07094184345331801,-0.18332442475180122,0.005790829307579977,-0.0014322718906062443
2019-01-06,0.01423315517832611,0.020995084853421414,0.0031078344468580712,-0.06802813558718428,-0.01736142231147376,0.03014312474728518,0.0388802576974301,0.26796780166067846,-0.0056137897065039865,0.040136974518179595
2019-01-13,0.016768835255831525,0.00917831195046462,0.001897700106966529,-0.03307742673446425,0.06770054555699935,0.003641745562805894,-0.0033840866574804114,0.04582220480515905,-0.011870257821576656,-0.001424898883730344
2019-01-20,0.016426873722739578,0.010171150049273596,0.006270021947588191,0.009407749132431356,0.027034394946972663,-0.028567216761946287,-0.02828879302405477,0.10669396389498777,0.009697298475141738,-0.001002706538963594
2019-01-27,0.015692863807804377,0.005509195722000715,-0.002858046274697229,-0.03380822357439096,-0.006044342035846921,0.0069912069553772745,0.05606564705749421,0.050359015900179736,0.02285109548042872,-0.0011261832605505644
2019-02-03,0.015026888241499517,0.005398296055905865,0.01424228442082402,-0.023676451310209814,-0.0002608485587660639,-0.02586763803409135,-0.017205008170484724,0.02819667395259372,0.015561189870695241,-0.000962966132304833
2019-02-10,0.0068011039902745015,0.0038422883891351236,0.006681187724140084,0.005602373054257143,-0.023009187700277253,0.004052205507921332,0.03513374445237499,0.05416063245645898,0.022051778355061218,-0.005053369017712883
2019-02-17,-0.004002256226114184,-0.004433312698476132,-0.0014523907910477256,-0.054493132463170446,-0.034791274101803084,0.008946155351830958,-0.03351193919587255,-0.19787735228980194,0.01236810466262429,-0.048779969809958634
2019-02-24,-0.005193099404232333,-0.005920405068789586,-0.010930187625356374,-0.012518419070951525,-4.585367692291955e-06,-0.029608882917555684,-0.0869890722237296,-0.23631572550489852,0.013244816971707214,-0.022325882447741092
2019-03-03,0.0016878656670102814,-0.009815866029874389,-0.014352731166544307,-0.03626701515786906,-0.03752133685434665,0.004036825868103587,0.005816438020355657,0.018585556213403385,0.013059474713339975,-0.010730831900000987
2019-03-10,0.004640080290586044,-0.007908219697178325,-0.008088491462539548,0.04180994730008278,-0.027199087825909338,-0.04803528820300184,0.10044320766905385,-0.0698714298708213,0.0061842998048499305,0.0258561951482195
2019-03-17,0.002774733003248167,0.019220464750890585,0.0060445144680187505,0.020952611746320102,-0.05898359603444,0.0013962227226747385,-0.15276901367329818,-0.18270762949664876,0.014722139443604685,-0.00465630457572185
2019-03-24,0.0017704104001305932,-0.006826867856947152,0.008982906244314375,-0.0359540494463477,0.032195329780605665,-0.010951362901527276,0.013815992680830294,0.11015944303726964,0.016626096413990422,0.03184904409971746
2019-03-31,0.003165534933511501,0.006236493983237941,0.001607657146035586,-0.008184330962685782,-0.015783310581015057,0.019217555547171004,-0.02797053633349119,0.1755714899096366,-0.003087294084504469,-0.027919724760756805
2019-04-07,0.0024655218022321367,0.006440473996098049,0.0015866781250936828,0.034019707070733075,-0.04629910995672557,-0.003600614154122849,0.10777647580642373,-0.12100871449281375,0.028182243580560196,-0.06674289398762169
2019-04-14,0.0028030460480722385,0.013233566178201654,-0.0129371689358797,0.020314087442741005,-0.058405016252069106,0.00038590524527351794,0.03205461064672541,0.08550334773010097,0.01855465119899658,0.022509839311170704
2019-04-21,0.010802768534258555,-0.004725427157351945,0.001833870785682507,0.01583695762361384,0.02944237632314059,-0.01996398505603419,0.03498732294860565,-0.10540500705913697,0.006768884175975073,0.010784571096388683
2019-04-28,0.009574183493078581,0.011683442610704208,0.0015742913162428297,-0.044868524216120476,-0.060031190141488236,-0.012715745761720108,0.02305034511232175,-0.22814086545004908,0.024471901890003003,-0.009058359905598256
2019-05-05,0.0018271487377253543,-0.003639638194993741,-0.010761073991107801,0.027378126869680167,0.004272698912533569,-0.011896902004701367,0.008400965587466603,-0.005229826464402427,-0.02614149080661702,-0.0024542710163887424
2019-05-12,-0.010362464413512015,-0.00339757626866125,-0.0255542513086135,-0.02115099182550881,-0.008047214418196315,-0.026340877862215117,0.03667728689665568,-0.21014972812259938,-0.026105459374536576,0.0019103906884502643
2019-05-19,-0.01850663587668359,-0.007398648948004304,0.003894459720485082,0.010285645778739897,0.1019230806370391,-0.029426395729443458,0.04479780665253214,0.2574797937498103,-0.034841215663870814,0.05831799840710908
2019-05-26,-0.011680658885656439,-0.013411811495450216,-0.01076521922237097,0.03737352691821892,0.13735531469425818,0.01735662716869141,0.005868869934337452,0.30642169876008857,-0.012899746382775034,-0.011904607607593487
2019-06-02,-0.010823228111332411,0.0053023771133023515,-0.0022824413145664654,-0.06392783911725772,-0.03882228269687526,-0.024537556304450186,-0.003595348620115487,-0.016088187295786295,-0.007832827785033136,-0.012606873656571678
2019-06-09,-0.007976500340505744,0.004675965406223766,0.0068572446076781875,0.04405805974381522,0.03081834511412179,0.028234101213114843,0.0031468809089365483,0.14785320234062946,-0.0008311872276714877,-0.030410366914464127
2019-06-16,-0.007212547330580496,0.001371473967041194,0.010395944337675312,0.03654771255221108,-0.06719087279476518,-0.014801935638083692,-0.022377691805455128,-0.17723053097838914,-0.01001182469119591,-0.04928781129778816
2019-06-23,0.0012984545011586349,0.0027007957421400814,0.00731418342995012,-0.0004360109290876625,0.035471965114021786,0.0141886336934,-0.01459034361779987,0.09715077620698441,-0.012993504817092662,0.05175962208187157
2019-06-30,0.005730627686095712,0.019098669612040518,0.019236556418018257,-0.027149329531557857,0.008581154540633712,0.04343414398233726,-0.00315669104853351,0.0445563512896438,-0.005588958715774402,0.00665146218411087
2019-07-07,0.011686986690331755,0.009169414426332883,0.008181832769409874,-0.002831447787470703,-0.008482059112609639,-0.003525336448354779,-0.001462974431243747,0.20489182991640167,-0.00398790694835691,0.008961896382409556
2019-07-14,0.010209585707511477,0.016986145439544336,0.018071257451622174,-0.03313439723746099,-0.07824737957617443,0.030604454301971805,-0.016978140271210546,-0.21499786622638167,-0.013058075084097212,-0.014613668726314066
2019-07-21,0.00757181752951179,-0.00435838288853218,0.0035793369066750465,0.01788632808538997,-0.030162949234131903,-0.0007847412552413808,-0.021224814301224,0.2884665314298374,-0.015373432985677086,0.02315783203798937
2019-07-28,0.007176024691866677,-0.013725867257387094,-0.0019185176169277955,-0.061129949616564754,0.035566969704435236,0.10596301488413365,-0.06726869093942839,0.08200352841533644,-0.026922089798344286,0.0008072163395386145
2019-08-04,0.0051300958043436935,0.02239674899870894,-0.007612878702990838,-0.03974048338500877,-0.0010276891280985294,0.018549827163368105,0.006616176500859533,0.2104592790788246,-0.031555987243569,0.0002919804393248238
2019-08-11,0.0025097082272406853,0.013959250493506428,0.011716204772346219,-0.13343669628260665,-0.014851483017788077,-0.032470902963516075,-0.0538787180645498,-0.031795144666101546,-0.006138601522696848,-0.001242759020713438
2019-08-18,0.004404603626999492,0.014397057141260597,0.007078859384726231,0.014908493452389095,-0.04691365549688745,-0.028669252506923044,0.05366816802353486,0.0557502386918136,-0.00046021647671094307,-0.0012891557696500424
2019-08-25,0.006143875211272086,-0.00931532070720363,-0.006970106951759926,0.008694203699863564,-0.03989293360389804,-0.0440498097285559,-0.004390614934842723,-0.09273490336695152,0.014388267906903526,-0.0011946112661932484
2019-09-01,0.004514590658995244,0.0038224597029466872,-0.012145436639889724,0.026203274795683837,-0.023303780486956648,0.006513893166825543,0.05608910698166314,0.05518886535697224,-0.013536622855851978,-0.001082118226718881
2019-09-08,0.004260025552605912,0.009078068130434136,0.015957513360571107,-0.041895649078091964,-0.062096015476742844,-0.0007297502999019107,0.020648586576361462,0.08242342891223782,-0.028134200071825217,0.00030411561217524315
2019-09-15,0.0045546393806258625,-0.0064493105287989575,0.009241406843815752,-0.022992324925667617,-0.07246870569157189,0.011241532939921015,0.000530682475937499,-0.00967210288437983,-0.002203339922499611,0.0008476228282485209
2019-09-22,0.006575782421508507,-0.008936380985612601,0.008799473131409333,0.002968000712221226,0.042728888393272005,-0.021795256139524887,-0.009990577062629173,-0.023386453086966855,-0.004363099583160768,0.0011070178905679083
2019-09-29,0.00811232459608239,0.005900556775065276,0.004422516891231367,0.020307240470779732,0.030731945226046026,0.012620377313914933,0.009316115182204971,0.02940060602599829,-0.003981745191802474,0.0012780572708604137
2019-10-06,0.007794231729757959,-0.008425301876208484,-0.0039275325119127414,0.06954825417726333,-0.08059985595088341,-0.003637118010254308,0.014766033191360025,-0.09754225046193743,0.01735163466266963,0.001139358027419786
2019-10-13,0.007733316396549929,-0.012893349256845703,-0.006034156846462914,0.007920272783593441,0.12314728535404489,0.075191325697563,0.02837901880513663,0.10211825877394054,0.0020798899873082635,0.0009895236286623487
2019-10-20,-0.0015776277620455433,-0.010069514448971303,0.0017365754065736961,0.00890800522660549,-0.03129269613373721,0.02052179048415424,-0.01354057497588606,-0.009246458714952237,-0.023881544599565003,0.0013666520314752492
2019-10-27,-0.010509342482442703,0.008457768056156025,0.001574720868035336,-0.0072974116394994406,-0.025778978140656855,-0.01814940746381543,0.006816390616515198,0.027858830117886185,0.006357738632756194,0.0013607182887483955
2019-11-03,-0.01395657017543622,-0.001806760865192025,-0.002670003321412578,-0.03375586264740735,0.0329452768000125,-0.0018673814331725041,2.733272464004797e-05,0.0025273548812281927,0.02734949209143006,0.0011531114027151907
2019-11-10,-0.019466371384669983,-0.001991445567513696,0.005955492401309281,-0.026520553833099238,0.022899677140035782,-0.006014708956004109,-0.0018140295272488331,0.015950274005791718,0.004062152652483072,0.001406551379423609
2019-11-17,-0.011269884255675799,-0.009076341208153883,-0.010586471624051394,-0.01986057444566275,0.04320812883403638,-0.023969279988296798,0.021860065272924768,-0.02923650198474507,0.0356186239273002,0.0013732163208115843
2019-11-24,-0.006039486672186684,-0.027256330985093363,-0.011517338374447487,-0.043732921953549796,0.05606265261616704,-0.011772861465927353,-0.0036098071127915973,0.0025189598615334785,0.028145878762120137,0.001279877741554968
2019-12-01,-0.0004198519283654518,-0.008612692695574872,-0.007875843211739548,0.0038139260240182375,0.05057862073128235,-0.03212162438665882,-0.004738809347988766,-0.04801277703300275,0.025927826846396638,0.000930692481522705
2019-12-08,-0.0007386282308922725,-0.00966193730665532,-0.02066864149812217,0.062457077679429554,-0.05802284941646725,0.026593953766305186,-0.06036887988897098,-0.01431162875854604,0.013802277591754468,0.00010228323878786452
2019-12-15,0.002217355813892515,-0.01677815631391916,0.011332763355846782,0.0439008579344418,0.011145043090709109,-0.014442363334053293,-0.030028644845533442,-0.013388379970215258,0.02040531580541879,-0.00012474757063904362
2019-12-22,0.008051780714700658,0.009606166267999776,-0.016377664475419017,0.05099489925844925,0.054366214914711754,0.00965454121347715,-0.06157899456094043,-0.010850841762919058,0.0023305804319796878,-4.1636671416637226e-05
2019-12-29,0.004178129029863364,-0.00929922482132454,-0.006770787296491835,0.033655729414019335,0.0021435499473188226,-0.023854871529927914,0.054080001436254556,-0.06184033582476354,0.006802241303358818,-0.03363095967247296
2020-01-05,-0.0006998247646370226,0.006993923943606124,0.015539858039204376,0.0445629180926003,0.018355905953919022,0.013239768292046669,0.03401174015291695,0.08960553299532883,-0.003907043579369701,0.0330937023289448
2020-01-12,-0.008705380811306793,-0.006764764659802078,0.004306210459534269,0.02701136082396685,-0.06667939129538936,0.008721569920644026,-0.019054675417760663,-0.10175323054565513,-0.0021834038829612362,-0.04176099396531579
2020-01-19,-0.014755598333796024,-0.021610207819983428,-0.003811007924718821,0.09469559971005771,-0.0632636059054296,-0.01143081418148735,-0.05872313198904314,-0.09341021987801035,0.03424446785911356,0.014777730044440229
2020-01-26,-0.008890573568530246,-0.005921514608698562,0.009887014071175608,0.0019080897673111293,-0.010613183908625763,0.008440048028321028,-0.020602504094267386,-0.09234639998403968,0.014200901982433217,-0.019642728522763518
2020-02-02,0.0007726878081564493,0.011350486186958966,-0.008545528191390175,-0.11008049847752008,-0.05758323295397152,-0.020563005830024586,0.0163377930861524,-0.05085823752924292,0.0015716930699513627,0.007902401409767619
2020-02-09,0.0022937640799097587,-0.004722722479065363,-0.009070414968126998,-0.0605225794144491,-0.05405276210657307,-0.031476102683268906,0.00947861835400867,-0.07222875080240197,0.014865844242983255,-0.035104981564030475
2020-02-16,0.0015603927933792302,-0.0007025595794522886,-0.00026757041473996716,-0.06389532012377647,-0.07289926438479985,-0.07544071384702394,-0.00918679306336771,0.050423523742243556,-0.00320418167936889,0.0024741665354701824
2020-02-23,0.0025559954540582274,0.003244199767976043,-0.0014847573439021198,-0.07903919461792383,-0.12576212146483887,-0.0025665282934124764,-0.07558797318096462,-0.1607156551676218,-0.0017199226854482282,-0.0016343574556025916
2020-03-01,-0.0016960179483745158,0.009254309918442349,0.017995865271019467,-0.07365195833358136,0.042242935880420385,0.009336546847276368,0.058389317571286854,0.13067190194843392,-0.011106337926509603,0.03361325966560464
2020-03-08,-0.0017999949217199567,0.026977675305425733,0.009626255720691814,-0.06358214346463335,-0.02666728375971854,-0.017933207029182222,-0.027898911410224356,0.033101732387217225,0.0036598156566393096,0.012964798657913517
2020-03-15,-0.010834153853487776,-0.05224314343926844,0.01066479656900016,-0.0058106352372342155,0.006881331160376051,0.11224246306786474,-0.23866662824716806,-0.11276850261823464,0.004646806114364065,-0.026450531089911567
2020-03-22,-0.04147271505232062,0.004621391221077968,0.006839419918575382,0.03141780869968036,0.03795457473552771,0.13091190737874706,0.0033965118955211404,-0.3078921576213183,-0.015386852119710836,-0.04888428693268111
2020-03-29,-0.06705420895698136,0.019593329861114915,-0.014647525204620704,-0.030664797834638356,0.1195299521817588,-0.03433652900415358,-0.03132215750234634,-0.22332126839078065,0.010346153813219119,-0.015477527688015318
2020-04-05,-0.07446985087287188,0.020503049566053297,0.014218423026713709,0.011250040454264799,-0.0017418570852086091,0.0004510289625306369,-0.0006872559428515107,-0.16276284167101307,0.020749926760353678,-0.012397364923649205
2020-04-12,-0.0522244528932035,0.007340852703491783,0.0069407736047027565,0.01790993640573985,-0.0011439540616474334,-0.032460222665313745,-0.022088684761810952,-0.11003636730641378,0.010952173410275542,0.0007933200151291266
2020-04-19,-0.004487757294699987,-0.003156027028535315,-0.008134864460477233,0.055197200477218454,-0.028968081358663366,0.00929549713241376,-0.05411741438694831,-0.5372900928642921,0.006697614885807094,-0.013140987403780113
2020-04-26,0.01263162897757774,-0.0058400305347223146,-0.001267527110952425,0.03742637256865064,-0.006889115507691863,-0.006053007183224035,-0.011625201578540878,0.07347719428855694,0.01069114264029652,-0.006988945343862604
2020-05-03,0.012500544592523526,-0.017074678619709155,-0.004315742804048794,0.05142914653117468,0.03880086671747863,0.013612144954925959,0.013399098705787336,-0.252394249264244,0.010337840304850417,-0.006191031372556365
2020-05-10,0.017040924220227828,-0.005910022043892982,-0.00696824784200842,-0.018829194171704443,-0.08119094150824062,-0.006845842868683696,-0.1232562901438619,0.008099341379263663,0.004619713959125934,-0.007090722415975091
2020-05-17,0.008330262691013057,0.009309973216261357,-0.005751852403471033,-0.002260629406163633,0.01440282578276875,-0.023436405106096254,0.12509344881614795,-0.19480680830473282,0.008189488048613029,-0.01473192370060917
2020-05-24,-0.03175172731568249,-0.006006501751580681,-0.006206468713586753,0.029367906903471998,-0.0327962973428497,-0.039396348036131915,-0.13730268736610707,-0.33350945860473186,0.01179369772202305,-0.00078358830320918
2020-05-31,-0.033911328780895575,0.013383748118034385,0.0006733312940962742,0.20115624724125908,-0.07817414379712839,-0.09370679909851978,-0.07800038826384995,-0.08420516481368842,0.0172115316710783,-0.0085752451881287
2020-06-07,-0.03229261624084233,-0.0026041087516326536,0.0014846189296463376,0.02381615318049399,0.024842390850761047,0.025071424847931203,0.09296963792269605,-0.013661900146334973,0.0014711597181839924,-0.0012560451378325164
2020-06-14,-0.07942249047409698,0.029726135247742876,0.008464660671976947,-0.022474263043760743,0.06197044729411623,0.036479412450375164,0.3450985454780808,0.20733597490907482,0.06880762682201082,-0.013813754628755184
2020-06-21,-0.034678519161589295,0.02354910309827639,0.007575180889451747,0.046518909245575966,0.011084439523145735,-0.03970430144087211,0.05218845255653396,-0.1302810891640503,0.05181354725880664,-0.04674293035896998
2020-06-28,-0.010872563340874192,0.013524695477953416,0.027679699745433602,-0.003991739696599782,-0.05647507675377754,-0.01970371218953061,0.14887689947803023,0.5050282349705774,0.01846522437799741,-0.0049386850730034
2020-07-05,-0.013285637630314486,0.014073045184432992,0.006141467970989677,0.03608916313352122,0.14558372875335965,-0.0018763928879583717,-0.015510365251468247,-0.25271689603796843,0.007954123784700704,-0.025439342370046608
2020-07-12,-0.010301481178885184,0.009502366514477927,-0.0006744460559123805,-0.004241977871887974,0.12952973277911448,-0.079337496636611,0.013554785472541516,0.07435048509842657,-0.009750348836468931,0.011616848176074716
2020-07-19,-0.013593909455023954,-0.0011389355602234017,0.014633804873768854,-0.017082547161533988,0.00790717454813275,-0.025317140130738124,-0.07519726057773563,-0.1281611695668192,-0.03638735236913157,0.04155785223964212
2020-07-26,-0.004622149935747372,0.011740450383137958,-0.014002358276899317,-0.03012037416637912,0.010174116766948809,0.011521580726424759,-0.031581590672539246,0.2254721430453578,-0.05348781455621871,-0.11185983296440463
2020-08-02,0.014360527079266537,0.015864995502122302,-0.004062040733786489,0.008561736692368066,0.01662958987673722,-0.00043503235213414765,-0.0054305503668807134,-0.4603069000648714,-0.035314593114063667,0.030226772826819244
2020-08-09,0.028101581220560577,0.004609332717243132,0.01527870164240233,0.01954266269222323,0.0238800321655988,-0.0025142939888312776,-0.0475291981242668,0.6696308588114271,-0.022337631477179046,-0.022789232216629932
2020-08-16,0.03053099638756715,0.008504703738175294,-0.004115459629428322,-0.07862360143136667,0.04245201252416481,0.04020082553740384,-0.12179299174634177,0.16640258902227803,-0.0135843080807093,-0.03582481746393878
2020-08-23,0.031281221431801745,0.019291916341294554,0.014247000255581926,-0.05390825946516827,-0.009160575327644088,-0.006944759693725673,-0.04804784506199496,0.032404312395293275,-0.011720704388566273,0.0355568732489868
2020-08-30,0.031685619567868854,-0.012696479883266585,0.0047174420384469085,0.005196483333151657,0.010986790921510513,-0.015971665107496837,0.0067113287428985716,0.058187676940988024,-0.007405452562180366,-0.0037223017939371295
2020-09-06,0.031176241463965356,-0.0029885747340464273,0.0022785746788911666,0.014265550335585832,0.040400153834558354,0.028172113345956193,-0.038627252912099876,-0.09818063924055426,-0.03153495600179575,-0.018956138032417563
2020-09-13,0.027848564682522656,0.03303422704645508,0.020332947137382013,-0.10500947513987578,-0.006134843593117729,0.047536974352386956,0.13340445831312756,0.10451915573924736,-0.013145875615908475,0.024531949062499798
2020-09-20,0.011954078863105939,-0.00468643435214887,-0.037891248129710134,-0.008825500109966073,-0.053721667816767536,-0.03615424831710036,-0.06437516911498792,-0.5028463578010203,-0.019331546737070524,-0.033992747468132675
2020-09-27,0.005925730967619426,0.005023916644751311,0.023587622828245502,-0.023699271494133842,-0.04474970742864286,-0.015268790568064306,0.10902445809288544,0.09993427190745766,-0.00677688352019793,-0.025174833339170682
2020-10-04,0.0012628112692141741,-0.00042860307084584975,0.006825382820846565,-0.012800140545398095,-0.012442123284296135,0.007426742615612229,-4.949833357680934e-05,0.008690048522469861,-0.00010932544719785569,-0.005467338113551643
