date_time,Unnamed: 0,tick_num,open,high,low,close,volume,cum_buy_volume,cum_ticks,cum_dollar_value,Returns,HiddenStates
2020-02-03 00:11:20.010000+00:00,1,3044,1589.285,1589.435,1588.745,1588.88,501910.0,260660.0,1522,797593009.75,-0.0002454257992589891,0
2020-02-03 00:16:18.781000+00:00,2,4566,1588.885,1589.055,1588.495,1589.045,515780.0,268080.0,1522,819459862.5999997,0.00010384134310800583,0
2020-02-03 00:23:50.535000+00:00,3,6088,1589.075,1589.91,1588.605,1589.85,505736.0,284304.0,1522,803678136.1599997,0.0005064653077293304,0
2020-02-03 00:32:25.736000+00:00,4,7610,1589.84,1589.915,1588.065,1588.24,481657.0,246837.0,1522,765425350.59,-0.001013187252550155,1
2020-02-03 00:36:25.858000+00:00,5,9132,1588.23,1588.435,1586.04,1586.165,438649.0,212396.0,1522,696301433.1499999,-0.001307331796374329,1
2020-02-03 00:38:35.169000+00:00,6,10654,1586.17,1586.395,1585.31,1585.325,474733.0,260092.0,1522,752908393.4649996,-0.0005297194817843277,0
2020-02-03 00:41:01.239000+00:00,7,12176,1585.32,1585.67,1584.61,1585.67,484145.0,259100.0,1522,767417582.65,0.0002175973165277509,0
2020-02-03 00:45:19.809000+00:00,8,13698,1585.675,1586.105,1584.655,1584.655,486501.0,246305.0,1522,771431824.6599997,-0.0006403129235515831,0
2020-02-03 00:48:39.780000+00:00,9,15220,1584.65,1585.425,1584.125,1585.255,535994.0,293734.0,1522,849477265.68,0.00037855964817022116,0
2020-02-03 00:53:35.944000+00:00,10,16742,1585.24,1586.18,1585.065,1586.085,460250.0,246460.0,1522,729808751.15,0.0005234380539146134,0
2020-02-03 00:58:46.046000+00:00,11,18264,1586.12,1586.74,1585.76,1586.605,485896.0,271438.0,1522,770742208.7600001,0.00032779755012693067,0
2020-02-03 01:00:25.870000+00:00,12,19786,1586.595,1586.66,1585.29,1585.48,496950.0,248070.0,1522,788156125.3000001,-0.0007093126742618817,1
2020-02-03 01:01:08.920000+00:00,13,21308,1585.485,1586.6,1584.185,1584.225,532980.0,272675.0,1522,844906888.8000003,-0.0007918718401745367,1
2020-02-03 01:02:08.466000+00:00,14,22830,1584.22,1585.31,1583.895,1584.405,479635.0,256125.0,1522,759950608.4499999,0.0001136137701112814,0
2020-02-03 01:03:13.479000+00:00,15,24352,1584.395,1584.535,1582.86,1583.4,521332.0,259753.0,1522,825591593.1049997,-0.0006345087741939635,1
2020-02-03 01:04:28.121000+00:00,16,25874,1583.39,1585.875,1583.24,1585.04,513345.0,289580.0,1522,813388873.5000001,0.0010352098486698961,1
2020-02-03 01:05:55.176000+00:00,17,27396,1584.99,1585.595,1584.51,1585.285,499371.0,274242.0,1522,791575090.3799999,0.00015455828691868947,0
2020-02-03 01:07:39.894000+00:00,18,28918,1585.28,1585.61,1584.29,1584.675,510459.0,268596.0,1522,809073090.8399999,-0.0003848629052288055,0
2020-02-03 01:08:55.343000+00:00,19,30440,1584.685,1585.075,1583.67,1583.72,540760.0,304050.0,1522,856730390.2500002,-0.0006028288953370499,0
2020-02-03 01:09:47.633000+00:00,20,31962,1583.73,1584.38,1582.275,1583.54,501235.0,256255.0,1522,793584673.6999999,-0.00011366291380810396,0
2020-02-03 01:11:01.231000+00:00,21,33484,1583.545,1583.93,1582.285,1583.29,500230.0,255607.0,1522,791910816.9850005,-0.00015788659354585468,0
2020-02-03 01:12:27.164000+00:00,22,35006,1583.28,1583.505,1582.425,1583.39,490665.0,247969.0,1522,776750823.8999999,6.315762883101621e-05,0
2020-02-03 01:14:08.273000+00:00,23,36528,1583.385,1584.415,1583.235,1583.98,507360.0,271040.0,1522,803582916.5500003,0.00037254883819943835,0
2020-02-03 01:15:19.799000+00:00,24,38050,1583.99,1585.21,1583.99,1584.3,471868.0,231383.0,1522,747788017.9650012,0.00020200234896421292,0
2020-02-03 01:16:26.181000+00:00,25,39572,1584.305,1585.73,1584.1,1585.425,543850.0,307110.0,1522,861939293.5000005,0.0007098407888622461,0
2020-02-03 01:17:55.545000+00:00,26,41094,1585.435,1585.44,1584.5,1584.55,532006.0,256755.0,1522,843179703.5750003,-0.0005520548409513383,0
2020-02-03 01:19:43.307000+00:00,27,42616,1584.55,1584.805,1584.185,1584.5,531790.0,279780.0,1522,842625253.1,-3.1555197932566264e-05,0
2020-02-03 01:22:14.202000+00:00,28,44138,1584.52,1585.18,1584.23,1585.085,525940.0,290110.0,1522,833495042.8,0.0003691335027410758,0
2020-02-03 01:23:35.162000+00:00,29,45660,1585.08,1587.43,1585.005,1587.255,533880.0,297290.0,1522,846868192.15,0.0013680755142596165,1
2020-02-03 01:24:47.098000+00:00,30,47182,1587.27,1587.785,1586.905,1586.905,558180.0,285370.0,1522,885954791.9499998,-0.00022053078699156212,0
2020-02-03 01:27:12.770000+00:00,31,48704,1586.885,1587.535,1586.545,1587.45,463130.0,241020.0,1522,735021062.4499999,0.0003433768468587132,0
2020-02-03 01:29:00.112000+00:00,32,50226,1587.445,1588.06,1587.305,1587.905,461430.0,245570.0,1522,732611107.85,0.00028658213214827113,0
2020-02-03 01:30:36.615000+00:00,33,51748,1587.9,1588.105,1586.685,1586.75,580240.0,287730.0,1522,921164337.0249996,-0.0007276381534120618,0
2020-02-03 01:32:05.659000+00:00,34,53270,1586.76,1586.885,1585.79,1585.955,532525.0,291974.0,1522,844830163.4149997,-0.0005011496603931363,0
2020-02-03 01:33:32.519000+00:00,35,54792,1585.965,1586.385,1584.95,1585.04,538215.0,287269.0,1522,853540974.43,-0.0005771059401828464,0
2020-02-03 01:34:37.658000+00:00,36,56314,1585.13,1585.255,1584.005,1584.485,458576.0,230477.0,1522,726706879.7799993,-0.00035021020857858414,0
2020-02-03 01:36:20.550000+00:00,37,57836,1584.475,1585.34,1584.305,1585.05,469620.0,267320.0,1522,744248613.95,0.0003565191777245753,0
2020-02-03 01:38:00.323000+00:00,38,59358,1585.04,1585.325,1583.495,1583.75,494058.0,269143.0,1522,782832539.0700004,-0.0008204999198006031,1
2020-02-03 01:39:46.862000+00:00,39,60880,1583.72,1584.73,1583.58,1584.53,495843.0,300532.0,1522,785509417.2000003,0.0004923807338736126,0
2020-02-03 01:42:17.919000+00:00,40,62402,1584.495,1584.495,1583.685,1583.74,485085.0,261220.0,1522,768414841.4,-0.0004986948816688012,0
2020-02-03 01:44:50.375000+00:00,41,63924,1583.715,1583.815,1582.975,1583.39,516114.0,287330.0,1522,817246076.6699997,-0.0002210202937200024,0
2020-02-03 01:47:11.271000+00:00,42,65446,1583.385,1584.215,1582.975,1583.855,535300.0,309152.0,1522,847661014.2000003,0.0002936305864187708,0
2020-02-03 01:49:33.405000+00:00,43,66968,1583.86,1584.635,1583.585,1583.59,524779.0,298679.0,1522,831292185.425,-0.00016732729415562541,0
2020-02-03 01:52:15.507000+00:00,44,68490,1583.585,1583.88,1582.605,1582.955,520910.0,289970.0,1522,824748165.8000001,-0.00040106804641146005,0
2020-02-03 01:55:43.846000+00:00,45,70012,1583.015,1583.37,1582.68,1582.94,607114.0,333637.0,1522,961068648.745,-9.4759933604277e-06,0
2020-02-03 01:58:50.185000+00:00,46,71534,1582.935,1583.255,1582.44,1582.575,624590.0,347890.0,1522,988636130.6499996,-0.00023061018609459136,0
2020-02-03 02:01:06.278000+00:00,47,73056,1582.57,1583.225,1582.245,1582.67,555978.0,310698.0,1522,879980689.8500001,6.002694895871254e-05,0
2020-02-03 02:03:40.593000+00:00,48,74578,1582.68,1582.875,1581.95,1582.8,607645.0,368040.0,1522,961432669.7050002,8.21363020803347e-05,0
2020-02-03 02:06:22.814000+00:00,49,76100,1582.795,1583.06,1582.59,1582.745,565430.0,311020.0,1522,894972031.7,-3.4749150623756715e-05,0
2020-02-03 02:08:40.428000+00:00,50,77622,1582.755,1583.445,1582.645,1582.755,516949.0,294859.0,1522,818296374.5850005,6.31811720122132e-06,0
2020-02-03 02:11:39.511000+00:00,51,79144,1582.75,1583.67,1582.65,1583.375,531480.0,302500.0,1522,841345756.5,0.00039164532594992973,0
2020-02-03 02:14:05.086000+00:00,52,80666,1583.405,1583.685,1582.9,1583.555,472130.0,223530.0,1522,747504076.9500009,0.00011367475769521482,0
2020-02-03 02:16:53.176000+00:00,53,82188,1583.545,1583.63,1582.665,1583.3,441830.0,214890.0,1522,699457772.0000008,-0.00016104305410334744,0
2020-02-03 02:21:06.384000+00:00,54,83710,1583.305,1583.305,1582.345,1582.735,500480.0,247660.0,1522,792116373.8000003,-0.00035691330386295535,0
2020-02-03 02:26:56.165000+00:00,55,85232,1582.725,1583.335,1582.305,1582.445,518342.0,283280.0,1522,820467141.58,-0.00018324392344922356,0
2020-02-03 02:31:29.692000+00:00,56,86754,1582.45,1583.31,1582.285,1582.895,507420.0,298070.0,1522,803168750.7500002,0.0002843296473881228,0
2020-02-03 02:34:54.278000+00:00,57,88276,1582.885,1583.32,1581.595,1583.21,478657.0,272191.0,1522,757475538.055,0.00019898266231816776,0
2020-02-03 02:37:44.803000+00:00,58,89798,1583.215,1584.07,1583.005,1583.945,508781.0,293702.0,1522,805633833.01,0.0004641389595359399,0
2020-02-03 02:41:20.181000+00:00,59,91320,1583.935,1584.045,1583.4,1583.48,551450.0,284070.0,1522,873332910.3500001,-0.0002936138998338032,0
2020-02-03 02:47:11.342000+00:00,60,92842,1583.485,1583.785,1583.075,1583.55,685485.0,389380.0,1522,1085444736.8249998,4.420545432863222e-05,0
2020-02-03 02:52:39.214000+00:00,61,94364,1583.555,1583.69,1583.03,1583.33,667097.0,383048.0,1522,1056277786.17,-0.00013893800861034813,0
2020-02-03 02:57:50.156000+00:00,62,95886,1583.335,1583.505,1582.625,1582.81,510369.0,298433.0,1522,807927245.7999992,-0.0003284756862776315,0
2020-02-03 03:02:24.182000+00:00,63,97408,1582.805,1582.98,1582.085,1582.785,546776.0,297846.0,1522,865357039.6600001,-1.5794818983670596e-05,0
2020-02-03 03:06:53.561000+00:00,64,98930,1582.78,1583.59,1582.71,1582.81,707495.0,378740.0,1522,1120052065.025,1.5794818983692348e-05,0
2020-02-03 03:10:53.070000+00:00,65,100452,1582.8,1583.05,1582.52,1582.57,506130.0,268790.0,1522,801090991.7000004,-0.0001516405616134509,0
2020-02-03 03:16:22.320000+00:00,66,101974,1582.575,1582.9,1581.655,1581.735,680960.0,335460.0,1522,1077659354.8999996,-0.0005277620326619607,0
2020-02-03 03:18:33.273000+00:00,67,103496,1581.75,1582.12,1581.4,1581.645,541251.0,286576.0,1522,856122555.9299996,-5.690116269569105e-05,0
2020-02-03 03:23:04.687000+00:00,68,105018,1581.66,1581.995,1580.9,1580.92,518728.0,271543.0,1522,820445246.3850001,-0.00045848860826593,0
2020-02-03 03:26:25.539000+00:00,69,106540,1580.905,1581.555,1579.795,1580.36,509573.0,280922.0,1522,805639009.0399996,-0.0003542868748467056,0
2020-02-03 03:29:27.178000+00:00,70,108062,1580.35,1581.31,1580.115,1580.765,561576.0,294538.0,1522,887728692.0100008,0.00025623789139371734,0
2020-02-03 03:33:43.498000+00:00,71,109584,1580.77,1581.22,1580.29,1580.29,453607.0,235391.0,1522,717047972.6149997,-0.00030053257762064896,0
2020-02-03 03:40:08.256000+00:00,72,111106,1580.285,1581.38,1579.93,1581.38,474028.0,266017.0,1522,749221191.0099994,0.0006895090526110461,0
2020-02-03 03:49:58.006000+00:00,73,112628,1581.39,1581.44,1580.21,1580.37,614620.0,319790.0,1522,971629819.55,-0.0006388867142279241,0
2020-02-03 03:58:27.505000+00:00,74,114150,1580.385,1580.63,1579.69,1580.44,560649.0,318313.0,1522,885899788.2750002,4.4292444032816025e-05,0
2020-02-03 04:07:47.747000+00:00,75,115672,1580.45,1580.915,1580.21,1580.745,483723.0,266099.0,1522,764578207.2000003,0.00019296561317748483,0
2020-02-03 04:18:13.371000+00:00,76,117194,1580.72,1581.105,1579.655,1579.98,493846.0,253458.0,1522,780541096.055,-0.0004840661651600469,0
2020-02-03 04:31:38.169000+00:00,77,118716,1579.975,1580.975,1579.75,1580.86,533276.0,301639.0,1522,842786169.2600001,0.0005568140258514929,0
2020-02-03 04:44:23.836000+00:00,78,120238,1580.855,1581.5,1580.155,1581.215,570768.0,324803.0,1522,902385290.41,0.00022453610460940543,0
2020-02-03 04:57:45.705000+00:00,79,121760,1581.2,1581.275,1580.385,1580.935,515095.0,281699.0,1522,814310526.78,-0.00017709469869034943,0
2020-02-03 05:07:19.597000+00:00,80,123282,1580.925,1581.31,1580.585,1580.9,518160.0,286630.0,1522,819157649.75,-2.2139042676946286e-05,0
2020-02-03 05:17:28.199000+00:00,81,124804,1580.905,1581.025,1579.97,1580.05,510870.0,265280.0,1522,807413352.2000003,-0.0005378130122198722,0
2020-02-03 05:25:44.819000+00:00,82,126326,1580.06,1580.52,1579.81,1580.09,550120.0,263740.0,1522,869258612.7,2.531533413220604e-05,0
2020-02-03 05:30:33.342000+00:00,83,127848,1580.085,1580.675,1579.37,1580.11,565604.0,300993.0,1522,893718962.2749996,1.2657426745302204e-05,0
2020-02-03 05:33:56.229000+00:00,84,129370,1580.12,1581.035,1579.975,1580.705,522457.0,297108.0,1522,825800886.8749998,0.0003764851831113102,0
2020-02-03 05:39:42.494000+00:00,85,130892,1580.71,1580.92,1580.25,1580.25,527950.0,284821.0,1522,834468912.8899999,-0.00028788768150288864,0
2020-02-03 05:46:21.574000+00:00,86,132414,1580.23,1580.69,1580.125,1580.175,526240.0,287230.0,1522,831687467.75,-4.7461971104647195e-05,0
2020-02-03 05:55:56.149000+00:00,87,133936,1580.17,1580.515,1579.675,1579.68,583719.0,305060.0,1522,922351382.4,-0.00031330551816397825,0
2020-02-03 06:02:22.524000+00:00,88,135458,1579.685,1580.335,1579.51,1580.175,599421.0,328737.0,1522,946981141.66,0.00031330551816397944,0
2020-02-03 06:08:59.747000+00:00,89,136980,1580.17,1580.765,1580.01,1580.34,521926.0,289598.0,1522,824901921.975,0.00010441336310680743,0
2020-02-03 06:14:32.235000+00:00,90,138502,1580.345,1580.89,1579.6,1580.8,491396.0,278210.0,1522,776630028.8799998,0.0002910342491930456,0
2020-02-03 06:22:28.149000+00:00,91,140024,1580.795,1580.915,1579.975,1580.19,558642.0,295733.0,1522,882814668.0850004,-0.0003859550378660466,0
2020-02-03 06:31:33.133000+00:00,92,141546,1580.185,1580.275,1579.435,1579.615,511490.0,283240.0,1522,808032764.05,-0.0003639465133746328,0
2020-02-03 06:39:16.967000+00:00,93,143068,1579.62,1580.03,1579.115,1579.94,534333.0,297317.0,1522,844012453.825,0.0002057251740489896,0
2020-02-03 06:45:50.141000+00:00,94,144590,1579.93,1580.6,1579.375,1580.4,487095.0,272827.0,1522,769566253.195,0.00029110792082410504,0
2020-02-03 06:54:18.488000+00:00,95,146112,1580.405,1580.56,1579.895,1580.125,511277.0,268047.0,1522,807918128.4749999,-0.00017402172151399152,0
2020-02-03 07:00:51.337000+00:00,96,147634,1580.13,1580.16,1579.115,1579.9,541814.0,284756.0,1522,855898709.0299999,-0.00014240393691833842,0
2020-02-03 07:03:15.430000+00:00,97,149156,1579.895,1579.975,1577.295,1577.81,536929.0,254138.0,1522,847528829.7150006,-0.001323744298996575,1
2020-02-03 07:06:25.482000+00:00,98,150678,1577.82,1578.66,1577.745,1578.555,502002.0,294817.0,1522,792298701.7750001,0.00047206201680406013,0
2020-02-03 07:10:51.592000+00:00,99,152200,1578.545,1579.21,1578.45,1579.035,437947.0,237258.0,1522,691441654.3699996,0.0003040293411731808,0
2020-02-03 07:15:09.906000+00:00,100,153722,1579.02,1579.16,1577.825,1577.85,486659.0,244262.0,1522,768184879.1899997,-0.0007507400843912022,0
2020-02-03 07:18:28.205000+00:00,101,155244,1577.845,1578.2,1577.18,1577.8,575217.0,299502.0,1522,907546113.765,-3.168919240360673e-05,0
2020-02-03 07:20:23.346000+00:00,102,156766,1577.78,1578.135,1575.98,1576.8,567462.0,284917.0,1522,894876076.5100006,-0.0006339948224787715,0
2020-02-03 07:23:48.923000+00:00,103,158288,1576.79,1577.16,1576.35,1576.53,535814.0,273883.0,1522,844837262.1949999,-0.00017124753873508386,0
2020-02-03 07:27:23.922000+00:00,104,159810,1576.525,1576.75,1575.24,1575.57,592722.0,308124.0,1522,934147286.4599996,-0.0006091177498696331,0
2020-02-03 07:30:58.364000+00:00,105,161332,1575.575,1575.885,1574.89,1575.455,655699.0,376037.0,1522,1033061315.4699998,-7.299212164365361e-05,0
2020-02-03 07:34:15.864000+00:00,106,162854,1575.46,1576.4,1575.165,1575.98,692107.0,401183.0,1522,1090623828.0949998,0.00033318155370910043,0
2020-02-03 07:37:27.471000+00:00,107,164376,1575.975,1576.11,1575.025,1575.14,642740.0,368212.0,1522,1012634954.1050004,-0.0005331437837320824,0
2020-02-03 07:41:22.284000+00:00,108,165898,1575.15,1575.27,1574.555,1574.56,618081.0,344312.0,1522,973470193.73,-0.00036828904756382457,0
2020-02-03 07:44:29.536000+00:00,109,167420,1574.525,1575.105,1573.945,1574.51,474278.0,254663.0,1522,746721186.495,-3.1755407154642185e-05,0
2020-02-03 07:48:48.971000+00:00,110,168942,1574.48,1575.38,1574.155,1574.81,450147.0,254668.0,1522,708908702.4,0.00019051731860033849,0
2020-02-03 07:52:42.206000+00:00,111,170464,1574.855,1575.795,1574.855,1575.685,514750.0,276000.0,1522,810986187.9999999,0.0005554682819672728,0
2020-02-03 07:56:59.182000+00:00,112,171986,1575.675,1576.47,1575.665,1576.08,513982.0,267729.0,1522,810115496.385,0.0002506532067384286,0
2020-02-03 08:01:06.868000+00:00,113,173508,1576.065,1576.77,1575.435,1575.435,472081.0,238554.0,1522,744068528.9300001,-0.00040932694847126025,0
2020-02-03 08:03:49.566000+00:00,114,175030,1575.425,1576.28,1575.415,1576.255,515320.0,283850.0,1522,812136780.7000003,0.0005203557573890251,0
2020-02-03 08:06:59.622000+00:00,115,176552,1576.27,1577.235,1576.095,1577.22,551131.0,313024.0,1522,868967884.0149995,0.0006120232633026332,0
2020-02-03 08:10:22.599000+00:00,116,178074,1577.225,1578.425,1577.04,1578.14,606189.0,346764.0,1522,956327253.6950004,0.0005831347460006094,0
2020-02-03 08:13:26.938000+00:00,117,179596,1578.135,1578.48,1577.68,1578.135,561780.0,308280.0,1522,886503784.4500004,-3.1682917363453577e-06,0
2020-02-03 08:17:00.720000+00:00,118,181118,1578.13,1578.495,1577.785,1577.84,512762.0,277358.0,1522,809178872.5799999,-0.00018694698206374267,0
2020-02-03 08:21:13.077000+00:00,119,182640,1577.85,1578.525,1577.725,1578.485,537029.0,300544.0,1522,847480916.1300001,0.0004087031652178812,0
2020-02-03 08:24:51.977000+00:00,120,184162,1578.495,1579.505,1578.455,1579.42,535943.0,287430.0,1522,846293228.2450002,0.0005921647594353786,0
2020-02-03 08:28:35.901000+00:00,121,185684,1579.415,1579.795,1578.515,1578.545,543485.0,282915.0,1522,858264288.0000002,-0.0005541543509138341,0
2020-02-03 08:33:30.698000+00:00,122,187206,1578.535,1578.78,1578.055,1578.195,528913.0,297043.0,1522,834859075.1749997,-0.000221747753336914,0
2020-02-03 08:38:23.531000+00:00,123,188728,1578.2,1578.885,1577.975,1577.99,484144.0,258206.0,1522,764227216.8399999,-0.00012990366552548816,0
2020-02-03 08:41:18.008000+00:00,124,190250,1577.985,1578.14,1576.78,1577.305,438839.0,212173.0,1522,692198402.9150013,-0.00043419078771487796,0
2020-02-03 08:45:35.472000+00:00,125,191772,1577.295,1577.48,1576.315,1576.36,466072.0,235287.0,1522,735018354.5500001,-0.0005993027339837246,0
2020-02-03 08:49:18.291000+00:00,126,193294,1576.365,1576.775,1575.34,1575.66,505351.0,266177.0,1522,796546233.3150004,-0.00044415962557833085,0
2020-02-03 08:51:18.595000+00:00,127,194816,1575.65,1575.65,1573.705,1573.705,479616.0,229069.0,1522,755432161.8649997,-0.0012415202754304134,1
2020-02-03 08:53:12.196000+00:00,128,196338,1573.625,1575.19,1573.54,1575.13,579181.0,342878.0,1522,911814406.1850004,0.0009050967086430963,1
2020-02-03 08:56:19.975000+00:00,129,197860,1575.14,1575.83,1575.015,1575.335,524051.0,277186.0,1522,825608903.7799999,0.00013013951927050402,0
2020-02-03 08:59:29.175000+00:00,130,199382,1575.36,1575.665,1574.77,1575.305,524799.0,294789.0,1522,826725732.6550001,-1.9043749841843308e-05,0
2020-02-03 09:02:39.228000+00:00,131,200904,1575.305,1576.725,1575.305,1576.71,513890.0,304426.0,1522,809943200.45,0.0008914932784604838,1
2020-02-03 09:06:48.429000+00:00,132,202426,1576.715,1576.85,1576.165,1576.265,542637.0,287583.0,1522,855424146.7,-0.00028227309316102727,0
2020-02-03 09:10:26.564000+00:00,133,203948,1576.26,1577.045,1575.615,1575.615,480850.0,252656.0,1522,757920411.5799999,-0.00041245225656740025,0
2020-02-03 09:13:52.571000+00:00,134,205470,1575.605,1576.295,1575.13,1575.13,509426.0,275036.0,1522,802695666.625,-0.00030786369816061983,0
2020-02-03 09:17:20.639000+00:00,135,206992,1575.125,1576.09,1574.955,1575.91,472550.0,265247.0,1522,744543678.145,0.0004950746521347617,0
2020-02-03 09:21:50.744000+00:00,136,208514,1575.915,1577.025,1575.915,1576.945,545674.0,308845.0,1522,860194626.1,0.000656547819153368,0
2020-02-03 09:25:57.449000+00:00,137,210036,1576.94,1577.525,1576.835,1577.235,560227.0,297151.0,1522,883604010.1350006,0.0001838829748570156,0
2020-02-03 09:30:39.693000+00:00,138,211558,1577.245,1577.715,1576.775,1577.15,516100.0,269200.0,1522,814047787.5,-5.389323118162503e-05,0
2020-02-03 09:35:28.907000+00:00,139,213080,1577.155,1577.755,1577.105,1577.33,618531.0,342931.0,1522,975665566.45,0.00011412340556614422,0
2020-02-03 09:41:47.337000+00:00,140,214602,1577.315,1578.03,1577.28,1577.805,481993.0,258136.0,1522,760478670.92,0.00030109646882854493,0
2020-02-03 09:47:45.448000+00:00,141,216124,1577.81,1578.495,1577.55,1577.785,525119.0,291973.0,1522,828674309.3600001,-1.267591797430976e-05,0
2020-02-03 09:53:58.556000+00:00,142,217646,1577.775,1578.615,1577.485,1578.56,572240.0,338295.0,1522,902947400.775,0.0004910743379285576,0
2020-02-03 09:59:54.465000+00:00,143,219168,1578.575,1579.03,1578.49,1578.875,535520.0,302242.0,1522,845432148.575,0.0001995290487658336,0
2020-02-03 10:04:41.175000+00:00,144,220690,1578.865,1579.35,1578.8,1579.1,511408.0,279430.0,1522,807555846.2649999,0.00014249637845804508,0
2020-02-03 10:10:52.075000+00:00,145,222212,1579.13,1579.42,1578.12,1578.13,660813.0,338314.0,1522,1043326895.055,-0.0006144626970600901,0
2020-02-03 10:16:25.563000+00:00,146,223734,1578.125,1578.37,1577.68,1578.33,654610.0,349410.0,1522,1033010601.45,0.00012672424188338665,0
2020-02-03 10:22:16.128000+00:00,147,225256,1578.34,1578.705,1577.575,1578.63,677041.0,387991.0,1522,1068409371.1800004,0.00019005625722412763,0
2020-02-03 10:30:00.269000+00:00,148,226778,1578.635,1578.725,1577.37,1577.645,630310.0,345860.0,1522,994717679.5,-0.0006241534923142874,1
2020-02-03 10:35:00.252000+00:00,149,228300,1577.65,1579.34,1577.65,1579.09,650186.0,378326.0,1522,1026321180.47,0.0009155029490449304,1
2020-02-03 10:43:13.483000+00:00,150,229822,1579.08,1579.465,1578.72,1579.195,572574.0,314531.0,1522,904162988.29,6.649178274829992e-05,0
2020-02-03 10:50:17.380000+00:00,151,231344,1579.2,1579.45,1578.76,1579.115,523438.0,293318.0,1522,826606767.6200001,-5.0660004886789425e-05,0
2020-02-03 10:54:47.096000+00:00,152,232866,1579.13,1580.65,1579.13,1579.97,605741.0,352315.0,1522,957019140.0849998,0.0005412959897415996,0
2020-02-03 10:59:59.054000+00:00,153,234388,1579.965,1580.955,1579.89,1580.955,542356.0,308011.0,1522,857082251.155,0.0006232353073121865,0
2020-02-03 11:03:49.288000+00:00,154,235910,1580.945,1581.3,1580.13,1580.215,573363.0,301718.0,1522,906384171.345,-0.0004681810934033565,0
2020-02-03 11:08:11.799000+00:00,155,237432,1580.235,1580.41,1579.43,1579.43,579178.0,299078.0,1522,915079239.0299996,-0.0004968912749066544,0
2020-02-03 11:12:00.691000+00:00,156,238954,1579.425,1579.62,1579.035,1579.165,684900.0,357350.0,1522,1081691932.0,-0.00016779612493649686,0
2020-02-03 11:18:15.110000+00:00,157,240476,1579.17,1579.785,1578.995,1579.12,637440.0,361090.0,1522,1006716053.6,-2.8496478312165435e-05,0
2020-02-03 11:24:30.404000+00:00,158,241998,1579.125,1579.62,1578.905,1579.255,571650.0,332900.0,1522,902752651.5,8.548699890448562e-05,0
2020-02-03 11:31:55.313000+00:00,159,243520,1579.275,1579.52,1578.7,1579.045,525650.0,294538.0,1522,830045365.2700001,-0.00013298293405278758,0
2020-02-03 11:41:16.165000+00:00,160,245042,1579.05,1580.49,1578.99,1580.41,542682.0,306702.0,1522,857264061.3199996,0.0008640731296558152,1
2020-02-03 11:48:48.690000+00:00,161,246564,1580.425,1580.455,1578.595,1578.595,590121.0,285704.0,1522,931967507.495,-0.0011490961234400506,1
2020-02-03 11:55:18.343000+00:00,162,248086,1578.605,1579.035,1578.15,1578.325,507261.0,281123.0,1522,800707329.3050001,-0.00017105279871415844,0
2020-02-03 12:02:41.955000+00:00,163,249608,1578.315,1578.395,1577.975,1578.025,529630.0,300640.0,1522,835848600.7,-0.00019009298772524642,0
2020-02-03 12:09:35.756000+00:00,164,251130,1578.015,1579.015,1577.905,1578.875,562295.0,328136.0,1522,887556270.77,0.0005385029747793244,0
2020-02-03 12:18:08.554000+00:00,165,252652,1578.87,1579.62,1578.87,1579.355,520027.0,288304.0,1522,821227540.275,0.00030396773110000767,0
2020-02-03 12:25:28.490000+00:00,166,254174,1579.345,1579.715,1579.2,1579.27,471968.0,252478.0,1522,745467477.3599999,-5.3820887266191294e-05,0
2020-02-03 12:35:12.883000+00:00,167,255696,1579.275,1579.745,1578.57,1579.175,480430.0,265624.0,1522,758684113.9900002,-6.015618446972878e-05,0
2020-02-03 12:45:47.700000+00:00,168,257218,1579.16,1579.665,1578.875,1579.065,559270.0,313230.0,1522,883249376.4,-6.965905063853394e-05,0
2020-02-03 12:54:52.618000+00:00,169,258740,1579.07,1580.065,1579.07,1579.66,582690.0,333390.0,1522,920489813.05,0.000376734288067006,0
2020-02-03 13:01:02.705000+00:00,170,260262,1579.645,1580.125,1578.34,1578.585,633600.0,342418.0,1522,1000834291.3600007,-0.0006807578522349128,0
2020-02-03 13:03:28.064000+00:00,171,261784,1578.59,1578.93,1577.935,1578.745,489847.0,276481.0,1522,773219000.0699991,0.00010135145843911372,0
2020-02-03 13:08:56.586000+00:00,172,263306,1578.735,1579.855,1578.64,1579.74,472872.0,291690.0,1522,746725836.06,0.0006300489208686851,1
2020-02-03 13:14:13.055000+00:00,173,264828,1579.735,1579.735,1578.085,1578.405,547863.0,252396.0,1522,864989487.265,-0.0008454330497913854,1
2020-02-03 13:16:47.764000+00:00,174,266350,1578.4,1578.715,1576.97,1577.17,530668.0,251178.0,1522,837234089.98,-0.0007827416956056707,1
2020-02-03 13:20:17.166000+00:00,175,267872,1577.165,1577.715,1576.805,1577.595,507050.0,285980.0,1522,799710813.2249992,0.0002694336995440414,0
2020-02-03 13:23:44.427000+00:00,176,269394,1577.58,1578.005,1577.175,1577.435,554540.0,299640.0,1522,874813677.8499997,-0.00010142534311069144,0
2020-02-03 13:26:51.537000+00:00,177,270916,1577.45,1578.23,1577.055,1577.155,558173.0,293202.0,1522,880567652.0399998,-0.00017751910754510282,0
2020-02-03 13:29:03.937000+00:00,178,272438,1577.16,1577.23,1576.145,1576.625,485875.0,246626.0,1522,766020556.5400001,-0.00033610461413874533,0
2020-02-03 13:32:30.982000+00:00,179,273960,1576.62,1577.525,1576.54,1577.48,506750.0,290820.0,1522,799145594.0999999,0.0005421506392098214,0
2020-02-03 13:36:09.625000+00:00,180,275482,1577.475,1578.4,1577.08,1578.31,885900.0,449330.0,1522,1397672214.5500002,0.0005260172692973151,0
2020-02-03 13:40:39.786000+00:00,181,277004,1578.295,1578.51,1577.405,1577.52,610666.0,293639.0,1522,963707918.795,-0.0005006606924338923,0
2020-02-03 13:46:16.859000+00:00,182,278526,1577.525,1578.125,1577.51,1578.045,510234.0,294274.0,1522,805068065.3699999,0.00033274548605030093,0
2020-02-03 13:51:05.011000+00:00,183,280048,1578.04,1578.735,1577.485,1578.69,536848.0,307081.0,1522,847207872.6650001,0.0004086500824276478,0
2020-02-03 13:56:13.206000+00:00,184,281570,1578.7,1578.79,1577.865,1578.14,526954.0,260815.0,1522,831780270.7000003,-0.0003484508228602502,0
2020-02-03 14:01:06.309000+00:00,185,283092,1578.135,1579.075,1577.545,1579.005,604330.0,352990.0,1522,953830082.6,0.0005479634426953191,0
2020-02-03 14:05:44.719000+00:00,186,284614,1579.02,1579.295,1578.6,1579.03,633711.0,344237.0,1522,1000611628.3599992,1.5832630100845348e-05,0
2020-02-03 14:11:21.949000+00:00,187,286136,1579.035,1579.29,1578.265,1579.225,480430.0,268840.0,1522,758514514.95,0.00012348591247231453,0
2020-02-03 14:15:21.636000+00:00,188,287658,1579.23,1579.345,1578.32,1578.58,526469.0,283609.0,1522,831237448.4949999,-0.0004085116142193222,0
2020-02-03 14:20:25.924000+00:00,189,289180,1578.575,1579.445,1578.225,1579.26,503032.0,294662.0,1522,794168510.1099999,0.0004306741383418384,0
2020-02-03 14:25:17.404000+00:00,190,290702,1579.25,1579.465,1578.455,1578.61,551970.0,286650.0,1522,871567481.0,-0.0004116698972280645,0
2020-02-03 14:29:35.336000+00:00,191,292224,1578.615,1579.33,1578.17,1579.28,552480.0,318730.0,1522,872128730.37,0.0004243339762014117,0
2020-02-03 14:31:01.750000+00:00,192,293746,1579.275,1579.805,1579.035,1579.445,486333.0,262891.0,1522,768152688.6499999,0.00010447253252507764,0
2020-02-03 14:32:22.512000+00:00,193,295268,1579.45,1579.705,1578.74,1579.625,499810.0,268825.0,1522,789369246.6500001,0.00011395758890731577,0
2020-02-03 14:33:21.882000+00:00,194,296790,1579.62,1580.435,1579.46,1580.385,556366.0,319168.0,1522,879073754.7,0.0004810111453149795,0
2020-02-03 14:34:09.489000+00:00,195,298312,1580.395,1580.515,1578.51,1578.535,486121.0,231772.0,1522,767806885.9249997,-0.0011712865229275096,1
2020-02-03 14:35:12.241000+00:00,196,299834,1578.525,1578.98,1577.88,1578.0,533458.0,269673.0,1522,842060426.7949996,-0.000338979295412831,0
2020-02-03 14:36:26.525000+00:00,197,301356,1578.015,1578.31,1577.59,1578.31,378610.0,191480.0,1522,597409315.6499993,0.0001964319100448176,0
2020-02-03 14:37:48.774000+00:00,198,302878,1578.325,1578.565,1577.655,1577.845,493670.0,241480.0,1522,779049734.55,-0.00029466233652298315,0
2020-02-03 14:39:20.455000+00:00,199,304400,1577.82,1578.485,1577.475,1578.35,521985.0,275696.0,1522,823706058.9549999,0.0003200055790654887,0
2020-02-03 14:41:05.574000+00:00,200,305922,1578.345,1578.88,1578.135,1578.675,486502.0,257743.0,1522,767942256.1400001,0.0002058900396089709,0
2020-02-03 14:43:00.738000+00:00,201,307444,1578.68,1578.72,1577.945,1578.455,479420.0,266810.0,1522,756666439.05,-0.00013936708362090889,0
2020-02-03 14:45:34.820000+00:00,202,308966,1578.46,1578.775,1577.195,1577.33,461580.0,233486.0,1522,728393573.01,-0.0007129763578041723,0
2020-02-03 14:46:41.445000+00:00,203,310488,1577.355,1577.675,1577.01,1577.44,511684.0,287441.0,1522,807109214.1299999,6.973567014057699e-05,0
2020-02-03 14:47:51.503000+00:00,204,312010,1577.45,1577.485,1576.39,1576.795,513927.0,286463.0,1522,810403632.5050004,-0.00040897397244669953,0
2020-02-03 14:49:14.642000+00:00,205,313532,1576.8,1577.52,1576.305,1577.395,521124.0,298283.0,1522,821742868.0,0.0003804463315379357,0
2020-02-03 14:50:47.865000+00:00,206,315054,1577.385,1577.525,1576.475,1576.645,560085.0,307635.0,1522,883253170.6500002,-0.000475580534258344,0
2020-02-03 14:51:51.295000+00:00,207,316576,1576.64,1576.915,1575.485,1576.91,493569.0,267551.0,1522,777945583.825,0.00016806429608744874,0
2020-02-03 14:53:10.960000+00:00,208,318098,1576.905,1576.905,1575.685,1575.695,527580.0,257920.0,1522,831692654.1000005,-0.0007707911775529468,0
2020-02-03 14:54:34.575000+00:00,209,319620,1575.675,1576.205,1575.305,1575.55,544984.0,292604.0,1522,858798099.7199997,-9.202711950501121e-05,0
2020-02-03 14:55:36.530000+00:00,210,321142,1575.565,1575.67,1574.785,1575.07,502940.0,277730.0,1522,792225978.8749999,-0.0003047019340407423,0
2020-02-03 14:56:52.319000+00:00,211,322664,1575.085,1575.49,1574.39,1575.4,508527.0,274427.0,1522,800858548.5849997,0.0002094925526712844,0
2020-02-03 14:58:29.134000+00:00,212,324186,1575.385,1575.64,1574.83,1575.335,550090.0,308780.0,1522,866529411.1499999,-4.1260213892525105e-05,0
2020-02-03 15:00:06.042000+00:00,213,325708,1575.32,1575.39,1569.66,1570.605,807142.0,418021.0,1522,1269492891.3449981,-0.0030070526228717447,1
2020-02-03 15:00:32.044000+00:00,214,327230,1570.595,1572.955,1570.43,1572.76,956835.0,513964.0,1522,1504194158.265,0.0013711422870854172,1
2020-02-03 15:01:00.139000+00:00,215,328752,1572.775,1573.345,1572.105,1572.875,874103.0,464903.0,1522,1374794115.8900006,7.311719258671281e-05,0
2020-02-03 15:01:29.330000+00:00,216,330274,1572.845,1573.35,1572.305,1573.145,439547.0,219970.0,1522,691331477.0949997,0.0001716454445063694,0
2020-02-03 15:02:15.051000+00:00,217,331796,1573.14,1573.46,1572.65,1573.12,576048.0,284967.0,1522,906174754.6600004,-1.5891859077732092e-05,0
2020-02-03 15:02:57.141000+00:00,218,333318,1573.125,1573.26,1572.205,1572.47,520151.0,261159.0,1522,818048931.135,-0.00041327700638124615,0
2020-02-03 15:03:39.853000+00:00,219,334840,1572.485,1573.165,1571.845,1572.07,501917.0,266539.0,1522,789330754.2700001,-0.0002544092313391436,0
2020-02-03 15:04:18.652000+00:00,220,336362,1572.08,1572.375,1571.47,1572.19,529316.0,267411.0,1522,832021957.9649999,7.632956565834591e-05,0
2020-02-03 15:05:00.648000+00:00,221,337884,1572.195,1572.58,1571.315,1572.35,491624.0,266368.0,1522,772785936.6850001,0.00010176369207438728,0
2020-02-03 15:05:15.815000+00:00,222,339406,1572.365,1576.145,1572.245,1576.015,1053183.0,540741.0,1522,1658247893.3150008,0.0023281936214554475,1
2020-02-03 15:05:30.905000+00:00,223,340928,1576.085,1576.435,1574.24,1574.71,894393.0,427134.0,1522,1409016500.1899993,-0.0008283808168760116,1
2020-02-03 15:05:52.829000+00:00,224,342450,1574.74,1575.27,1574.19,1574.625,451679.0,223469.0,1522,711296740.2749999,-5.3979649685242886e-05,0
2020-02-03 15:06:16.474000+00:00,225,343972,1574.64,1575.5,1574.27,1575.07,478260.0,235010.0,1522,753215882.3000003,0.00028256704408564736,0
2020-02-03 15:06:47.871000+00:00,226,345494,1575.05,1575.59,1574.455,1574.555,471240.0,226410.0,1522,742199381.0000001,-0.00032702306121489856,0
2020-02-03 15:07:23.460000+00:00,227,347016,1574.55,1574.985,1574.19,1574.69,534110.0,264360.0,1522,840992601.1499996,8.573483490974391e-05,0
2020-02-03 15:08:07.329000+00:00,228,348538,1574.695,1574.765,1573.655,1573.69,508448.0,277670.0,1522,800458214.075,-0.0006352473549116181,0
2020-02-03 15:08:52.386000+00:00,229,350060,1573.675,1574.635,1573.55,1574.605,534032.0,320980.0,1522,840624846.38,0.0005812670196170178,0
2020-02-03 15:09:42.002000+00:00,230,351582,1574.615,1575.135,1574.385,1574.535,472430.0,256460.0,1522,743978731.95,-4.4456581804170416e-05,0
2020-02-03 15:10:51.512000+00:00,231,353104,1574.53,1575.14,1574.415,1574.49,670116.0,332046.0,1522,1055262121.7299998,-2.85802748489486e-05,0
2020-02-03 15:11:49.627000+00:00,232,354626,1574.5,1574.525,1573.805,1574.325,495460.0,248970.0,1522,779912978.5999999,-0.00010480133012008528,0
2020-02-03 15:12:52.043000+00:00,233,356148,1574.33,1574.605,1573.735,1574.435,642870.0,332160.0,1522,1011990799.3999996,6.98687737677894e-05,0
2020-02-03 15:13:47.834000+00:00,234,357670,1574.43,1574.735,1573.75,1574.615,518080.0,273080.0,1522,815538651.1999997,0.00011432019192834819,0
2020-02-03 15:14:43.740000+00:00,235,359192,1574.61,1574.64,1573.41,1573.47,525165.0,261970.0,1522,826592212.505,-0.0007274263880991794,0
2020-02-03 15:15:51.058000+00:00,236,360714,1573.465,1573.91,1573.205,1573.9,525752.0,307348.0,1522,827254227.06,0.0002732440117783723,0
2020-02-03 15:16:47.052000+00:00,237,362236,1573.905,1575.125,1573.675,1575.04,566819.0,307283.0,1522,892434614.2500002,0.0007240532050809638,1
2020-02-03 15:17:57.912000+00:00,238,363758,1575.035,1575.05,1574.01,1574.01,508900.0,246780.0,1522,801272959.5000002,-0.0006541655653170934,1
2020-02-03 15:19:25.012000+00:00,239,365280,1574.005,1574.68,1573.89,1574.495,534670.0,286610.0,1522,841728056.8000003,0.0003080827274125999,0
2020-02-03 15:20:51.975000+00:00,240,366802,1574.485,1574.83,1573.785,1574.1,550238.0,280438.0,1522,866191599.375,-0.00025090556395613185,0
2020-02-03 15:22:18.050000+00:00,241,368324,1574.095,1575.015,1573.935,1574.98,669045.0,381430.0,1522,1053435776.1,0.0005588934056339034,0
2020-02-03 15:23:47.717000+00:00,242,369846,1574.97,1575.03,1574.065,1574.065,544850.0,276000.0,1522,857924768.5,-0.0005811285807287039,0
2020-02-03 15:25:12.657000+00:00,243,371368,1574.07,1574.09,1573.295,1573.35,517558.0,266014.0,1522,814490886.61,-0.000454341109958328,0
2020-02-03 15:26:21.930000+00:00,244,372890,1573.36,1573.45,1572.665,1572.815,504115.0,286929.0,1522,793020313.5149997,-0.0003400965970675713,0
2020-02-03 15:27:30.641000+00:00,245,374412,1572.8,1572.955,1572.165,1572.955,532155.0,281485.0,1522,836816363.8749999,8.900841453274049e-05,0
2020-02-03 15:28:29.819000+00:00,246,375934,1572.98,1573.115,1571.87,1572.15,461121.0,239119.0,1522,725016794.5049999,-0.0005119066088915433,0
2020-02-03 15:29:42.036000+00:00,247,377456,1572.145,1572.825,1571.925,1572.745,511465.0,295800.0,1522,804186380.8000003,0.0003783910159793876,0
2020-02-03 15:31:30.726000+00:00,248,378978,1572.74,1572.805,1571.82,1572.025,500783.0,248251.0,1522,787388215.36,-0.0004579031296916868,0
2020-02-03 15:33:26.362000+00:00,249,380500,1572.02,1572.37,1571.715,1572.285,490523.0,266095.0,1522,771084808.7700001,0.0001653780960482453,0
2020-02-03 15:35:03.111000+00:00,250,382022,1572.29,1572.98,1572.015,1572.695,506483.0,283828.0,1522,796449058.135,0.00026073297911109733,0
2020-02-03 15:37:08.584000+00:00,251,383544,1572.7,1572.8,1571.785,1572.37,474289.0,253971.0,1522,745735566.945,-0.00020667299477554685,0
2020-02-03 15:39:10.932000+00:00,252,385066,1572.38,1572.465,1571.665,1571.98,541738.0,287970.0,1522,851615796.5050001,-0.000248063989059594,0
2020-02-03 15:41:14.770000+00:00,253,386588,1571.97,1572.69,1571.415,1572.615,571319.0,328670.0,1522,898088707.3749994,0.0004038675941615876,0
2020-02-03 15:43:05.884000+00:00,254,388110,1572.625,1574.115,1572.54,1573.56,489965.0,265621.0,1522,770807117.4500003,0.0006007294752636848,0
2020-02-03 15:45:05.285000+00:00,255,389632,1573.55,1573.93,1573.12,1573.455,481590.0,229060.0,1522,757811763.5,-6.672990121685229e-05,0
2020-02-03 15:47:17.004000+00:00,256,391154,1573.46,1574.225,1573.03,1574.15,522667.0,287347.0,1522,822484928.8999999,0.0004416056088961847,0
2020-02-03 15:49:58.912000+00:00,257,392676,1574.14,1575.02,1573.82,1574.885,496407.0,287568.0,1522,781505806.43,0.0004668096819164785,0
2020-02-03 15:52:34.823000+00:00,258,394198,1574.88,1575.25,1574.605,1575.09,503653.0,277541.0,1522,793225935.3399997,0.0001301597633565385,0
2020-02-03 15:55:03.480000+00:00,259,395720,1575.085,1576.08,1574.89,1575.585,509765.0,290644.0,1522,803069648.8450005,0.00031421838436073373,0
2020-02-03 15:57:05.138000+00:00,260,397242,1575.595,1576.055,1575.385,1575.86,500679.0,280059.0,1522,788913014.6550001,0.0001745231160295045,0
2020-02-03 15:59:33.849000+00:00,261,398764,1575.865,1576.27,1575.445,1575.485,489677.0,251048.0,1522,771630291.6899999,-0.00023799361972107013,0
2020-02-03 16:01:58.518000+00:00,262,400286,1575.49,1575.97,1574.66,1574.67,541282.0,293243.0,1522,852716672.1949999,-0.0005174348679247786,0
2020-02-03 16:04:32.120000+00:00,263,401808,1574.665,1575.06,1574.365,1574.85,574814.0,310145.0,1522,905173999.8300004,0.00011430313203022641,0
2020-02-03 16:07:16.108000+00:00,264,403330,1574.86,1575.645,1574.745,1574.88,530500.0,284800.0,1522,835669840.0,1.9049251841311128e-05,0
2020-02-03 16:10:36.601000+00:00,265,404852,1574.875,1575.07,1574.48,1574.785,513197.0,286531.0,1522,808177936.085,-6.0323875732107556e-05,0
2020-02-03 16:13:45.715000+00:00,266,406374,1574.79,1575.77,1574.665,1575.665,519539.0,302789.0,1522,818396531.0849999,0.0005586503660661653,0
2020-02-03 16:16:17.147000+00:00,267,407896,1575.66,1576.46,1575.55,1576.46,526440.0,305284.0,1522,829669362.2650003,0.0005044216310309792,0
2020-02-03 16:18:09.420000+00:00,268,409418,1576.455,1577.155,1576.295,1577.125,566139.0,333432.0,1522,892605812.3549994,0.0004217422456389868,0
2020-02-03 16:19:46.650000+00:00,269,410940,1577.105,1577.84,1576.65,1576.655,529051.0,292354.0,1522,834465067.3899999,-0.0002980550345804212,0
2020-02-03 16:21:55.504000+00:00,270,412462,1576.665,1577.26,1576.535,1576.735,495590.0,266590.0,1522,781460430.55,5.073904592659801e-05,0
2020-02-03 16:24:11.859000+00:00,271,413984,1576.73,1576.86,1576.15,1576.5,480668.0,257952.0,1522,757777081.7499999,-0.00014905327413592805,0
2020-02-03 16:26:48.165000+00:00,272,415506,1576.495,1576.675,1575.955,1576.29,519293.0,291196.0,1522,818537180.635,-0.00013321534279834616,0
2020-02-03 16:29:27.280000+00:00,273,417028,1576.285,1577.09,1576.195,1577.09,565210.0,317377.0,1522,891042385.335,0.0005073920790790026,0
2020-02-03 16:31:33.245000+00:00,274,418550,1577.1,1577.24,1576.305,1576.68,486478.0,250376.0,1522,767045443.3399999,-0.00026000627966503404,0
2020-02-03 16:33:26.729000+00:00,275,420072,1576.7,1577.58,1576.59,1577.315,532450.0,292300.0,1522,839735079.25,0.00040266392849695076,0
2020-02-03 16:35:53.981000+00:00,276,421594,1577.33,1578.03,1576.995,1577.92,519870.0,289710.0,1522,820102347.1500001,0.00038348966553335487,0
2020-02-03 16:37:57.194000+00:00,277,423116,1577.905,1578.27,1577.445,1577.705,539200.0,303800.0,1522,850773818.25,-0.00013626460706372978,0
2020-02-03 16:40:12.358000+00:00,278,424638,1577.71,1578.475,1577.69,1578.245,553845.0,310798.0,1522,874026646.75,0.0003422107481233265,0
2020-02-03 16:41:46.131000+00:00,279,426160,1578.24,1578.24,1577.38,1578.02,554036.0,299952.0,1522,874129918.4250001,-0.00014257358008981714,0
2020-02-03 16:42:42.534000+00:00,280,427682,1578.04,1578.38,1577.65,1577.815,473793.0,272649.0,1522,747655210.0899999,-0.00012991807257871352,0
2020-02-03 16:43:43.797000+00:00,281,429204,1577.805,1578.95,1577.56,1578.86,553182.0,339845.0,1522,873130054.605,0.0006620890894208269,0
2020-02-03 16:44:33.169000+00:00,282,430726,1578.865,1579.13,1578.545,1578.82,600060.0,357250.0,1522,947387857.05,-2.533505611844417e-05,0
2020-02-03 16:46:11.747000+00:00,283,432248,1578.8,1579.515,1578.415,1579.515,649525.0,381117.0,1522,1025545029.4600004,0.00044010531575545183,0
2020-02-03 16:48:27.737000+00:00,284,433770,1579.545,1579.55,1578.575,1579.34,649800.0,379200.0,1522,1026126945.5,-0.00011079964112262063,0
2020-02-03 16:50:31.516000+00:00,285,435292,1579.355,1579.56,1578.795,1578.955,693400.0,395700.0,1522,1095080783.0,-0.00024380243258279082,0
2020-02-03 16:51:57.679000+00:00,286,436814,1578.95,1579.805,1578.865,1579.775,661325.0,399525.0,1522,1044403674.3,0.000519196017652983,0
2020-02-03 16:53:34.322000+00:00,287,438336,1579.78,1579.81,1578.985,1579.57,614350.0,358000.0,1522,970328935.5,-0.00012977373492789973,0
2020-02-03 16:55:45.094000+00:00,288,439858,1579.56,1579.595,1578.795,1579.105,588454.0,299418.0,1522,929277699.05,-0.00029442725406009885,0
2020-02-03 16:58:26.627000+00:00,289,441380,1579.1,1579.385,1578.12,1578.135,658497.0,334898.0,1522,1039662422.095,-0.0006144607508581013,0
2020-02-03 17:01:07.594000+00:00,290,442902,1578.155,1578.64,1577.82,1578.035,644860.0,354810.0,1522,1017695067.525,-6.33679428125981e-05,0
2020-02-03 17:04:08.214000+00:00,291,444424,1578.025,1578.65,1577.675,1577.735,555054.0,296025.0,1522,875948854.0400003,-0.0001901279249779556,0
2020-02-03 17:07:14.742000+00:00,292,445946,1577.74,1578.04,1577.46,1578.025,577906.0,328871.0,1522,911774745.1899998,0.00018379090983878697,0
2020-02-03 17:09:52.313000+00:00,293,447468,1578.03,1578.33,1577.81,1578.135,542750.0,288100.0,1522,856499008.5,6.970495795172479e-05,0
2020-02-03 17:12:34.203000+00:00,294,448990,1578.14,1578.33,1577.65,1577.655,528656.0,277154.0,1522,834251936.22,-0.000304202753479524,0
2020-02-03 17:15:32.026000+00:00,295,450512,1577.65,1578.18,1577.14,1577.195,566275.0,298280.0,1522,893354549.1750002,-0.00029161450037868466,0
2020-02-03 17:18:41.021000+00:00,296,452034,1577.205,1577.27,1576.875,1577.08,572570.0,306810.0,1522,902984802.2000004,-7.29169143786729e-05,0
2020-02-03 17:22:54.300000+00:00,297,453556,1577.095,1577.275,1576.47,1576.48,659416.0,358396.0,1522,1039889587.52,-0.00038052233491027784,0
2020-02-03 17:26:35.126000+00:00,298,455078,1576.495,1576.805,1575.88,1576.785,562832.0,334835.0,1522,887250089.46,0.00019345028150256002,0
2020-02-03 17:30:17.112000+00:00,299,456600,1576.775,1577.085,1576.585,1577.015,563133.0,321898.0,1522,887970228.4099996,0.00014585579327026942,0
2020-02-03 17:34:04.741000+00:00,300,458122,1577.02,1577.04,1576.4,1576.645,530498.0,293112.0,1522,836424470.0100003,-0.00023464799737310865,0
2020-02-03 17:37:37.317000+00:00,301,459644,1576.65,1577.015,1576.405,1576.8,537560.0,323930.0,1522,847613750.4499999,9.8305186946237e-05,0
2020-02-03 17:41:54.301000+00:00,302,461166,1576.795,1577.315,1576.59,1576.665,564967.0,328579.0,1522,890946151.1049998,-8.562010365260605e-05,0
2020-02-03 17:45:55.293000+00:00,303,462688,1576.66,1577.22,1576.255,1576.98,589810.0,332625.0,1522,930003568.0,0.00019976883957931134,0
2020-02-03 17:49:22.328000+00:00,304,464210,1576.985,1577.07,1576.41,1576.48,611242.0,320197.0,1522,963741015.725,-0.0003171120002727543,0
2020-02-03 17:53:24.564000+00:00,305,465732,1576.475,1576.775,1575.405,1575.43,577580.0,299170.0,1522,910378103.3,-0.0006662627034666307,0
2020-02-03 17:56:56.848000+00:00,306,467254,1575.44,1575.52,1574.82,1575.4,539898.0,299798.0,1522,850432603.8000015,-1.904260147377903e-05,0
2020-02-03 18:00:02.050000+00:00,307,468776,1575.395,1575.715,1575.225,1575.505,442380.0,240060.0,1522,696935494.1000009,6.664751875335093e-05,0
2020-02-03 18:03:38.924000+00:00,308,470298,1575.515,1575.675,1575.24,1575.59,744900.0,404910.0,1522,1173590912.8500006,5.394950010738152e-05,0
2020-02-03 18:07:41.074000+00:00,309,471820,1575.575,1576.15,1575.425,1576.06,713280.0,409670.0,1522,1123979528.5500004,0.00029825647104476824,0
2020-02-03 18:11:49.095000+00:00,310,473342,1576.065,1576.93,1576.015,1576.895,763760.0,415870.0,1522,1204065314.3000002,0.000529661869275755,0
2020-02-03 18:13:50.071000+00:00,311,474864,1576.9,1577.78,1576.83,1577.69,425360.0,233650.0,1522,670966992.8999997,0.0005040282742932321,0
2020-02-03 18:15:44.340000+00:00,312,476386,1577.7,1577.945,1577.535,1577.73,704400.0,348450.0,1522,1111342636.25,2.5353201793750115e-05,0
2020-02-03 18:17:36.636000+00:00,313,477908,1577.72,1578.605,1577.32,1578.485,942555.0,465120.0,1522,1487324641.7,0.00047842115597364495,0
2020-02-03 18:20:59.192000+00:00,314,479430,1578.475,1578.575,1577.92,1577.925,784420.0,375830.0,1522,1238042083.9499998,-0.00035483350127233764,0
2020-02-03 18:24:07.686000+00:00,315,480952,1577.93,1578.345,1577.59,1578.195,635900.0,350500.0,1522,1003382649.25,0.00017109615645707175,0
2020-02-03 18:28:00.073000+00:00,316,482474,1578.21,1578.28,1577.745,1578.0,632700.0,329100.0,1522,998382349.75,-0.00012356650983102202,0
2020-02-03 18:30:43.526000+00:00,317,483996,1577.99,1578.21,1577.625,1577.645,751800.0,384550.0,1522,1186309250.5,-0.0002249936234890855,0
2020-02-03 18:34:01.170000+00:00,318,485518,1577.655,1578.575,1577.535,1578.05,661450.0,374050.0,1522,1043818582.5,0.0002566787995821295,0
2020-02-03 18:37:07.996000+00:00,319,487040,1578.06,1578.06,1577.05,1577.165,530950.0,278200.0,1522,837554602.25,-0.0005609760496249366,0
2020-02-03 18:41:27.535000+00:00,320,488562,1577.15,1577.33,1576.7,1577.205,558068.0,308510.0,1522,880072004.06,2.536164115323152e-05,0
2020-02-03 18:46:53.742000+00:00,321,490084,1577.225,1577.6,1577.18,1577.5,616381.0,370984.0,1522,972289724.4,0.0001870222419274239,0
2020-02-03 18:52:22.623000+00:00,322,491606,1577.51,1577.78,1576.96,1577.67,610450.0,340900.0,1522,962865628.5,0.00010775964538498669,0
2020-02-03 18:55:30.454000+00:00,323,493128,1577.665,1577.755,1576.435,1576.68,592700.0,312200.0,1522,934682282.75,-0.0006277046190219938,0
2020-02-03 19:01:00.438000+00:00,324,494650,1576.67,1576.82,1576.335,1576.675,492325.0,273336.0,1522,776201479.9750001,-3.1712255677190487e-06,0
2020-02-03 19:05:06.391000+00:00,325,496172,1576.68,1577.5,1576.6,1576.935,524147.0,281557.0,1522,826600657.3250003,0.00016489039582512504,0
2020-02-03 19:11:04.800000+00:00,326,497694,1576.9,1577.35,1576.69,1576.88,565375.0,317325.0,1522,891591596.6,-3.487839331436383e-05,0
2020-02-03 19:18:00.369000+00:00,327,499216,1576.895,1577.16,1576.49,1576.545,551590.0,289660.0,1522,869731210.05,-0.00021246739736017882,0
2020-02-03 19:23:42.865000+00:00,328,500738,1576.535,1576.69,1575.82,1576.31,531729.0,296819.0,1522,838089060.615,-0.00014907123888364789,0
2020-02-03 19:29:44.107000+00:00,329,502260,1576.305,1577.19,1576.16,1577.15,558666.0,324674.0,1522,880799069.9699994,0.0005327481685942103,0
2020-02-03 19:35:05.775000+00:00,330,503782,1577.13,1578.165,1576.84,1577.905,548775.0,310538.0,1522,865620524.8349996,0.0004785970541948034,0
2020-02-03 19:40:58.757000+00:00,331,505304,1577.92,1577.99,1577.52,1577.63,618450.0,357150.0,1522,975753091.25,-0.00017429691047382638,0
2020-02-03 19:46:20.060000+00:00,332,506826,1577.64,1577.815,1577.09,1577.455,569206.0,334794.0,1522,897932616.74,-0.00011093203522543379,0
2020-02-03 19:53:25.707000+00:00,333,508348,1577.46,1577.6,1576.945,1577.175,511246.0,278507.0,1522,806340327.7199997,-0.00017751685664266749,0
2020-02-03 19:59:58.084000+00:00,334,509870,1577.18,1577.885,1577.035,1577.81,473700.0,282390.0,1522,747243584.9999995,0.00040253757692947453,0
2020-02-03 20:06:14.589000+00:00,335,511392,1577.805,1578.03,1577.305,1577.36,442730.0,250120.0,1522,698470615.3000001,-0.0002852461217945741,0
2020-02-03 20:13:37.087000+00:00,336,512914,1577.375,1577.425,1576.795,1577.025,578040.0,332370.0,1522,911596498.15,-0.0002124027354043942,0
2020-02-03 20:22:27.650000+00:00,337,514436,1577.03,1577.31,1576.6,1576.9,558180.0,318420.0,1522,880225242.85,-7.926631106665712e-05,0
2020-02-03 20:29:04.242000+00:00,338,515958,1576.89,1577.005,1576.125,1576.14,538940.0,291920.0,1522,849679259.2500001,-0.00048207445177880255,0
2020-02-03 20:34:03.630000+00:00,339,517480,1576.15,1576.23,1575.76,1575.975,560750.0,302250.0,1522,883761051.2999998,-0.00010469161191826502,0
2020-02-03 20:41:03.285000+00:00,340,519002,1575.97,1576.065,1575.655,1575.895,606140.0,350590.0,1522,955209266.85,-5.076351500351325e-05,0
2020-02-03 20:47:40.305000+00:00,341,520524,1575.89,1576.45,1575.675,1576.215,590910.0,348890.0,1522,931354197.35,0.0002030386002386493,0
2020-02-03 20:54:08.114000+00:00,342,522046,1576.21,1577.145,1576.205,1577.11,590730.0,346230.0,1522,931444913.2499998,0.0005676547923433374,0
2020-02-03 20:59:34.578000+00:00,343,523568,1577.1,1577.11,1576.495,1576.575,579840.0,314270.0,1522,914266088.95,-0.0003392856326056938,0
2020-02-03 21:03:17.573000+00:00,344,525090,1576.58,1576.775,1576.215,1576.695,505560.0,284760.0,1522,797012688.3499994,7.611146527757882e-05,0
2020-02-03 21:12:08.749000+00:00,345,526612,1576.69,1577.215,1576.65,1576.795,461230.0,262580.0,1522,727308352.6,6.34217961900242e-05,0
2020-02-03 21:35:51.204000+00:00,346,528134,1576.8,1577.27,1576.56,1577.01,554300.0,317900.0,1522,874039344.5,0.0001363432427388701,0
2020-02-03 23:01:12.562000+00:00,347,529656,1577.005,1579.43,1576.3,1579.02,605285.0,335460.0,1522,954723253.825,0.0012737523228611167,1
2020-02-03 23:06:59.319000+00:00,348,531178,1579.03,1579.335,1578.34,1579.275,608103.0,337655.0,1522,960153872.63,0.0001614795328202239,0
2020-02-03 23:28:58.322000+00:00,349,532700,1579.21,1579.265,1578.295,1578.905,829409.0,479069.0,1522,1309462819.3999994,-0.0002343121682062981,0
2020-02-03 23:48:55.990000+00:00,350,534222,1578.91,1579.13,1578.305,1578.41,491252.0,266820.0,1522,775554241.57,-0.0003135575665117668,0
2020-02-04 00:04:48.866000+00:00,351,535744,1578.415,1579.73,1578.395,1579.0,561021.0,313956.0,1522,885850404.4300002,0.0003737240376554564,0
2020-02-04 00:13:13.699000+00:00,352,537266,1578.995,1579.035,1577.355,1577.605,470348.0,238368.0,1522,742278434.5200003,-0.0008838610410967688,1
2020-02-04 00:26:00.253000+00:00,353,538788,1577.61,1578.51,1577.565,1578.05,487400.0,283450.0,1522,769097973.75,0.0002820333673672306,0
2020-02-04 00:40:12.764000+00:00,354,540310,1578.065,1578.425,1577.375,1578.055,512880.0,291680.0,1522,809272539.45,3.168462392857655e-06,0
2020-02-04 00:54:03.994000+00:00,355,541832,1578.05,1578.53,1577.83,1578.315,683200.0,396500.0,1522,1078226226.0,0.0001647462120017914,0
2020-02-04 01:00:12.853000+00:00,356,543354,1578.31,1578.645,1576.66,1576.74,660496.0,364596.0,1522,1042307882.8,-0.0009983978921633964,1
2020-02-04 01:00:41.421000+00:00,357,544876,1576.745,1576.865,1575.255,1576.775,541329.0,302037.0,1522,853287945.4150003,2.2197452684710407e-05,0
2020-02-04 01:02:07.003000+00:00,358,546398,1576.79,1578.165,1576.435,1577.89,518439.0,296763.0,1522,817716286.2950001,0.0007068896674796884,1
2020-02-04 01:04:21.225000+00:00,359,547920,1577.905,1579.135,1577.78,1578.91,537310.0,286120.0,1522,848154763.95,0.0006462240468172793,1
2020-02-04 01:06:58.684000+00:00,360,549442,1578.915,1579.015,1577.97,1578.01,479391.0,242353.0,1522,756707133.5049999,-0.0005701760097707372,0
2020-02-04 01:10:53.820000+00:00,361,550964,1578.005,1578.8,1577.95,1578.765,530160.0,292630.0,1522,836771196.0999997,0.0004783362858587409,0
2020-02-04 01:14:27.148000+00:00,362,552486,1578.775,1578.78,1577.47,1577.655,618129.0,312803.0,1522,975422270.7749996,-0.0007033284833812968,0
2020-02-04 01:16:59.818000+00:00,363,554008,1577.66,1577.665,1576.86,1577.34,508683.0,280821.0,1522,802339530.7650001,-0.00019968335990822023,0
2020-02-04 01:20:30.336000+00:00,364,555530,1577.325,1577.77,1577.0,1577.195,567190.0,304040.0,1522,894678819.35,-9.193114047056756e-05,0
2020-02-04 01:22:21.462000+00:00,365,557052,1577.19,1577.43,1575.985,1576.53,552171.0,300638.0,1522,870654296.035,-0.0004217235236781283,0
2020-02-04 01:25:35.341000+00:00,366,558574,1576.525,1576.67,1575.955,1576.28,525217.0,278532.0,1522,827867489.695,-0.00015858868788412402,0
2020-02-04 01:28:57.363000+00:00,367,560096,1576.29,1576.93,1576.19,1576.575,537720.0,305325.0,1522,847778452.225,0.00018713198092575801,0
2020-02-04 01:31:51.324000+00:00,368,561618,1576.595,1576.605,1576.025,1576.435,498870.0,284450.0,1522,786386080.5,-8.880403176150014e-05,0
2020-02-04 01:34:36.653000+00:00,369,563140,1576.465,1576.775,1575.8,1576.015,551067.0,304357.0,1522,868643328.65,-0.0002664594220271814,0
2020-02-04 01:36:28.701000+00:00,370,564662,1576.01,1576.01,1574.455,1574.61,469329.0,242774.0,1522,739261193.705,-0.0008918865895722193,1
2020-02-04 01:38:14.545000+00:00,371,566184,1574.6,1574.775,1573.9,1574.65,503936.0,281860.0,1522,793364331.2700003,2.540279303864483e-05,0
2020-02-04 01:40:49.538000+00:00,372,567706,1574.655,1575.55,1574.655,1575.045,588190.0,333840.0,1522,926471136.45,0.0002508179376547689,0
2020-02-04 01:43:50.468000+00:00,373,569228,1575.035,1575.605,1574.995,1575.29,544950.0,310250.0,1522,858442085.0,0.00015553901441843504,0
2020-02-04 01:47:02.648000+00:00,374,570750,1575.325,1575.73,1574.95,1575.525,616708.0,358733.0,1522,971535822.25,0.00014916775528620306,0
2020-02-04 01:50:53.181000+00:00,375,572272,1575.515,1575.655,1575.22,1575.58,564400.0,332250.0,1522,889187714.5,3.490838928269057e-05,0
2020-02-04 01:54:18.207000+00:00,376,573794,1575.6,1576.57,1575.49,1575.79,694108.0,355706.0,1522,1093999562.12,0.00013327536932240163,0
2020-02-04 01:57:55.472000+00:00,377,575316,1575.785,1575.965,1575.42,1575.525,595360.0,286680.0,1522,938122433.1,-0.00016818375860527807,0
2020-02-04 02:01:49.149000+00:00,378,576838,1575.51,1576.09,1575.19,1575.915,535600.0,293950.0,1522,843906051.25,0.0002475059033271585,0
2020-02-04 02:07:03.311000+00:00,379,578360,1575.92,1576.74,1575.92,1576.7,575790.0,314500.0,1522,907599458.05,0.0004979992902549758,0
2020-02-04 02:12:55.602000+00:00,380,579882,1576.68,1576.755,1576.16,1576.4,532750.0,270500.0,1522,839877275.75,-0.0001902889225874381,0
2020-02-04 02:20:28.646000+00:00,381,581404,1576.395,1577.185,1576.315,1576.945,605300.0,320770.0,1522,954358979.0500002,0.000345664686500444,0
2020-02-04 02:25:54.587000+00:00,382,582926,1576.955,1577.775,1576.81,1576.89,598230.0,309300.0,1522,943522489.75,-3.487817213356971e-05,0
2020-02-04 02:33:04.489000+00:00,383,584448,1576.905,1577.14,1576.575,1576.81,501520.0,268940.0,1522,790809661.9,-5.07340584185205e-05,0
2020-02-04 02:37:58.201000+00:00,384,585970,1576.79,1577.13,1576.365,1577.13,544650.0,292800.0,1522,858756733.0,0.0002029207918338892,0
2020-02-04 02:44:28.173000+00:00,385,587492,1577.135,1577.435,1576.525,1576.735,532193.0,285745.0,1522,839241880.9,-0.00025048630937943257,0
2020-02-04 02:50:13.483000+00:00,386,589014,1576.73,1577.06,1576.465,1577.005,597090.0,343780.0,1522,941494235.95,0.00017122527580588649,0
2020-02-04 02:55:52.633000+00:00,387,590536,1576.995,1577.095,1576.245,1576.34,570320.0,310240.0,1522,899192551.5999998,-0.00042177434429689463,0
2020-02-04 03:04:06.568000+00:00,388,592058,1576.35,1576.77,1576.34,1576.705,563300.0,328950.0,1522,888078381.25,0.00023152222796079023,0
2020-02-04 03:09:42.176000+00:00,389,593580,1576.695,1577.37,1576.635,1577.035,601746.0,347897.0,1522,948976182.98,0.0002092753373483264,0
2020-02-04 03:19:07.476000+00:00,390,595102,1577.045,1577.17,1576.56,1576.635,580060.0,320570.0,1522,914616868.45,-0.00025367270649443585,0
2020-02-04 03:26:49.613000+00:00,391,596624,1576.655,1576.675,1575.945,1576.295,527250.0,282450.0,1522,831086058.0,-0.0002156724071374337,0
2020-02-04 03:32:09.558000+00:00,392,598146,1576.305,1576.625,1575.68,1576.025,551600.0,303850.0,1522,869426447.25,-0.0001713024062659714,0
2020-02-04 03:36:13.314000+00:00,393,599668,1576.015,1576.29,1574.84,1574.94,489844.0,264445.0,1522,771820606.375,-0.0006886779401755053,0
2020-02-04 03:39:42.247000+00:00,394,601190,1574.95,1575.48,1574.76,1574.945,472900.0,238540.0,1522,744871691.1000003,3.174719077057732e-06,0
2020-02-04 03:44:16.197000+00:00,395,602712,1574.94,1575.475,1574.44,1575.18,522980.0,284010.0,1522,823675961.4500003,0.0001492004288312143,0
2020-02-04 03:50:04.120000+00:00,396,604234,1575.185,1575.485,1574.46,1575.445,458320.0,258430.0,1522,721888176.0000013,0.00016822059154911006,0
2020-02-04 04:02:36.312000+00:00,397,605756,1575.44,1575.705,1574.845,1575.49,540630.0,298440.0,1522,851702238.2499998,2.8562950364318e-05,0
2020-02-04 04:16:45.998000+00:00,398,607278,1575.48,1576.14,1575.415,1575.68,565990.0,329620.0,1522,891872748.6499994,0.00012059013016129824,0
2020-02-04 04:28:00.013000+00:00,399,608800,1575.675,1575.715,1574.645,1574.82,564340.0,304850.0,1522,888965826.2,-0.0005459451016415745,0
2020-02-04 04:35:09.265000+00:00,400,610322,1574.83,1575.515,1574.64,1574.685,512267.0,273541.0,1522,806835493.425,-8.572775727149413e-05,0
2020-02-04 04:41:10.201000+00:00,401,611844,1574.68,1575.35,1574.46,1575.305,585037.0,314307.0,1522,921331687.785,0.0003936520484233896,0
2020-02-04 04:55:10.533000+00:00,402,613366,1575.33,1575.625,1574.805,1575.545,614690.0,338700.0,1522,968283256.35,0.00015233984509849434,0
2020-02-04 05:08:07.684000+00:00,403,614888,1575.55,1575.57,1574.63,1574.885,592090.0,334350.0,1522,932620102.1000007,-0.0004189904296591773,0
2020-02-04 05:21:00.903000+00:00,404,616410,1574.895,1575.195,1574.645,1575.055,646307.0,346283.0,1522,1017880021.3200008,0.00010793856401398616,0
2020-02-04 05:31:55.879000+00:00,405,617932,1575.06,1575.815,1574.875,1575.77,498100.0,274250.0,1522,784630896.25,0.00045384939644232833,0
2020-02-04 05:36:56.657000+00:00,406,619454,1575.775,1575.83,1574.23,1574.54,523853.0,262363.0,1522,825168265.7350001,-0.0007808755725633818,1
2020-02-04 05:40:03.875000+00:00,407,620976,1574.525,1574.53,1573.385,1573.48,534918.0,269632.0,1522,841970387.3449999,-0.000673439203093331,1
2020-02-04 05:42:38.366000+00:00,408,622498,1573.475,1574.095,1573.28,1573.28,538090.0,306600.0,1522,846797797.3500003,-0.00012711487388255126,0
2020-02-04 05:47:03.338000+00:00,409,624020,1573.285,1573.475,1572.81,1572.83,529973.0,294893.0,1522,833745119.5100001,-0.00028606755839357117,0
2020-02-04 05:52:33.223000+00:00,410,625542,1572.815,1573.26,1572.31,1572.585,507130.0,271760.0,1522,797582997.3100001,-0.00015578230567053777,0
2020-02-04 05:57:51.623000+00:00,411,627064,1572.57,1573.335,1572.26,1572.42,564950.0,309350.0,1522,888540599.0,-0.00010492829114824918,0
2020-02-04 06:01:37.882000+00:00,412,628586,1572.415,1572.825,1572.105,1572.375,566311.0,318695.0,1522,890495954.9200002,-2.8618717597240242e-05,0
2020-02-04 06:08:59.863000+00:00,413,630108,1572.38,1572.56,1571.86,1572.505,591819.0,321542.0,1522,930414265.21,8.267406074255976e-05,0
2020-02-04 06:14:11.999000+00:00,414,631630,1572.5,1573.45,1572.34,1572.365,565975.0,308980.0,1522,890168723.7500002,-8.903388699216566e-05,0
2020-02-04 06:19:10.118000+00:00,415,633152,1572.36,1572.71,1571.975,1572.205,522729.0,286810.0,1522,821878200.855,-0.00010176272122308332,0
2020-02-04 06:25:24.176000+00:00,416,634674,1572.19,1572.555,1571.88,1572.41,547595.0,316046.0,1522,860945001.305,0.00013038162082840293,0
2020-02-04 06:32:10.855000+00:00,417,636196,1572.4,1572.925,1572.14,1572.67,568500.0,328500.0,1522,893928335.25,0.00016533760705117337,0
2020-02-04 06:38:29.386000+00:00,418,637718,1572.68,1572.86,1572.145,1572.565,574580.0,321100.0,1522,903558274.6,-6.676766603392474e-05,0
2020-02-04 06:42:51.165000+00:00,419,639240,1572.555,1572.72,1570.88,1571.23,589320.0,307575.0,1522,926319930.6750002,-0.0008492920691357609,1
2020-02-04 06:47:30.666000+00:00,420,640762,1571.27,1571.635,1570.75,1571.52,460898.0,257563.0,1522,724175852.8249997,0.00018455174660594398,0
2020-02-04 06:54:34.071000+00:00,421,642284,1571.525,1572.11,1571.265,1571.405,594277.0,312490.0,1522,934013388.5249996,-7.318023818665547e-05,0
2020-02-04 06:58:04.144000+00:00,422,643806,1571.41,1571.595,1570.675,1571.045,504244.0,273054.0,1522,792199613.4999998,-0.0002291205916242041,0
2020-02-04 07:02:45.912000+00:00,423,645328,1571.05,1571.885,1570.865,1571.885,529278.0,301854.0,1522,831724571.09,0.0005345330758246853,0
2020-02-04 07:09:25.502000+00:00,424,646850,1571.89,1572.705,1571.635,1572.605,528209.0,297149.0,1522,830334174.49,0.00045794390351545694,0
2020-02-04 07:15:14.479000+00:00,425,648372,1572.6,1573.045,1571.975,1572.435,478890.0,244180.0,1522,753008097.5,-0.00010810673324706216,0
2020-02-04 07:20:29.183000+00:00,426,649894,1572.42,1573.21,1572.155,1572.91,518730.0,302830.0,1522,815870211.1999999,0.00030203364248500725,0
2020-02-04 07:25:33.315000+00:00,427,651416,1572.9,1574.185,1572.885,1573.975,467300.0,250950.0,1522,735327217.4499996,0.0006768598411823497,0
2020-02-04 07:31:52.135000+00:00,428,652938,1573.97,1574.02,1573.55,1574.01,534590.0,285420.0,1522,841337903.1999996,2.223644648964716e-05,0
2020-02-04 07:37:57.102000+00:00,429,654460,1574.045,1574.735,1573.945,1574.495,538625.0,295775.0,1522,848002284.78,0.0003080827274125999,0
2020-02-04 07:44:41.828000+00:00,430,655982,1574.49,1574.6,1573.505,1573.54,534190.0,269160.0,1522,840897354.45,-0.0006067277074720928,0
2020-02-04 07:50:53.378000+00:00,431,657504,1573.53,1573.8,1573.065,1573.14,575096.0,309970.0,1522,904861883.1550002,-0.0002542362122328125,0
2020-02-04 07:56:18.179000+00:00,432,659026,1573.135,1573.385,1571.9,1572.33,504275.0,253466.0,1522,793061914.5999995,-0.0005150263826421531,0
2020-02-04 08:01:00.950000+00:00,433,660548,1572.34,1573.275,1572.12,1573.195,593354.0,329036.0,1522,933159795.0299996,0.000549987694775424,0
2020-02-04 08:03:54.874000+00:00,434,662070,1573.19,1573.19,1571.985,1572.25,512864.0,257270.0,1522,806445820.95,-0.0006008688935474147,0
2020-02-04 08:07:27.452000+00:00,435,663592,1572.255,1572.6,1571.76,1572.205,519536.0,284739.0,1522,816881384.6650001,-2.862181204890209e-05,0
2020-02-04 08:09:38.379000+00:00,436,665114,1572.21,1572.4,1571.125,1571.405,622375.0,303882.0,1522,978203178.3299996,-0.0005089689988706949,0
2020-02-04 08:11:12.512000+00:00,437,666636,1571.4,1571.535,1570.7,1571.44,524020.0,297907.0,1522,823311012.5150003,2.2272813327645687e-05,0
2020-02-04 08:14:12.717000+00:00,438,668158,1571.435,1572.025,1571.18,1571.675,610790.0,317290.0,1522,960001670.675,0.0001495331863057275,0
2020-02-04 08:17:14.169000+00:00,439,669680,1571.67,1572.59,1571.485,1571.665,565392.0,314947.0,1522,888879343.9950002,-6.362658827892186e-06,0
2020-02-04 08:19:56.616000+00:00,440,671202,1571.675,1572.085,1570.99,1571.165,571280.0,281510.0,1522,897750575.9999998,-0.0003181845688238942,0
2020-02-04 08:23:53.750000+00:00,441,672724,1571.155,1571.165,1570.515,1570.53,458346.0,226941.0,1522,719997505.8450003,-0.000404240391665701,0
2020-02-04 08:27:07.190000+00:00,442,674246,1570.525,1570.7,1570.215,1570.395,685095.0,345730.0,1522,1075924315.6,-8.596193801705051e-05,0
2020-02-04 08:28:23.346000+00:00,443,675768,1570.39,1570.49,1568.135,1568.95,534012.0,257572.0,1522,837921745.2600005,-0.0009205742612219412,1
2020-02-04 08:30:30.482000+00:00,444,677290,1568.935,1569.76,1568.75,1569.46,540303.0,287149.0,1522,847833394.6449999,0.00032500533995830116,0
2020-02-04 08:34:04.418000+00:00,445,678812,1569.455,1570.285,1569.415,1569.7,502250.0,285880.0,1522,788394755.4,0.00015290714743273153,0
2020-02-04 08:39:16.960000+00:00,446,680334,1569.715,1570.11,1569.525,1569.63,557825.0,290135.0,1522,875691599.0800004,-4.459550286945937e-05,0
2020-02-04 08:44:07.826000+00:00,447,681856,1569.625,1569.63,1568.655,1569.085,527168.0,296728.0,1522,827195276.0300003,-0.00034727587912716427,0
2020-02-04 08:49:28.279000+00:00,448,683378,1569.095,1569.35,1568.37,1568.52,528096.0,278125.0,1522,828532909.565,-0.000360147313703924,0
2020-02-04 08:53:04.070000+00:00,449,684900,1568.515,1568.73,1567.8,1568.14,495876.0,270826.0,1522,777669040.58,-0.00024229594655396377,0
2020-02-04 08:57:22.497000+00:00,450,686422,1568.145,1568.725,1567.93,1568.135,537390.0,296718.0,1522,842744437.7400001,-3.1884959068389665e-06,0
2020-02-04 09:00:23.468000+00:00,451,687944,1568.14,1568.685,1567.7,1567.9,564007.0,289579.0,1522,884450619.7099998,-0.00014987077659516228,0
2020-02-04 09:03:52.078000+00:00,452,689466,1567.905,1568.145,1567.115,1567.115,552597.0,283806.0,1522,866254338.7249997,-0.0005007950624837741,0
2020-02-04 09:05:34.406000+00:00,453,690988,1567.11,1567.16,1565.775,1566.275,566806.0,269497.0,1522,887935063.3400007,-0.0005361605290899876,0
2020-02-04 09:08:11.399000+00:00,454,692510,1566.28,1566.95,1565.965,1566.745,557894.0,308399.0,1522,873868933.8700008,0.0003000300052507953,0
2020-02-04 09:13:45.541000+00:00,455,694032,1566.755,1566.84,1566.025,1566.71,547672.0,317610.0,1522,857843392.5,-2.2339558092502293e-05,0
2020-02-04 09:18:29.919000+00:00,456,695554,1566.715,1568.035,1566.355,1567.905,736930.0,408840.0,1522,1154926849.999999,0.0007624541182195354,1
2020-02-04 09:25:43.113000+00:00,457,697076,1567.91,1567.99,1567.395,1567.54,684550.0,323890.0,1522,1073123484.4499998,-0.0002328218174126687,0
2020-02-04 09:32:30.682000+00:00,458,698598,1567.545,1567.625,1565.98,1566.185,533174.0,254927.0,1522,835445340.9450003,-0.0008647855727258839,1
2020-02-04 09:36:50.030000+00:00,459,700120,1566.195,1566.72,1565.755,1565.755,498025.0,265157.0,1522,780051571.0300008,-0.00027459019183105295,0
2020-02-04 09:40:59.981000+00:00,460,701642,1565.76,1566.94,1565.515,1566.61,545524.0,304213.0,1522,854437912.6300006,0.0005459134048769893,0
2020-02-04 09:45:23.334000+00:00,461,703164,1566.615,1567.645,1566.315,1567.335,524807.0,306479.0,1522,822470477.4050003,0.000462675645509653,0
2020-02-04 09:50:26.912000+00:00,462,704686,1567.34,1567.655,1567.025,1567.345,523860.0,288675.0,1522,821068413.8499999,6.380236579250235e-06,0
2020-02-04 09:56:06.976000+00:00,463,706208,1567.335,1567.895,1566.89,1567.71,550820.0,304420.0,1522,863379016.8500001,0.0002328507803845484,0
2020-02-04 10:02:12.407000+00:00,464,707730,1567.715,1568.49,1567.715,1568.455,501928.0,282499.0,1522,787114969.7100003,0.00047510256253328886,0
2020-02-04 10:09:57.663000+00:00,465,709252,1568.46,1568.645,1567.445,1567.98,506402.0,270966.0,1522,794056625.0149997,-0.00030289166115760795,0
2020-02-04 10:16:36.372000+00:00,466,710774,1567.975,1568.73,1567.8,1568.435,606420.0,305981.0,1522,951111215.4950002,0.00029014017800055953,0
2020-02-04 10:22:37.576000+00:00,467,712296,1568.425,1569.795,1568.4,1569.585,506460.0,274020.0,1522,794695562.7749997,0.000732946285544807,1
2020-02-04 10:30:18.599000+00:00,468,713818,1569.58,1570.04,1569.13,1569.995,572880.0,315860.0,1522,899108560.8000002,0.0002611814333958652,0
2020-02-04 10:34:38.702000+00:00,469,715340,1569.99,1571.425,1569.74,1571.35,544272.0,293766.0,1522,854748081.7599995,0.0008626878512459999,1
2020-02-04 10:42:51.974000+00:00,470,716862,1571.345,1571.425,1570.085,1570.625,512480.0,259769.0,1522,804855975.4249997,-0.0004614931772959177,0
2020-02-04 10:54:31.642000+00:00,471,718384,1570.63,1571.025,1570.065,1570.455,528640.0,305250.0,1522,830242727.2499999,-0.0001082430247978692,0
2020-02-04 11:03:46.023000+00:00,472,719906,1570.465,1571.64,1570.44,1571.56,522104.0,315240.0,1522,820246548.3699999,0.000703370318446288,1
2020-02-04 11:13:02.140000+00:00,473,721428,1571.55,1571.675,1570.305,1570.485,574047.0,298600.0,1522,901891822.9,-0.0006842677567921014,1
2020-02-04 11:21:51.583000+00:00,474,722950,1570.475,1570.79,1570.085,1570.31,518220.0,267330.0,1522,813810130.9499999,-0.00011143675418547644,0
2020-02-04 11:35:17.746000+00:00,475,724472,1570.32,1570.88,1569.83,1570.065,586954.0,311754.0,1522,921739123.12,-0.0001560323212972545,0
2020-02-04 11:46:07.697000+00:00,476,725994,1570.07,1571.46,1569.91,1570.09,348300.0,207240.0,1522,546948682.6,1.5922780882030446e-05,0
2020-02-04 11:59:00.686000+00:00,477,727516,1570.115,1570.435,1569.715,1570.22,342155.0,202855.0,1522,537200908.375,8.279437385120575e-05,0
2020-02-04 12:08:11.653000+00:00,478,729038,1570.245,1570.78,1569.92,1569.955,430400.0,232900.0,1522,675880842.0,-0.00016878040276680753,0
2020-02-04 12:17:27.294000+00:00,479,730560,1569.945,1570.455,1568.95,1569.05,451300.0,239600.0,1522,708361808.5,-0.0005766158544347822,0
2020-02-04 12:28:14.294000+00:00,480,732082,1569.055,1569.85,1568.73,1569.345,447657.0,252497.0,1522,702446367.105,0.00018799418229304183,0
2020-02-04 12:34:05.766000+00:00,481,733604,1569.4,1569.435,1568.07,1568.655,421253.0,244655.0,1522,660749693.0350001,-0.00043977056158093,0
2020-02-04 12:42:02.151000+00:00,482,735126,1568.65,1568.755,1567.555,1567.555,449930.0,244430.0,1522,705551861.1,-0.000701483666659581,0
2020-02-04 12:47:42.619000+00:00,483,736648,1567.55,1567.85,1566.68,1567.44,499635.0,268735.0,1522,783049626.025,-7.336534830300063e-05,0
2020-02-04 12:55:44.070000+00:00,484,738170,1567.445,1567.755,1566.785,1567.37,379285.0,193305.0,1522,594479002.875,-4.4659803950978666e-05,0
2020-02-04 13:01:46.445000+00:00,485,739692,1567.365,1567.85,1567.075,1567.74,352265.0,194965.0,1522,552158861.475,0.000236036376215261,0
2020-02-04 13:07:41.547000+00:00,486,741214,1567.735,1567.85,1566.275,1567.805,441600.0,241700.0,1522,692001980.5,4.146009705453037e-05,0
2020-02-04 13:14:41.028000+00:00,487,742736,1567.795,1567.84,1565.945,1566.265,450105.0,243100.0,1522,705080886.575,-0.0009827477522476584,1
2020-02-04 13:20:40.554000+00:00,488,744258,1566.27,1567.385,1566.04,1566.98,381083.0,225200.0,1522,597063149.7950001,0.0004563958531240826,0
2020-02-04 13:24:49.044000+00:00,489,745780,1566.965,1567.475,1566.275,1566.61,454220.0,248560.0,1522,711655793.775,-0.00023615086959026153,0
2020-02-04 13:27:50.413000+00:00,490,747302,1566.6,1566.635,1564.795,1565.145,654582.0,351896.0,1522,1024974150.285,-0.000935577723583249,1
2020-02-04 13:30:26.917000+00:00,491,748824,1565.14,1565.795,1564.4,1565.495,573207.0,303731.0,1522,897067403.3349992,0.00022359645405296065,0
2020-02-04 13:34:54.553000+00:00,492,750346,1565.52,1567.48,1565.32,1567.405,544696.0,305760.0,1522,853216837.3299992,0.0012193177162621025,1
2020-02-04 13:39:53.900000+00:00,493,751868,1567.395,1567.43,1565.215,1565.235,596055.0,290940.0,1522,933647749.9,-0.0013854131640316189,1
2020-02-04 13:42:03.146000+00:00,494,753390,1565.24,1565.275,1563.48,1563.89,437162.0,228320.0,1522,683958741.3249999,-0.0008596652948233702,1
2020-02-04 13:44:39.568000+00:00,495,754912,1563.905,1563.97,1562.35,1562.68,461429.0,236543.0,1522,721290803.5950003,-0.000774011175446986,1
2020-02-04 13:47:42.627000+00:00,496,756434,1562.69,1565.04,1562.59,1564.85,316617.0,176333.0,1522,495183509.41499984,0.001387676759756793,1
2020-02-04 13:51:29.629000+00:00,497,757956,1564.855,1565.045,1563.775,1563.775,398488.0,209039.0,1522,623428297.825,-0.0006872028717442301,1
2020-02-04 13:55:07.947000+00:00,498,759478,1563.785,1563.795,1562.355,1562.47,558274.0,292421.0,1522,872692124.1550001,-0.0008348674373244784,1
2020-02-04 13:57:37.611000+00:00,499,761000,1562.48,1562.61,1561.415,1561.435,456335.0,233180.0,1522,712768936.8499997,-0.0006626322105639199,1
2020-02-04 13:59:42.835000+00:00,500,762522,1561.44,1561.46,1559.93,1560.19,376379.0,195986.0,1522,587341754.9900001,-0.0007976615166858602,1
2020-02-04 14:01:47.892000+00:00,501,764044,1560.185,1560.86,1559.59,1560.595,380485.0,205794.0,1522,593600514.5650003,0.00025955008260640234,0
2020-02-04 14:03:55.143000+00:00,502,765566,1560.605,1560.795,1558.74,1559.15,363560.0,176100.0,1522,567037633.475,-0.0009263578294599312,1
2020-02-04 14:06:28.940000+00:00,503,767088,1559.155,1560.06,1558.84,1559.425,347733.0,195191.0,1522,542211952.7500002,0.00017636260196569564,0
2020-02-04 14:09:52.091000+00:00,504,768610,1559.4,1559.815,1559.02,1559.41,363792.0,189692.0,1522,567257675.2050003,-9.618976316449214e-06,0
2020-02-04 14:11:43.507000+00:00,505,770132,1559.4,1559.725,1558.34,1558.845,502330.0,275519.0,1522,783165679.375,-0.0003623821696321204,0
2020-02-04 14:14:46.257000+00:00,506,771654,1558.84,1560.43,1558.825,1560.365,558478.0,308730.0,1522,870956209.49,0.0009746058266774355,1
2020-02-04 14:16:23.107000+00:00,507,773176,1560.36,1560.54,1559.685,1560.025,499337.0,256137.0,1522,779046692.785,-0.0002179214786263324,0
2020-02-04 14:19:09.537000+00:00,508,774698,1560.02,1560.71,1559.94,1560.565,544490.0,291180.0,1522,849612515.6999997,0.0003460884034043365,0
2020-02-04 14:21:52.385000+00:00,509,776220,1560.555,1560.805,1559.95,1560.48,519404.0,270928.0,1522,810476867.2050004,-5.446893589871222e-05,0
2020-02-04 14:25:00.287000+00:00,510,777742,1560.485,1561.06,1560.38,1560.98,497418.0,271125.0,1522,776353296.2500002,0.0003203629098411424,0
2020-02-04 14:27:32.819000+00:00,511,779264,1560.97,1561.575,1560.685,1561.525,610412.0,321592.0,1522,952974001.89,0.0003490787079824832,0
2020-02-04 14:29:59.061000+00:00,512,780786,1561.54,1561.765,1561.205,1561.225,538658.0,274018.0,1522,841102066.2400001,-0.0001921383401957284,0
2020-02-04 14:30:54.479000+00:00,513,782308,1561.21,1561.355,1560.31,1560.32,484775.0,218105.0,1522,756629073.7749994,-0.0005798410885354799,0
2020-02-04 14:31:41.041000+00:00,514,783830,1560.33,1562.085,1560.08,1561.925,549306.0,296646.0,1522,857482468.26,0.0010281064691425603,1
2020-02-04 14:32:35.501000+00:00,515,785352,1561.92,1562.09,1560.75,1560.75,499389.0,245080.0,1522,779915920.78,-0.000752559940086395,1
2020-02-04 14:33:18.929000+00:00,516,786874,1560.745,1562.025,1560.73,1561.985,463860.0,261480.0,1522,724388063.1,0.0007909733386846012,1
2020-02-04 14:34:15.055000+00:00,517,788396,1561.995,1562.11,1561.415,1561.465,531346.0,299804.0,1522,829869883.8900001,-0.00033296515379095085,0
2020-02-04 14:35:13.426000+00:00,518,789918,1561.46,1562.125,1561.32,1561.725,517324.0,291064.0,1522,807912212.9449999,0.00016649643511961251,0
2020-02-04 14:36:06.353000+00:00,519,791440,1561.72,1561.735,1560.69,1560.8,534266.0,280346.0,1522,834046427.1600001,-0.0005924692529653282,0
2020-02-04 14:37:05.398000+00:00,520,792962,1560.81,1561.66,1560.695,1560.735,562220.0,297700.0,1522,877685337.1500001,-4.1646177287429685e-05,0
2020-02-04 14:38:08.780000+00:00,521,794484,1560.725,1560.975,1560.27,1560.64,503798.0,281750.0,1522,786262824.79,-6.087060992610739e-05,0
2020-02-04 14:39:14.309000+00:00,522,796006,1560.63,1561.355,1560.45,1561.27,486680.0,287200.0,1522,759643833.8000003,0.00040359908424764216,0
2020-02-04 14:40:15.662000+00:00,523,797528,1561.275,1561.745,1560.87,1560.95,511949.0,282649.0,1522,799370832.6999999,-0.0002049823530183564,0
2020-02-04 14:41:26.387000+00:00,524,799050,1560.96,1560.975,1560.265,1560.45,484580.0,246240.0,1522,756266883.4499999,-0.0003203690679031507,0
2020-02-04 14:42:44.282000+00:00,525,800572,1560.445,1560.48,1559.815,1559.85,500850.0,266455.0,1522,781447831.9,-0.00038457841066259134,0
2020-02-04 14:44:20.668000+00:00,526,802094,1559.86,1561.065,1559.86,1560.98,462948.0,259098.0,1522,722433830.3950001,0.0007241663591946928,1
2020-02-04 14:46:04.351000+00:00,527,803616,1560.985,1560.985,1559.535,1559.59,478747.0,246216.0,1522,746968215.8150003,-0.0008908629461474842,1
2020-02-04 14:47:00.889000+00:00,528,805138,1559.595,1559.71,1558.885,1559.26,461991.0,251309.0,1522,720318650.9100001,-0.00021161646198529271,0
2020-02-04 14:48:09.249000+00:00,529,806660,1559.265,1559.355,1557.95,1558.005,524280.0,248410.0,1522,817164328.3199999,-0.0008051930572504703,1
2020-02-04 14:49:04.049000+00:00,530,808182,1558.015,1558.255,1557.515,1557.52,452503.0,231832.0,1522,704942274.4,-0.00031134399750796154,0
2020-02-04 14:50:14.191000+00:00,531,809704,1557.53,1557.75,1556.685,1556.945,483955.0,243712.0,1522,753599013.1700001,-0.00036924480225849923,0
2020-02-04 14:51:25.958000+00:00,532,811226,1556.935,1557.595,1556.685,1556.985,518842.0,277818.0,1522,807888972.3000003,2.5691007827479183e-05,0
2020-02-04 14:53:03.085000+00:00,533,812748,1556.975,1558.04,1556.88,1557.83,539090.0,284390.0,1522,839732422.6999991,0.000542568352039798,0
2020-02-04 14:54:35.685000+00:00,534,814270,1557.82,1558.125,1557.24,1557.49,526710.0,278280.0,1522,820430213.4,-0.00021827613301354318,0
2020-02-04 14:56:01.438000+00:00,535,815792,1557.485,1558.51,1557.31,1558.11,511177.0,293664.0,1522,796303886.015,0.0003979971807573873,0
2020-02-04 14:57:27.374000+00:00,536,817314,1558.1,1558.255,1557.13,1557.325,536876.0,284777.0,1522,836338610.0050002,-0.0005039424777682577,0
2020-02-04 14:59:19.224000+00:00,537,818836,1557.33,1557.555,1556.595,1557.1,510055.0,274404.0,1522,794238456.09,-0.0001444889508603394,0
2020-02-04 15:00:37.482000+00:00,538,820358,1557.085,1558.795,1556.88,1558.775,516333.0,294595.0,1522,804232532.0349997,0.0010751395106338962,1
2020-02-04 15:01:27.085000+00:00,539,821880,1558.785,1558.825,1558.11,1558.675,606624.0,320553.0,1522,945453196.4150008,-6.41549984983704e-05,0
2020-02-04 15:02:40.110000+00:00,540,823402,1558.7,1558.91,1558.305,1558.525,532044.0,286171.0,1522,829237257.11,-9.624021565227177e-05,0
2020-02-04 15:04:23.870000+00:00,541,824924,1558.515,1558.93,1558.1,1558.51,524599.0,283749.0,1522,817548787.48,-9.624531004757981e-06,0
2020-02-04 15:05:33.501000+00:00,542,826446,1558.5,1559.265,1558.43,1559.025,597327.0,328860.0,1522,931241168.53,0.00033038923680717115,0
2020-02-04 15:07:08.920000+00:00,543,827968,1559.02,1559.38,1558.47,1558.6,542454.0,283470.0,1522,845655730.0650003,-0.0002726434402038958,0
2020-02-04 15:08:45.846000+00:00,544,829490,1558.605,1558.795,1557.74,1557.945,446883.0,238455.0,1522,696360802.7550002,-0.00042033727069171065,0
2020-02-04 15:10:26.364000+00:00,545,831012,1557.94,1558.095,1556.805,1556.96,498534.0,261954.0,1522,776461092.8199997,-0.0006324430650898518,0
2020-02-04 15:11:53.080000+00:00,546,832534,1556.955,1557.825,1556.615,1557.805,505253.0,300499.0,1522,786827741.6500003,0.0005425770616594916,0
2020-02-04 15:13:09.103000+00:00,547,834056,1557.8,1558.715,1557.71,1558.625,429340.0,241770.0,1522,669066784.5999997,0.0005262431814118738,0
2020-02-04 15:14:44.522000+00:00,548,835578,1558.615,1559.07,1558.515,1558.72,500142.0,265342.0,1522,779591213.6199999,6.094930142764758e-05,0
2020-02-04 15:17:02.168000+00:00,549,837100,1558.715,1559.02,1558.18,1558.195,503566.0,252037.0,1522,784851367.3299997,-0.00033687155727051384,0
2020-02-04 15:19:24.926000+00:00,550,838622,1558.205,1558.455,1557.015,1557.085,560270.0,293710.0,1522,872897815.5049992,-0.0007126165525881936,0
2020-02-04 15:21:34.878000+00:00,551,840144,1557.09,1557.705,1556.7,1556.72,477837.0,255170.0,1522,744181569.8599997,-0.00023443985841876567,0
2020-02-04 15:23:08.181000+00:00,552,841666,1556.715,1556.9,1555.85,1556.25,450639.0,235093.0,1522,701342852.1499999,-0.0003019624368827005,0
2020-02-04 15:24:47.943000+00:00,553,843188,1556.245,1556.315,1554.935,1555.115,504523.0,254886.0,1522,784721618.9649997,-0.0007295833502954282,0
2020-02-04 15:26:07.602000+00:00,554,844710,1555.12,1555.42,1554.225,1554.265,501214.0,252252.0,1522,779371734.1399999,-0.0005467328027923163,0
2020-02-04 15:27:15.393000+00:00,555,846232,1554.29,1554.85,1553.645,1553.78,466004.0,242988.0,1522,724314994.3000003,-0.0003120932959058689,0
2020-02-04 15:28:30.006000+00:00,556,847754,1553.79,1553.96,1553.06,1553.725,427559.0,209163.0,1522,664233004.4849997,-3.539817313622901e-05,0
2020-02-04 15:29:34.800000+00:00,557,849276,1553.72,1553.72,1552.605,1552.69,481078.0,243849.0,1522,747150631.785,-0.000666363018655495,0
2020-02-04 15:30:37.892000+00:00,558,850798,1552.68,1553.495,1552.47,1553.49,460842.0,261361.0,1522,715685889.7100003,0.0005151021625847443,0
2020-02-04 15:32:09.578000+00:00,559,852320,1553.48,1553.525,1552.405,1552.795,515247.0,267770.0,1522,800128295.3499995,-0.00044747987489686955,0
2020-02-04 15:33:29.143000+00:00,560,853842,1552.805,1553.3,1552.455,1552.725,531082.0,275113.0,1522,824679522.7799995,-4.508101703553277e-05,0
2020-02-04 15:35:03.559000+00:00,561,855364,1552.715,1553.825,1552.615,1553.505,497770.0,254530.0,1522,773177402.0000002,0.0005022165238211741,0
2020-02-04 15:36:21.465000+00:00,562,856886,1553.53,1553.535,1552.93,1553.12,545560.0,290420.0,1522,847357450.15,-0.00024785740278994065,0
2020-02-04 15:38:14.877000+00:00,563,858408,1553.11,1553.685,1552.915,1553.235,552190.0,304410.0,1522,857750971.6250001,7.404176280722464e-05,0
2020-02-04 15:39:44.471000+00:00,564,859930,1553.245,1553.345,1551.435,1551.475,477991.0,239560.0,1522,741940656.3749998,-0.00113376140671911,1
2020-02-04 15:41:10.923000+00:00,565,861452,1551.48,1552.42,1551.32,1552.225,521359.0,276014.0,1522,808975824.9650003,0.0004832941422162706,0
2020-02-04 15:43:10.144000+00:00,566,862974,1552.235,1552.52,1551.42,1551.72,485361.0,251181.0,1522,753243034.635,-0.0003253923664598838,0
2020-02-04 15:45:21.393000+00:00,567,864496,1551.715,1552.31,1551.61,1551.82,516605.0,288717.0,1522,801696459.765,6.444253983165874e-05,0
2020-02-04 15:47:10.818000+00:00,568,866018,1551.83,1552.89,1551.795,1552.755,570902.0,317653.0,1522,886185464.2099994,0.0006023368920185314,0
2020-02-04 15:49:39.535000+00:00,569,867540,1552.785,1553.695,1552.33,1553.555,528501.0,296722.0,1522,820665567.375,0.0005150806054045882,0
2020-02-04 15:51:39.250000+00:00,570,869062,1553.55,1553.68,1553.085,1553.4,529050.0,278800.0,1522,821820031.25,-9.977614746819013e-05,0
2020-02-04 15:53:34.096000+00:00,571,870584,1553.395,1554.06,1553.31,1553.955,537702.0,294609.0,1522,835423401.4250003,0.0003572169938108545,0
2020-02-04 15:55:22.598000+00:00,572,872106,1553.95,1554.65,1553.9,1554.35,512418.0,294227.0,1522,796491747.1800016,0.0002541578140667948,0
2020-02-04 15:57:08+00:00,573,873628,1554.345,1554.995,1553.73,1554.905,551579.0,306881.0,1522,857301215.9299996,0.00035699870605309926,0
2020-02-04 15:59:03.516000+00:00,574,875150,1554.9,1555.595,1554.82,1555.16,532374.0,293589.0,1522,827917934.5699997,0.00016398371131882088,0
2020-02-04 16:00:47.433000+00:00,575,876672,1555.15,1555.63,1554.805,1555.37,549996.0,299042.0,1522,855366222.99,0.0001350252209873176,0
2020-02-04 16:03:15.060000+00:00,576,878194,1555.36,1555.495,1554.82,1555.145,543850.0,301750.0,1522,845790263.0,-0.000144670577311056,0
2020-02-04 16:06:17.521000+00:00,577,879716,1555.15,1555.345,1554.23,1554.565,506322.0,290074.0,1522,787262243.2799999,-0.0003730251417176901,0
2020-02-04 16:08:48.250000+00:00,578,881238,1554.58,1555.61,1554.355,1555.385,527228.0,295059.0,1522,819762354.31,0.0005273396800608697,0
2020-02-04 16:11:33.804000+00:00,579,882760,1555.39,1555.705,1555.05,1555.145,536074.0,291625.0,1522,833825515.015,-0.00015431453834313235,0
2020-02-04 16:14:06.471000+00:00,580,884282,1555.14,1556.125,1555.125,1555.79,543521.0,308380.0,1522,845517774.0749997,0.000414666336160805,0
2020-02-04 16:17:15.188000+00:00,581,885804,1555.795,1556.065,1555.315,1555.845,501437.0,281907.0,1522,780066961.5199999,3.535118997303788e-05,0
2020-02-04 16:20:23.556000+00:00,582,887326,1555.855,1556.005,1555.145,1555.375,522691.0,278016.0,1522,813140422.5099999,-0.0003021322848112694,0
2020-02-04 16:23:33.985000+00:00,583,888848,1555.385,1555.395,1554.085,1554.275,574310.0,296780.0,1522,892906824.2,-0.0007074751472873406,0
2020-02-04 16:26:24.439000+00:00,584,890370,1554.27,1554.495,1553.5,1553.52,506264.0,268422.0,1522,786797785.8850001,-0.0004858750431435236,0
2020-02-04 16:28:19.169000+00:00,585,891892,1553.515,1553.53,1552.84,1553.085,560404.0,302630.0,1522,870426603.87,-0.00028004847918733307,0
2020-02-04 16:31:17.148000+00:00,586,893414,1553.08,1553.565,1552.88,1553.025,553808.0,315340.0,1522,860109159.8149997,-3.863353197887445e-05,0
2020-02-04 16:33:45.323000+00:00,587,894936,1553.02,1553.175,1552.635,1552.98,559992.0,327378.0,1522,869602485.045,-2.8976128501599462e-05,0
2020-02-04 16:36:46.144000+00:00,588,896458,1552.985,1552.985,1552.375,1552.51,534771.0,299821.0,1522,830319043.1449999,-0.00030268975497487784,0
2020-02-04 16:39:48.623000+00:00,589,897980,1552.505,1553.205,1552.21,1553.145,522409.0,290349.0,1522,811115111.8550003,0.00040893145494202,0
2020-02-04 16:42:44.667000+00:00,590,899502,1553.15,1553.42,1552.585,1553.27,583430.0,321280.0,1522,906125836.0999994,8.047862250685559e-05,0
2020-02-04 16:45:28.337000+00:00,591,901024,1553.285,1553.88,1552.71,1552.885,508684.0,273056.0,1522,790103959.495,-0.0002478949067071892,0
2020-02-04 16:48:07.642000+00:00,592,902546,1552.895,1552.895,1552.265,1552.59,546760.0,292400.0,1522,848911711.6499995,-0.00018998703959129318,0
2020-02-04 16:51:26.789000+00:00,593,904068,1552.58,1553.845,1552.38,1553.825,640280.0,353350.0,1522,994265167.45,0.0007951288318315425,1
2020-02-04 16:55:37.329000+00:00,594,905590,1553.82,1554.235,1553.495,1553.62,591829.0,302129.0,1522,919636951.535,-0.00013194119303638224,0
2020-02-04 16:59:12.008000+00:00,595,907112,1553.61,1553.725,1552.125,1552.205,583573.0,292934.0,1522,906279563.6600002,-0.0009111911314401144,1
2020-02-04 17:02:53.376000+00:00,596,908634,1552.215,1552.725,1552.125,1552.25,500394.0,281344.0,1522,776793193.1299998,2.8990595774903023e-05,0
2020-02-04 17:06:34.899000+00:00,597,910156,1552.245,1552.255,1551.285,1551.335,498968.0,257013.0,1522,774337186.57,-0.0005896407068021213,0
2020-02-04 17:09:50.180000+00:00,598,911678,1551.34,1551.695,1550.795,1550.87,546626.0,292617.0,1522,847983714.1250002,-0.0002997867668208661,0
2020-02-04 17:12:58.810000+00:00,599,913200,1550.86,1551.22,1550.715,1550.83,567352.0,306035.0,1522,879926344.2650002,-2.5792307445696146e-05,0
2020-02-04 17:16:52.192000+00:00,600,914722,1550.825,1551.15,1550.17,1550.325,523529.0,272503.0,1522,811860420.0200003,-0.0003256851105241161,0
2020-02-04 17:18:14.934000+00:00,601,916244,1550.34,1552.805,1550.19,1552.665,652705.0,357257.0,1522,1012786276.0049984,0.0015082230001215618,1
2020-02-04 17:19:32.304000+00:00,602,917766,1552.655,1553.375,1551.515,1551.98,468360.0,242980.0,1522,727077927.5000002,-0.0004412742913378752,0
2020-02-04 17:22:39.737000+00:00,603,919288,1551.97,1552.295,1551.305,1551.4,529890.0,290590.0,1522,822264016.1999997,-0.0003737860054217753,0
2020-02-04 17:26:32.345000+00:00,604,920810,1551.405,1551.545,1550.685,1551.205,502519.0,268329.0,1522,779451617.0850003,-0.0001257008225391134,0
2020-02-04 17:30:38.621000+00:00,605,922332,1551.2,1551.525,1550.545,1550.545,472520.0,253690.0,1522,732933521.05,-0.00042556621904459436,0
2020-02-04 17:34:14.765000+00:00,606,923854,1550.53,1551.055,1550.435,1550.56,593408.0,310938.0,1522,920222842.425,9.673971052231506e-06,0
2020-02-04 17:37:57.962000+00:00,607,925376,1550.565,1550.84,1550.105,1550.24,576770.0,306000.0,1522,894332599.4499998,-0.00020639834954588296,0
2020-02-04 17:41:20.677000+00:00,608,926898,1550.23,1550.645,1549.835,1550.11,578620.0,306000.0,1522,896986569.1499999,-8.386149955729335e-05,0
2020-02-04 17:44:41.383000+00:00,609,928420,1550.12,1550.365,1549.3,1549.52,560255.0,287118.0,1522,868361786.6450013,-0.0003806906031528552,0
2020-02-04 17:47:56.463000+00:00,610,929942,1549.53,1550.425,1549.12,1550.425,482670.0,266690.0,1522,747974684.6999999,0.000583881343514613,0
2020-02-04 17:51:31.946000+00:00,611,931464,1550.43,1551.18,1550.26,1551.14,528848.0,310899.0,1522,820043565.09,0.0004610575710430267,0
2020-02-04 17:54:45.933000+00:00,612,932986,1551.135,1551.35,1550.515,1551.215,552596.0,293696.0,1522,857010197.95,4.8350366102256376e-05,0
2020-02-04 17:59:50.497000+00:00,613,934508,1551.21,1551.455,1550.445,1550.81,519417.0,290794.0,1522,805577631.1949996,-0.0002611197539034186,0
2020-02-04 18:04:30.940000+00:00,614,936030,1550.82,1550.86,1549.995,1550.11,537810.0,294500.0,1522,833812744.1500001,-0.0004514789236035613,0
2020-02-04 18:09:11.138000+00:00,615,937552,1550.105,1550.245,1549.715,1550.235,488335.0,268220.0,1522,756893300.0,8.063618730683103e-05,0
2020-02-04 18:13:51.753000+00:00,616,939074,1550.24,1551.27,1550.225,1551.195,506556.0,305169.0,1522,785543864.0150003,0.0006190692878187487,0
2020-02-04 18:18:09.576000+00:00,617,940596,1551.205,1552.295,1551.175,1552.125,538778.0,332366.0,1522,836081276.92,0.0005993581247440527,0
2020-02-04 18:23:01.328000+00:00,618,942118,1552.13,1552.495,1551.71,1551.845,580200.0,317890.0,1522,900551474.2500002,-0.0001804141153165008,0
2020-02-04 18:26:46.246000+00:00,619,943640,1551.855,1552.795,1551.7,1552.735,625650.0,393000.0,1522,971207440.0,0.0005733464909137353,0
2020-02-04 18:30:30.498000+00:00,620,945162,1552.745,1552.75,1551.55,1552.19,645350.0,335200.0,1522,1001656613.25,-0.00035105518207166625,0
2020-02-04 18:35:30.540000+00:00,621,946684,1552.185,1552.225,1550.925,1550.965,638846.0,302600.0,1522,991137791.33,-0.0007895190950066801,1
2020-02-04 18:41:12.493000+00:00,622,948206,1550.955,1551.51,1550.595,1551.475,732402.0,372082.0,1522,1135896762.775,0.0003287734844793416,0
2020-02-04 18:49:11.165000+00:00,623,949728,1551.46,1552.21,1550.78,1550.78,563767.0,285408.0,1522,874734734.5949999,-0.0004480611759041093,0
2020-02-04 18:55:55.579000+00:00,624,951250,1550.775,1552.225,1550.745,1552.055,535089.0,296994.0,1522,830331953.0099999,0.000821829115477645,1
2020-02-04 19:03:05.464000+00:00,625,952772,1552.05,1552.11,1550.99,1551.09,658760.0,384494.0,1522,1022194337.9299996,-0.000621949687241142,1
2020-02-04 19:09:13.303000+00:00,626,954294,1551.085,1551.195,1550.585,1551.105,579050.0,298550.0,1522,898055345.25,9.670571966122267e-06,0
2020-02-04 19:15:01.955000+00:00,627,955816,1551.115,1551.295,1550.845,1551.01,580000.0,307550.0,1522,899592345.75,-6.124853529271286e-05,0
2020-02-04 19:19:36.447000+00:00,628,957338,1551.015,1552.38,1550.885,1552.11,525850.0,299900.0,1522,816015180.25,0.0007089639112081851,0
2020-02-04 19:24:19.746000+00:00,629,958860,1552.105,1552.73,1552.015,1552.7,640748.0,376750.0,1522,994707483.695,0.0003800554669057428,0
2020-02-04 19:30:12.688000+00:00,630,960382,1552.705,1552.795,1552.02,1552.735,557750.0,315050.0,1522,865909759.0,2.254112547920371e-05,0
2020-02-04 19:35:26.670000+00:00,631,961904,1552.725,1552.725,1551.705,1552.01,570712.0,329137.0,1522,885835367.0849998,-0.0004670270912282167,0
2020-02-04 19:42:08.037000+00:00,632,963426,1552.03,1552.09,1551.595,1551.75,653800.0,383800.0,1522,1014596252.25,-0.00016753872761310432,0
2020-02-04 19:50:35.201000+00:00,633,964948,1551.77,1552.0,1551.38,1551.545,657650.0,398400.0,1522,1020468767.0,-0.00013211763644652505,0
2020-02-04 19:58:36.769000+00:00,634,966470,1551.55,1552.82,1551.54,1552.53,660300.0,411600.0,1522,1024967444.0,0.0006346496351159908,0
2020-02-04 20:04:19.499000+00:00,635,967992,1552.55,1553.375,1552.455,1553.3,520104.0,297336.0,1522,807675062.185,0.0004958417014297579,0
2020-02-04 20:11:08.071000+00:00,636,969514,1553.31,1554.2,1553.08,1554.16,569267.0,328788.0,1522,884346695.0150002,0.000553506736663775,0
2020-02-04 20:16:40.685000+00:00,637,971036,1554.165,1554.54,1554.045,1554.505,550710.0,317730.0,1522,855966606.2000003,0.0002219602314283112,0
2020-02-04 20:24:30.247000+00:00,638,972558,1554.5,1554.515,1553.99,1554.045,532920.0,293440.0,1522,828333146.35,-0.0002959579246643502,0
2020-02-04 20:32:50.245000+00:00,639,974080,1554.04,1554.365,1554.0,1554.265,739350.0,375150.0,1522,1149087385.0,0.00014155602264076493,0
2020-02-04 20:39:11.513000+00:00,640,975602,1554.275,1554.38,1553.79,1554.0,574500.0,298000.0,1522,892875047.25,-0.00017051313233723214,0
2020-02-04 20:44:28.848000+00:00,641,977124,1554.005,1554.835,1554.005,1554.665,535300.0,282400.0,1522,832093431.0,0.0004278363928849263,0
2020-02-04 20:49:00.996000+00:00,642,978646,1554.66,1554.675,1553.67,1553.75,482000.0,244650.0,1522,749105181.25,-0.0005887244955567264,0
2020-02-04 20:53:53.892000+00:00,643,980168,1553.755,1554.8,1553.73,1554.74,588088.0,318245.0,1522,914103440.56,0.0006369652361578838,0
2020-02-04 20:58:03.604000+00:00,644,981690,1554.735,1555.455,1554.73,1555.45,732050.0,373100.0,1522,1138376740.75,0.0004565637548402743,0
2020-02-04 21:02:01.322000+00:00,645,983212,1555.445,1555.455,1554.845,1554.945,713350.0,345450.0,1522,1109452567.25,-0.00032471760302942606,0
2020-02-04 21:15:19.026000+00:00,646,984734,1554.95,1554.96,1554.22,1554.27,734300.0,371400.0,1522,1141474016.25,-0.0004341932034963103,0
2020-02-04 21:33:49.248000+00:00,647,986256,1554.275,1554.275,1552.995,1553.03,799140.0,380000.0,1522,1241719521.75,-0.0007981205971891634,1
2020-02-04 21:49:36.142000+00:00,648,987778,1553.035,1553.11,1552.15,1552.51,1009566.0,515328.0,1522,1567434575.51,-0.0003348854014823944,0
2020-02-04 23:08:45.162000+00:00,649,989300,1552.515,1553.495,1552.45,1553.145,1007930.0,530260.0,1522,1565211219.8500009,0.00040893145494202,0
2020-02-04 23:37:57.297000+00:00,650,990822,1553.14,1553.32,1552.47,1553.315,521270.0,305920.0,1522,809458167.5,0.00010944934115985505,0
2020-02-04 23:49:36.689000+00:00,651,992344,1553.32,1554.1,1552.915,1553.485,472962.0,265041.0,1522,734756609.4399999,0.0001094373633124906,0
