timestamp,open,high,low,close,Returns,date,uperBBand,middleBBand,lowerBBand
2017-11-10,325.26,327.63,323.87,326.12,0.002702040455073349,1,,,
2017-11-13,324.04,327.03,323.24,326.56,0.0013482872668245517,2,,,
2017-11-14,326.57,333.4,326.45,332.91,0.019258484119047327,3,,,
2017-11-15,332.89,338.17,332.75,334.74,0.0054819279049098234,4,,,
2017-11-16,334.75,335.58,333.48,334.52,-0.0006574425721670481,5,,,
2017-11-17,334.51,337.91,333.83,337.37,0.008483582411205809,6,,,
2017-11-20,338.97,339.11,334.74,335.21,-0.006423049826035135,7,,,
2017-11-21,335.22,338.56,334.49,337.15,0.005770734082095206,8,,,
2017-11-22,337.27,337.63,334.39,335.13,-0.006009418929724186,9,,,
2017-11-23,335.12,336.23,334.13,334.83,-0.0008955759151335214,10,,,
2017-11-24,334.8,335.4,328.52,328.9,-0.017869187140721915,11,,,
2017-11-27,329.55,330.77,327.55,328.3,-0.001825928687464239,12,,,
2017-11-28,328.29,330.65,324.14,327.3,-0.0030506430004121734,13,,,
2017-11-29,327.31,328.28,326.07,327.08,-0.0006723922133584173,14,,,
2017-11-30,327.07,332.45,326.31,331.57,0.013634159428344918,15,341.6725999545229,331.84600000000006,322.0194000454772
2017-12-01,331.6,334.91,324.58,325.12,-0.019644603772058934,16,341.8650966768806,331.77933333333334,321.69356998978606
2017-12-04,319.76,322.56,316.96,320.65,-0.013844159355190547,17,343.2601381270419,331.38533333333334,319.5105285396248
2017-12-05,320.68,322.78,317.34,320.95,0.000935162162915208,18,344.0580569164855,330.58799999999997,317.11794308351443
2017-12-06,320.91,325.46,314.79,324.47,0.010907734189641747,19,343.57540238750664,329.90333333333336,316.2312642791601
2017-12-07,324.48,327.53,321.63,324.54,0.00021571316396188286,20,342.92243215238346,329.23800000000006,315.55356784761665
2017-12-08,324.48,326.06,316.52,320.12,-0.01371286961254523,21,341.7292951486735,328.088,314.44670485132656
2017-12-11,320.13,324.2,320.13,321.43,0.004083865078875016,22,340.5164724358563,327.1693333333334,313.82219423081045
2017-12-12,321.44,323.91,320.8,322.62,0.003695369471921221,23,338.0074213247133,326.20066666666673,314.3939120086202
2017-12-13,322.67,329.76,321.58,327.93,0.016325010924212062,24,336.0154933070323,325.7206666666668,315.4258400263013
2017-12-14,327.87,335.37,326.91,333.41,0.016572792894228486,25,335.42335848752066,325.6260000000001,315.8286415124795
2017-12-15,333.24,335.22,329.6,333.84,0.0012888724152146176,26,336.86205093710817,325.95533333333344,315.0486157295587
2017-12-18,333.8657,337.8345,332.5531,333.2887,-0.0016527549346750494,27,338.0515089496135,326.28791333333345,314.5243177170534
2017-12-19,333.2965,336.2036,332.3489,334.9404,0.004943524200742219,28,339.74052653606293,326.79727333333346,313.854020130604
2017-12-20,334.9464,337.8605,331.2052,332.2738,-0.007993277714895037,29,340.5316552346695,327.1435266666668,313.7553980986641
2017-12-21,332.2905,333.1421,326.9042,329.8616,-0.007286155283572405,30,340.2233889401804,327.0296333333335,313.83587772648656
2017-12-22,329.8653,332.5289,328.6477,331.0826,0.0036947185223301484,31,340.7842560016335,327.4271400000001,314.07002399836676
2017-12-25,330.6915,330.7992,328.7769,330.7286,-0.0010697916075202362,32,340.7874312488835,328.0990466666669,315.4106620844503
2017-12-26,330.7197,332.7961,330.3275,331.8608,0.003417504421124689,33,340.7549320756789,328.82643333333357,316.89793459098826
2017-12-27,331.5844,332.3959,331.5513,332.194,0.0010035317204640571,34,341.065246254054,329.3413666666669,317.6174870792798
2017-12-28,332.2255,332.8539,329.9841,331.5085,-0.002065685284462672,35,341.13959371569194,329.8059333333336,318.47227295097525
2017-12-29,331.5322,332.6293,328.3824,328.4151,-0.009375093290059745,36,339.7534048067586,330.35894000000025,320.96447519324187
2018-01-01,327.9334,329.14,327.5424,328.3817,-0.00010170573312408305,37,338.2603549128373,330.8223866666669,323.3844184204965
2018-01-02,328.4456,330.1259,326.7435,327.4358,-0.0028846459751902145,38,336.7492325953503,331.1434400000002,325.53764740465016
2018-01-03,327.4285,328.9168,323.6711,324.8186,-0.008025132666719052,39,337.5331024185055,330.93601333333356,324.3389242481616
2018-01-04,324.8088,327.4962,323.6728,325.2304,0.0012669815816546478,40,337.64859965827884,330.3907066666669,323.132813675055
2018-01-05,325.2441,326.0652,321.7477,326.0129,0.002403096896566722,41,337.2176005477554,329.8689000000002,322.52019945224504
2018-01-08,323.9371,324.514,317.5871,318.6284,-0.02291141764530062,42,338.67958516857243,328.89154666666684,319.10350816476125
2018-01-09,318.5769,321.4748,314.1742,316.5414,-0.006571494773543844,43,339.27139166423325,327.6649466666668,316.0585016691004
2018-01-10,316.5767,327.7786,316.5371,325.8179,0.02888459762360249,44,338.46498878748173,327.2345533333335,316.0041178791853
2018-01-11,325.8678,334.6325,324.7744,332.5477,0.020444672112598403,45,339.02435406291505,327.4136266666668,315.80289927041855
2018-01-12,332.5257,336.5638,331.3515,334.0951,0.004642374534257761,46,339.76142957705724,327.6144600000002,315.4674904229431
2018-01-15,334.5348,335.3822,332.3612,333.7684,-0.000978343706636416,47,340.4278622497002,327.8171133333335,315.20636441696684
2018-01-16,333.7359,336.3476,330.6036,332.01300000000003,-0.00527321450454515,48,340.4586839513812,327.82726000000014,315.19583604861907
2018-01-17,332.0225,343.1161,329.412,335.8481,0.011484849632997576,49,341.4141262548778,328.0708666666668,314.72760707845583
2018-01-18,335.8045,339.6518,333.2343,339.5511,0.010965476726961068,50,343.6482111403391,328.6070400000001,313.5658688596611
2018-01-19,339.5313,340.0583,333.0501,334.0877,-0.01622091777609548,51,344.4073829450282,328.98521333333343,313.5630437216387
2018-01-22,334.4784,339.1332,334.121,337.7668,0.010952183175654473,52,345.9625428839601,329.6108866666668,313.25923044937343
2018-01-23,337.7776,338.0483,332.5438,333.4671,-0.012811506721193565,53,346.46262201839306,330.01297333333343,313.5633246482738
2018-01-24,333.4371,334.9941,318.7195,320.996,-0.03811554782153179,54,346.8701223426484,329.7581333333335,312.64614432401856
2018-01-25,321.0327,331.72,303.9077,304.8462,-0.051621274863845074,55,351.4495971427331,328.39918666666676,305.3487761906004
2018-01-26,304.8659,310.4643,299.3711,306.0241,0.0038564698917123996,56,354.0193730978865,327.0666000000001,300.1138269021137
2018-01-29,306.3312,307.0442,303.2197,304.1653,-0.0060925533932957915,57,356.26035007369126,326.10239333333345,295.94443659297565
2018-01-30,304.1772,305.3421,302.5811,304.988,0.002701127943352952,58,357.78926608877305,325.3321666666668,292.87506724456057
2018-01-31,305.0015,305.915,302.6117,303.5508,-0.0047234545179890355,59,359.0225482713668,323.84769333333344,288.67283839530006
2018-02-01,303.5436,306.0185,301.1435,305.7779,0.007310044373115538,60,358.42064758364177,322.0630400000001,285.70543241635846
2018-02-02,305.7579,311.8597,305.7579,311.7248,0.019261725865060742,61,356.5186860029312,320.57168666666684,284.6246873304025
2018-02-05,312.5308,315.8408,312.0367,312.2738,0.0017596197864994032,62,354.288089328241,319.1387133333335,283.98933733842597
2018-02-06,312.3332,317.6987,312.0277,313.9316,0.005294760706193551,63,352.1185642553411,317.9332866666668,283.7480090779925
2018-02-07,313.9384,316.1424,312.0536,313.3034,-0.002003077666408685,64,348.5195751851763,316.4303066666668,284.34103814815734
2018-02-08,313.3097,318.503,311.7637,315.3658,0.006561184797053349,65,342.94636135452356,314.81795333333343,286.6895453121433
2018-02-09,315.3825,318.5556,311.5216,318.3019,0.009267068567031482,66,338.9573278287259,313.7655666666668,288.5738055046077
2018-02-12,319.0165,319.8884,315.3268,315.9444,-0.0074340547427495934,67,331.89006473292994,312.3107400000001,292.7314152670703
2018-02-13,315.9375,318.3983,312.8533,314.4389,-0.004776468102142113,68,324.77838691159724,311.0421933333335,297.30599975506976
2018-02-14,314.4277,321.7186,306.4034,321.4191,0.02195609840555966,69,324.9362637220123,311.0704000000002,297.20453627798804
2018-02-15,321.39799999999997,325.2019,319.4835,322.87,0.004503886384617811,70,327.2756245724011,312.2719866666668,297.2683487609325
2018-02-16,322.879,324.6376,319.2772,319.3243,-0.011042564624526697,71,328.1471063118092,313.1586666666669,298.17022702152457
2018-02-19,319.4692,319.6324,318.2937,318.9478,-0.001179747771108615,72,328.2454851953109,314.1441666666669,300.04284813802286
2018-02-20,318.9325,319.0854,315.9505,316.437,-0.007903283393293227,73,327.6536141141069,314.90743333333353,302.16125255256014
2018-02-21,316.4458,317.3135,314.9218,315.4389,-0.0031591672672259983,74,325.94293514797675,315.6999733333335,305.45701151869025
2018-02-22,315.4299,317.1516,314.2383,315.1669,-0.0008626625916482473,75,324.17244465184467,316.32590666666687,308.47936868148906
2018-02-23,315.1605,315.501,313.0341,313.465,-0.005414628681911385,76,323.93014125188853,316.4419200000002,308.9536987481119
2018-02-26,312.2047,315.0843,311.3215,311.8267,-0.005240126324490884,77,324.00843927625897,316.41211333333354,308.8157873904081
2018-02-27,311.8514,314.9436,311.5431,313.7551,0.006165160521214849,78,324.0214440131348,316.4003466666669,308.779249320199
2018-02-28,313.7461,319.0435,313.5298,318.5572,0.015189305430306818,79,324.18406812612886,316.75060000000025,309.31713187387163
2018-03-01,318.5454,322.4222,317.7183,322.1633,0.011256509123804362,80,325.2896269061672,317.2037666666669,309.11790642716664
2018-03-02,322.1665,325.1856,322.123,324.7283,0.007930272838782308,81,326.9768484430435,317.6321933333336,308.2875382236237
2018-03-05,325.2332,328.3416,324.8713,328.1286,0.010416772027417648,82,329.7545557543237,318.4444733333336,307.13439091234346
2018-03-06,328.1422,329.4642,325.6651,328.1922,0.0001938076629570826,83,331.8341045278025,319.3613600000002,306.88861547219796
2018-03-07,328.1959,329.1655,323.4826,323.501,-0.014397207250945402,84,332.1818301762379,319.50015333333357,306.81847649042925
2018-03-08,323.4914,330.889,321.6433,328.2675,0.01462661965914118,85,333.5461738444192,319.85998666666694,306.1737994889147
2018-03-09,328.25300000000004,328.9305,322.5928,323.254,-0.015390432886742076,86,333.96259210730875,320.1219666666669,306.281341226025
2018-03-12,322.6215,323.9863,321.9307,323.0144,-0.0007414876264343291,87,334.3220002342569,320.3930733333336,306.46414643241025
2018-03-13,322.9862,324.5711,320.4454,323.8862,0.002695315254869427,88,334.7112889724025,320.88968666666693,307.0680843609314
2018-03-14,323.8675,324.41,321.9192,323.2685,-0.0019089722676320121,89,334.80240450092765,321.41166000000027,308.0209154990729
2018-03-15,323.2648,328.0994,322.8742,327.8452,0.014058298501113719,90,335.5175101484645,322.2568800000002,308.9962498515359
2018-03-16,327.92,332.4517,327.048,332.3262,0.013575470909583923,91,336.78085649678945,323.5142933333335,310.24773016987757
2018-03-19,331.8372,335.3725,331.8372,334.0403,0.0051446277104762305,92,337.3055070923411,324.9952000000002,312.6848929076593
2018-03-20,334.0224,337.941,333.9892,336.4756,0.007263990930929901,93,338.3200259607194,326.50990000000013,314.69977403928084
2018-03-21,336.50300000000004,338.2676,332.219,337.0585,0.0017308704801329532,94,339.9900445914145,327.74332000000015,315.4965954085858
2018-03-22,336.9965,343.7613,336.2736,337.849,0.0023425443086348054,95,341.93156656125063,328.78903333333346,315.6465001054163
2018-03-23,337.8609,340.1496,335.7126,340.093,0.006620059519263307,96,344.3920793401604,329.8133466666668,315.2346139931732
2018-03-26,339.7314,342.6954,338.9388,342.6107,0.007375707539847101,97,347.3247972417489,330.77882000000017,314.2328427582514
2018-03-27,342.6211,345.1177,341.3368,341.9466,-0.0019402326389152992,98,349.5197215698291,331.6957800000001,313.8718384301712
2018-03-28,341.9619,346.5035,341.6615,345.9819,0.011731877030113958,99,352.1869286695854,333.19450666666677,314.2020846637481
2018-03-29,346.0176,347.0068,343.4485,344.1271,-0.0053753956728080305,100,354.08640817392325,334.2518133333334,314.4172184927436
2018-03-30,344.1159,344.3532,342.56699999999995,343.2957,-0.00241889098056988,101,354.7174062216719,335.58792666666676,316.4584471116616
2018-04-02,343.9337,345.0614,341.3846,341.9741,-0.0038571716965737288,102,354.37538766013904,336.85190666666676,319.3284256731945
2018-04-03,341.9992,342.4589,338.5183,339.6436,-0.006838170667477926,103,353.1790800134357,337.9024000000001,322.62571998656455
2018-04-04,339.6531,345.1924,336.9952,345.0469,0.015783517287826256,104,351.69287818310335,339.3542933333335,327.0157084835636
2018-04-05,345.0694,347.4032,343.8327,344.9591,-0.0002544905420355106,105,350.5948599721889,340.49522000000013,330.3955800278114
2018-04-06,344.9311,347.7366,342.6361,343.716,-0.0036101242809841137,106,349.9099472519918,341.25454000000013,332.59913274800846
2018-04-09,344.0784,345.0969,342.4534,344.0492,0.0009689354043162879,107,349.24996787011395,341.9218000000002,334.59363212988643
2018-04-10,344.0273,347.6052,343.2058,346.6009,0.007389303528975552,108,349.4973939121633,342.59682000000026,335.6962460878372
2018-04-11,346.6123,347.5103,345.5596,345.7288,-0.0025193212461251816,109,349.24415188622316,343.17484000000024,337.1055281137773
2018-04-12,345.7175,346.0131,344.2201,344.9831,-0.0021592223609276703,110,348.6471088548495,343.6504466666669,338.6537844784843
2018-04-13,344.9693,345.1787,343.3233,344.8954,-0.0002542476696183158,111,348.40892771213953,343.9706066666669,339.5322856211943
2018-04-16,344.5167,345.8922,344.3666,344.5183,-0.0010939731473532054,112,348.45117383323617,344.0977800000002,339.7443861667643
2018-04-17,344.5344,348.0124,344.3236,347.1231,0.007532262572082114,113,348.9254139951169,344.44288000000023,339.96034600488355
2018-04-18,347.1296,349.0275,340.9906,343.8003,-0.009618506530677537,114,348.6730590530507,344.2974400000002,339.92182094694977
2018-04-19,343.8091,350.8792,339.9182,349.2636,0.01576597241716112,115,349.9949846629646,344.6398733333336,339.28476200370255
2018-04-20,349.2639,353.1999,345.9002,346.1012,-0.009095720124580589,116,350.17438556278313,344.82690666666696,339.4794277705508
2018-04-23,346.3655,349.9447,343.2375,344.2551,-0.0053482655274568755,117,349.9985544175502,344.9789733333336,339.959392249117
2018-04-24,344.2699,352.3722,343.5894,350.596,0.018251611095089708,118,350.5205192134772,345.7091333333336,340.89774745319005
2018-04-25,351.8946,352.5679,351.8786,352.1398,0.004393692433279712,119,352.4109450210376,346.1819933333336,339.9530416456296
2018-04-26,352.1347,357.4354,349.4815,351.4915,-0.0018427269606954527,120,353.5987171633415,346.61748666666693,339.63625616999235
2018-04-27,351.4766,356.4786,349.7415,351.0274,-0.001321245784318511,121,354.30546683042627,347.10491333333357,339.90435983624087
2018-04-30,351.2517,353.6863,349.1673,350.022,-0.0028682734463071264,122,354.61028096124954,347.5031000000002,340.39591903875083
2018-05-01,350.0253,354.9775,342.5646,344.8758,-0.014811657435085371,123,354.66589042928086,347.38809333333353,340.1102962373862
2018-05-02,344.8635,350.1862,334.75199999999995,336.3485,-0.02503652739438872,124,356.7704986171641,346.7627400000002,336.75498138283626
2018-05-03,336.4198,340.3321,334.5091,338.4339,0.006180975198206801,125,357.5754886350214,346.3261266666668,335.0767646983123
2018-05-04,338.4394,340.2061,334.9821,335.4074,-0.008982887665792397,126,358.8415602900614,345.69359333333347,332.5456263766055
2018-05-07,335.2033,336.1163,333.2086,335.9331,0.0015661206420592025,127,359.6105802336414,345.1212466666668,330.63191309969227
2018-05-08,335.9495,340.61800000000005,335.0802,340.5996,0.01379556083388883,128,359.36993573429265,344.6863466666668,330.00275759904093
2018-05-09,340.6194,342.3855,337.8126,338.4472,-0.006339495918689403,129,359.51842470114025,344.32947333333345,329.14052196552666
2018-05-10,338.4355,345.1668,334.2107,337.2575,-0.0035213643751689657,130,358.9366895521187,343.5290666666668,328.12144378121485
2018-05-11,337.2148,339.8414,335.8466,338.0356,0.00230448184455164,131,358.6567810816287,342.9913600000001,327.3259389183715
2018-05-14,337.9861,341.5298,335.7648,340.7035,0.007861382201103682,132,358.4571520464736,342.75458666666674,327.0520212868599
2018-05-15,340.7104,345.1417,339.3931,345.0258,0.012606599262401043,133,357.290893439246,342.3832400000001,327.4755865607542
2018-05-16,344.995,357.917,342.9436,357.4244,0.035304674395995654,134,359.3507473608149,342.7355466666668,326.12034597251863
2018-05-17,357.3883,362.1965,352.6726,354.2572,-0.008900668246224869,135,360.21789840288693,342.91992666666675,325.6219549304466
2018-05-18,354.2509,357.2849,348.2176,355.0679,0.002285835797986895,136,361.433942538516,343.18929333333347,324.9446441281509
2018-05-21,357.3062,366.1515,355.9047,365.4432,0.028801824764944434,137,366.8703495297064,344.21737333333346,321.5643971369605
2018-05-22,365.4287,373.1877,364.931,366.0822,0.0017470347920276546,138,372.0826137011099,345.6311333333334,319.17965296555695
2018-05-23,366.0675,376.1711,363.32599999999996,374.3725,0.022393392702384697,139,379.2757149821555,348.1660666666668,317.0564183511781
2018-05-24,374.3759,374.9294,366.3636,368.7055,-0.015253068645333864,140,383.02727547447427,350.18417333333343,317.3410711921926
2018-05-25,368.6925,369.6379,363.4242,364.2452,-0.012170955179795159,141,384.46358758406956,352.10669333333345,319.74979908259735
2018-05-28,364.9724,365.3896,360.5795,362.2521,-0.005486888940523143,142,384.871301738201,353.86129333333344,322.8512849284659
2018-05-29,362.2433,373.5811,361.0179,361.1677,-0.0029979848829341064,143,385.2130314851639,355.2325000000001,325.2519685148362
2018-05-30,361.1967,365.8558,355.6436,359.3968,-0.004915322821119848,144,384.49439235078216,356.62914000000006,328.76388764921796
2018-05-31,359.3946,364.5302,354.9122,357.2929,-0.005871177006102964,145,382.6457342100863,357.96483333333344,333.2839324565806
2018-06-01,357.3084,358.5576,353.2136,355.7061,-0.004451065484814955,146,380.0500382872213,359.1428666666668,338.2356950461123
2018-06-04,355.7259,358.9105,355.6338,356.50800000000004,0.002251851904809846,147,377.26674350145845,360.1965000000001,343.1262564985418
2018-06-05,356.5061,356.7463,353.7423,355.7768,-0.0020531120609353095,148,375.0704123309799,360.91323333333344,346.756054335687
2018-06-06,355.7901,356.9307,353.311,354.4749,-0.0036660284181005034,149,375.2900051339863,360.7166000000001,346.14319486601386
2018-06-07,354.4837,356.1574,351.6491,353.2917,-0.003343478209438199,150,375.41515246246286,360.6522333333334,345.88931420420397
2018-06-08,353.3334,357.8855,352.1441,357.5027,0.011848853246293417,151,375.2685700705509,360.81455333333344,346.360536596116
2018-06-11,355.47,358.3788,349.5391,353.3811,-0.01159583657301278,152,374.80817331324783,360.0104133333334,345.212653353419
2018-06-12,353.4129,356.3758,346.9558,350.6019,-0.00789568622640039,153,374.2701998489606,358.97839333333343,343.68658681770626
2018-06-13,350.6212,357.4206,341.4937,341.8402,-0.025308015349045584,154,371.9119583465283,356.80957333333333,341.70718832013836
2018-06-14,341.8722,378.4247,335.5382,376.5246,0.09664000734625398,155,375.4794255400521,357.3308466666667,339.18226779328126
2018-06-15,376.5726,377.3836,367.0416,370.1671,-0.017028858441348958,156,377.14549010321866,357.72563999999994,338.3057898967812
2018-06-18,370.8867,375.5023,370.8867,375.2196,0.013556929264099475,157,380.75855578194495,358.59014,336.4217242180551
2018-06-19,375.2451,383.8278,373.6097,377.3538,0.005671754333112125,158,384.73095303116304,359.66921333333335,334.60747363550365
2018-06-20,377.3555,380.8216,375.7424,378.7276,0.003634004253682445,159,388.6891868869512,360.95793333333336,333.22667977971554
2018-06-21,378.7404,388.3296,375.0757,383.8145,0.01334214979331314,160,393.7351177666699,362.72604000000007,331.71696223333026
2018-06-22,383.8326,393.9463,383.1578,389.41,0.014473410188766543,161,399.7027266083283,364.97296666666665,330.243206725005
2018-06-25,389.29400000000004,394.1216,388.6186,391.3498,0.0049690160567128615,162,405.1437307616578,367.2957533333334,329.44777590500894
2018-06-26,391.3705,391.717,385.4719,386.5964,-0.012220534418690374,163,408.157781171156,369.3503933333334,330.5430054955108
2018-06-27,386.5937,387.8999,383.2346,384.5653,-0.005267649305197531,164,409.8936475645183,371.35642000000007,332.81919243548185
2018-06-28,384.6316,388.2254,382.9545,387.9346,0.008723163239624864,165,411.4855636119787,373.66594666666674,335.8463297213548
2018-06-29,387.944,388.461,381.1629,381.9496,-0.015548105985639445,166,411.81229559032334,375.2957400000001,338.7791844096768
2018-07-02,381.38199999999995,385.775,379.9325,383.6615,0.004471990682947007,167,411.0345364475014,377.3144333333334,343.5943302191654
2018-07-03,383.6709,385.9013,378.2195,382.7901,-0.0022738562368681105,168,408.15598899053583,379.46031333333343,350.76463767613103
2018-07-04,382.8113,383.0629,378.774,380.5697,-0.00581745662279525,169,395.92001782240897,382.0422800000002,368.1645421775914
2018-07-05,380.6029,382.2527,378.2618,379.4124,-0.0030456004018045006,170,395.7461435974139,382.2348000000002,368.72345640258646
2018-07-06,379.3939,379.7342,374.8489,377.2294,-0.005770249692930545,171,394.14813843857814,382.70562000000024,371.26310156142233
2018-07-09,376.8303,377.0262,370.9518,371.7533,-0.014623028223586545,172,395.01358483173266,382.47453333333357,369.9354818349345
2018-07-10,371.7559,372.0513,369.222,370.8356,-0.0024716245211319956,173,396.23736240913036,382.0399866666669,367.8426109242034
2018-07-11,370.8171,376.2712,370.0456,371.9064,0.002883371996927772,174,397.0283196593166,381.5852400000002,366.14216034068386
2018-07-12,371.9185,375.4491,371.7132,372.3503,0.0011928681398144063,175,397.2008964105707,380.8209600000002,364.4410235894297
2018-07-13,372.3616,372.9071,370.9655,372.1756,-0.0004692919432521985,176,395.8106513988698,379.6720000000002,363.53334860113057
2018-07-16,372.101,372.6699,371.6417,372.3679,0.0005165581440869507,177,393.09855305605925,378.4065400000002,363.7145269439411
2018-07-17,372.3447,375.6869,371.4696,374.5033,0.005718270616716965,178,391.3914012786141,377.60033333333354,363.80926538805295
2018-07-18,374.5291,377.5165,372.9396,374.6365,0.00035560786225395614,179,390.0113817579766,376.9384133333335,363.86544490869034
2018-07-19,374.6468,376.39,368.3649,370.7162,-0.010519412221866854,180,387.122645043843,375.7905200000002,364.45839495615735
2018-07-20,370.7754,373.8954,367.1804,370.0599,-0.0017719258807528764,181,386.0598643251606,374.99787333333353,363.93588234150644
2018-07-23,368.9085,373.3556,368.3511,371.7636,0.004593283969634356,182,383.7712691976331,374.20468000000017,364.63809080236723
2018-07-24,371.754,373.2265,364.595,365.6356,-0.01662095937784991,183,382.1840109774203,373.0610466666668,363.9380823559133
2018-07-25,365.665,369.1874,364.0435,365.5248,-0.0003030798737134006,184,380.83950991563705,372.0580533333335,363.2765967510299
2018-07-26,365.5005,369.215,365.2013,367.7466,0.006059984882368059,185,378.9316687361841,371.2803333333335,363.62899793048285
2018-07-27,367.7603,368.4999,363.9464,364.6325,-0.008504116973358422,186,378.043350375528,370.44054000000017,362.83772962447233
2018-07-30,365.1898,367.4045,364.4501,365.9817,0.003693335097159933,187,378.0834193698023,370.0557666666668,362.02811396353127
2018-07-31,365.9576,370.3176,361.3637,369.5062,0.009584187527823265,188,377.98378316219384,369.9671400000001,361.9504968378063
2018-08-01,369.4499,372.7868,368.975,370.6792,0.0031694788412656044,189,377.8143256837135,369.88532666666674,361.95632764962
2018-08-02,370.6869,374.6796,368.9579,372.2414,0.004205570023306361,190,377.7932382375872,369.87806666666677,361.9628950957463
2018-08-03,372.2262,373.6799,366.5374,367.0732,-0.013981285336789735,191,377.4754977057689,369.53790666666674,361.6003156275646
2018-08-06,367.2399,367.365,364.0712,365.1253,-0.0053207008629367405,192,377.1990332972906,369.05506666666673,360.91110003604285
2018-08-07,365.1134,368.3119,362.0221,367.4907,0.00645742986624386,193,375.9094342283201,368.58756000000005,361.26568577168
2018-08-08,367.5027,368.3953,361.4908,363.6442,-0.010522095138777799,194,374.5770714716919,367.85474000000005,361.1324085283082
2018-08-09,363.6245,367.4502,359.9559,366.8704,0.008832735101802209,195,374.06140012055243,367.5983533333334,361.1353065461144
2018-08-10,366.8819,373.0711,365.5055,368.5305,0.004514824009340096,196,373.78474515931873,367.4963933333334,361.20804150734807
2018-08-13,371.25,376.2253,370.9016,376.149,0.020461865306204398,197,375.7018363476095,367.7887533333334,359.87567031905724
2018-08-14,376.14099999999996,382.6888,373.4908,382.1417,0.015806140744020026,198,380.6770087038673,368.88916000000006,357.10131129613285
2018-08-15,382.1402,386.1695,382.0753,385.9439,0.009900539882025832,199,385.86609543496064,370.25043333333343,354.6347712317062
2018-08-16,385.9258,387.7171,383.3928,384.6842,-0.003269284164425338,200,389.2702038184072,371.3796066666667,353.4890095149262
2018-08-17,384.7003,384.7688,380.2059,382.7948,-0.004923662580924513,201,391.19786507457513,372.5904266666667,353.98298825875827
2018-08-20,382.3943,384.4156,378.909,384.1879,0.0036326804554730517,202,393.16582614297266,373.8041733333333,354.442520523694
2018-08-21,384.1833,398.5639,381.7269,396.4907,0.0315208297415583,203,399.2970064730006,375.60314000000005,351.9092735269995
2018-08-22,396.5334,405.0799,394.3891,401.6002,0.012804480818830321,204,406.06069389432815,377.66454000000004,349.26838610567194
2018-08-23,401.5594,404.0935,400.2081,401.0792,-0.0012981523461688973,205,411.20070646383465,379.58706000000006,347.9734135361655
2018-08-24,401.0675,401.4674,397.6602,399.5035,-0.003936387920053327,206,414.4635472096348,381.7490800000001,349.03461279036543
2018-08-27,400.0913,405.0269,398.4595,403.9846,0.011154232303587147,207,417.7934359894257,384.3397000000001,350.8859640105745
2018-08-28,403.9918,404.6625,399.7706,399.8005,-0.010411085731898148,208,419.2269428266098,386.49368666666675,353.7604305067237
2018-08-29,399.7905,414.0394,399.1019,413.9653,0.034816481196570555,209,422.9851059435023,389.84842666666674,356.7117473898312
2018-08-30,413.9957,414.586,404.8091,409.4284,-0.011020113256708267,210,424.1097079382414,392.68562666666674,361.26154539509207
2018-08-31,409.44800000000004,412.7257,406.1771,407.4201,-0.0049172007943522325,211,423.4351393372773,395.2782666666668,367.1213939960563
2018-09-03,405.2889,405.67,402.0696,402.9865,-0.01094177721005851,212,422.4660389882516,397.06743333333344,371.66882767841525
2018-09-04,403.0043,404.8955,393.4874,396.9447,-0.015106086351827917,213,421.4248919799245,398.05430000000007,374.68370802007564
2018-09-05,396.9579,407.2793,391.0913,396.0229,-0.0023249384091356554,214,420.7256210948307,398.7262333333334,376.7268455718362
2018-09-06,395.9779,403.2761,395.9722,403.1141,0.017747610559475043,215,419.9649526924222,399.9548933333334,379.94483397424466
2018-09-07,403.1307,405.2948,389.9815,390.5301,-0.031714601449801344,216,418.16397420546826,400.4705800000001,382.77718579453193
2018-09-10,391.9544,393.6308,385.2094,386.9425,-0.00922894379550463,217,417.34643752524397,400.6542200000001,383.9620024747563
2018-09-11,386.9268,387.5309,371.4211,373.8006,-0.03455360302287654,218,422.7544986325026,399.1415466666667,375.52859470083087
2018-09-12,373.7986,375.31199999999995,366.5331,368.4372,-0.014452223674616054,219,427.21794738832267,396.9306800000001,366.64341261167755
2018-09-13,368.414,390.7727,367.1887,388.9218,0.05410801864992403,220,426.66143614351773,396.12018666666677,365.5789371898158
2018-09-14,388.9267,394.1308,378.9934,379.3464,-0.02492852330982759,221,426.9314008088614,394.77638000000013,362.6213591911389
2018-09-17,380.8188,384.6111,379.0263,384.028,0.012265694774011451,222,425.62806605543756,393.4459400000002,361.2638139445628
2018-09-18,384.0279,385.8127,376.0686,376.8737,-0.018805348540170904,223,425.3643994029803,391.91748666666683,358.47057393035334
2018-09-19,376.8949,378.8883,368.89300000000003,370.6697,-0.016598748493760716,224,421.4686522348967,389.0311133333335,356.5935744317703
2018-09-20,370.6702,371.2067,356.5069,360.4759,-0.027886266666841655,225,419.70910621309406,385.76761333333354,351.826120453573
2018-09-21,360.4854,365.5128,360.4519,364.1201,0.010058655376456723,226,416.04500754447076,382.8809466666669,349.716885788863
2018-09-24,364.3747,365.1009,356.2094,358.958,-0.01427836827101727,227,413.3528733875846,379.9457133333335,346.5385532790824
2018-09-25,358.9691,360.2494,352.3146,353.2907,-0.015914159220173092,228,412.23115799381077,377.03544666666687,341.839735339523
2018-09-26,353.2909,356.194,346.7363,348.7756,-0.012862495321115682,229,410.7538971770721,373.8856266666669,337.0173561562617
2018-09-27,348.7489,353.6748,347.8166,353.3595,0.01305721684024178,230,403.8867542080576,370.5686533333336,337.2505524586096
2018-09-28,353.3633,359.3696,351.9796,357.4404,0.011482682649422446,231,399.75485983669205,368.36267333333365,336.97048682997524
2018-10-01,357.1103,359.0052,351.9708,353.9962,-0.009682456336261629,232,396.1241973349943,366.1662533333336,336.2083093316729
2018-10-02,354.0008,356.2992,352.7777,355.0602,0.0030011739506887935,233,395.1630766091338,364.91689333333363,334.6707100575335
2018-10-03,355.0633,356.1127,353.3413,353.9138,-0.0032339719062824163,234,394.8396672932783,363.94866666666695,333.0576660400556
2018-10-04,353.9009,354.9108,348.5391,350.0811,-0.010888538729724295,235,388.4262413986817,361.35928666666695,334.29233193465217
2018-10-05,350.0778,350.8625,348.25300000000004,348.5819,-0.004291632163245257,236,384.5976169147602,359.30832000000026,334.01902308524035
2018-10-08,348.1992,349.4422,345.2057,347.3476,-0.0035472021066197943,237,377.0414959657954,356.86296000000027,336.68442403420516
2018-10-09,347.3455,348.1739,343.522,345.2557,-0.006040705729058215,238,371.14701453999146,354.75509333333355,338.36317212667564
2018-10-10,345.2578,348.2642,342.7063,343.8428,-0.004100725745122394,239,366.85146913977985,352.96663333333356,339.08179752688727
2018-10-11,343.8599,348.101,343.2433,344.44,0.0017353336444451248,240,365.76996569744085,351.8975733333335,338.0251809692262
2018-10-12,344.4288,347.6871,343.8332,346.5116,0.005996385875107695,241,362.28531573844816,350.7236733333335,339.1620309282189
2018-10-15,349.1254,349.2828,342.9062,345.0899,-0.004111332906563197,242,360.44348694986365,349.79913333333354,339.15477971680343
2018-10-16,345.0907,345.3151,334.3288,335.8451,-0.027154921036725867,243,362.08599282565376,348.6360933333336,335.1861938410134
2018-10-17,335.8451,338.3162,335.1543,337.844,0.005934208720038293,244,362.94397894133346,347.90732000000025,332.87066105866705
2018-10-18,337.8364,343.4658,336.4715,340.6209,0.008185878167997993,245,362.267591690658,347.0580800000002,331.8485683093424
2018-10-19,340.6188,342.1902,333.978,337.2533,-0.009935848581881774,246,360.3803139686327,345.71227333333354,331.04423269803436
2018-10-22,337.6772,346.9428,335.5144,346.8241,0.027983454928840672,247,358.8592762716213,345.23413333333355,331.6089903950458
2018-10-23,346.834,349.6732,342.1876,344.3098,-0.0072759015061489235,248,356.45730519632616,344.51744000000025,332.57757480367434
2018-10-24,344.3082,356.097,343.7979,355.1466,0.030988828489682332,249,356.96104270456834,344.5996266666669,332.23821062876544
2018-10-25,355.1562,361.467,353.6665,358.8655,0.010417004499858497,250,360.11641856858137,345.1852533333335,330.2540880980856
2018-10-26,358.8972,366.1455,348.4065,350.1013,-0.024725125299651353,251,360.3907909630663,345.2865466666669,330.18230237026745
2018-10-29,349.9237,353.5787,349.8317,352.3703,0.006460070103662008,252,361.32411942268146,345.6213933333335,329.91866724398557
2018-10-30,352.3676,352.5315,349.4622,350.2129,-0.006141356015200872,253,361.9087344794678,345.95187333333354,329.9950121871993
2018-10-31,350.2205,350.5304,341.5195,342.5079,-0.02224653213727831,254,361.91468892095503,345.8628800000002,329.81107107904535
2018-11-01,342.5097,343.4657,339.6059,341.9786,-0.0015465611242898806,255,361.9140638178678,345.6987866666669,329.4835095154659
2018-11-02,341.9764,343.9119,337.5552,338.2862,-0.010855879247048802,256,361.99307846015614,345.15042666666693,328.3077748731777
2018-11-05,338.5713,339.9246,337.0356,338.2927,1.9214314842517e-05,257,362.0750007663854,344.69728000000026,327.3195592336151
2018-11-06,338.2949,339.2448,336.8864,338.5985,0.0009035426101101273,258,361.7515869000138,344.8808400000003,328.0100930999868
2018-11-07,338.6074,342.4691,336.98900000000003,338.3938,-0.0006047336320908359,259,361.69592021986784,344.9174933333336,328.13906644679935
2018-11-08,338.3952,339.9456,336.9739,339.0123,0.0018260838568471482,260,361.78910720189043,344.81025333333366,327.8313994647769
2018-11-09,339.0227,342.9064,338.6508,342.0971,0.009058224986063386,261,361.47031208588277,345.1331733333336,328.79603458078446
2018-11-12,343.7487,345.7316,340.9425,342.1574,0.00017625021145223276,262,361.21704357774166,344.8220600000003,328.42707642225895
2018-11-13,342.1574,344.1186,338.1285,341.4397,-0.0020997756242626957,263,361.16021323132827,344.6307200000003,328.1012267686723
2018-11-14,341.4375,342.5855,329.1434,330.0569,-0.033906025641726074,264,360.22538645317223,342.9580733333336,325.6907602134949
2018-11-15,330.0591,332.8029,323.2867,325.8605,-0.012795688164690547,265,357.61798706688273,340.75774000000024,323.89749293311775
2018-11-16,325.8606,327.2875,322.5734,326.0939,0.0007160010269773639,266,357.0870338144663,339.1572466666669,321.2274595188675
2018-11-19,325.4693,325.9507,321.3224,322.8813,-0.009900613281119543,267,355.4931084938792,337.1913133333336,318.889518172788
2018-11-20,322.8693,326.8646,321.8586,325.9632,0.009499728138544055,268,352.9095941695421,335.574666666667,318.23973916379185
2018-11-21,325.936,329.3845,325.7456,329.0775,0.009508793775647329,269,351.79798207989137,334.679306666667,317.56063125344264
2018-11-22,329.0793,329.9265,321.5867,326.4255,-0.008091540296604575,270,350.7455125109286,333.64243333333366,316.5393541557387
2018-11-23,326.4254,329.4993,325.8655,327.1022,0.0020709152553023964,271,350.1559861520956,332.89683333333375,315.6376805145719
2018-11-26,328.6668,330.7417,327.3895,327.9191,0.0024942713268134974,272,349.3248929956508,332.2052600000004,315.08562700435
2018-11-27,327.92,328.4443,321.6687,322.199,-0.017597564544732852,273,348.72727707438065,331.11196000000035,313.49664292562005
2018-11-28,322.2024,332.4459,318.8855,325.9831,0.01167617245640927,274,347.4568710971646,330.2845800000004,313.1122889028362
2018-11-29,325.9766,332.175,314.5797,320.3674,-0.0173770773298323,275,346.201764307735,329.04158666666706,311.8814090255991
2018-11-30,320.355,320.7099,312.7561,313.3162,-0.02225555795248931,276,344.5435224098358,327.1228600000004,309.702197590165
2018-12-03,311.6917,322.0458,311.4347,321.8613,0.0269078031555461,277,340.2400904249352,325.769786666667,311.29948290839883
2018-12-04,321.8686,323.1296,316.1213,316.6027,-0.01647303188364075,278,335.2924527125778,324.1139866666671,312.93552062075634
2018-12-05,316.6021,323.5833,316.0414,322.6084,0.018791528268079116,279,334.08859756513755,323.61742000000044,313.1462424348633
2018-12-06,322.6009,330.7634,322.5294,325.0848,0.007646867582346536,280,333.9786598418185,323.5657066666671,313.1527534915157
2018-12-07,325.0718,331.4779,323.1775,330.4007,0.01622008891649179,281,335.0204851258557,323.8528266666671,312.6851682074785
2018-12-10,332.6566,335.8577,327.4572,332.42699999999996,0.006114126830700193,282,336.83522020726014,324.4892066666671,312.14319312607404
2018-12-11,332.4289,333.1072,325.2248,330.1414,-0.0068992395837537785,283,337.5874733360433,324.76775333333376,311.94803333062424
2018-12-12,330.1499,334.4294,327.1629,332.599,0.007416512604162581,284,338.486404014532,325.0025200000004,311.5186359854688
2018-12-13,332.5947,333.6387,327.8237,330.6119,-0.005992380240327239,285,339.1954581029493,325.2816133333337,311.36776856371813
2018-12-14,330.6057,344.6242,329.6927,342.9053,0.03650913585128082,286,344.0746899323538,326.3351533333337,308.59561673431364
2018-12-17,342.4484,344.6742,339.6252,343.4773,0.0016667093029870232,287,348.0933897451985,327.3723666666671,306.6513435881357
2018-12-18,343.4724,347.3259,342.7466,344.0029,0.0015290625167265024,288,351.6347925948251,328.82596000000046,306.0171274051758
2018-12-19,344.0006,347.5139,342.648,346.2382,0.006476889928026484,289,355.3120630637898,330.1763000000004,305.040536936211
2018-12-20,346.219,346.6672,338.8282,341.0958,-0.014963601254317142,290,356.64730390932465,331.5581933333338,306.46908275734296
2018-12-21,341.0962,344.0885,340.8518,343.2776,0.006376073037396489,291,356.4270067756685,333.55562000000043,310.6842332243324
2018-12-24,342.9407,343.61300000000006,341.3903,341.5558,-0.00502838683956668,292,356.8233539645878,334.86858666666717,312.91381936874654
2018-12-25,341.5625,341.6163,340.6265,341.6163,0.00017711496168584172,293,355.09917592137543,336.53616000000045,317.97314407862547
2018-12-26,341.6182,342.3623,340.6471,341.0081,-0.0017819467365553362,294,353.97045869570485,337.76280666666713,321.5551546376294
2018-12-27,341.0041,341.1415,336.1645,337.8295,-0.009364900325480324,295,352.44019214273624,338.6124533333338,324.78471452393137
2018-12-28,337.8237,338.3184,335.7835,337.2318,-0.0017708026106252168,296,351.81961882858883,339.0678600000004,326.31610117141196
2018-12-31,337.2417,339.9423,334.8626,334.8626,-0.007050229293862474,297,351.5361492780279,339.2302333333338,326.9243173886397
2019-01-01,334.9828,336.1428,334.6349,335.9479,0.0032357899792998107,298,350.59770381075157,339.61733333333376,328.63696285591595
2019-01-02,335.9478,352.1305,334.6956,350.7265,0.04305062903435234,299,352.75643096210945,340.8258333333337,328.895235704558
2019-01-03,350.7445,355.3818,347.9728,355.0351,0.012209940376439602,300,355.3547350955679,342.45404666666707,329.55335823776625
2019-01-04,355.0333,360.0791,354.0393,358.2506,0.00901608368775782,301,359.7181609890265,343.4770666666671,327.2359723443077
2019-01-07,359.0438,363.8393,358.3609,362.8218,0.012679063123650679,302,364.9979355772578,344.76670000000036,324.5354644227429
2019-01-08,362.8083,362.8654,356.9422,359.1168,-0.010264120875175904,303,367.87670890501084,345.7742933333337,323.6718777616565
2019-01-09,359.1185,365.6777,357.1362,364.668,0.015339666850813838,304,372.05749852236244,347.002946666667,321.9483948109716
2019-01-10,364.6696,366.5884,358.0472,360.0018,-0.012878319176606687,305,374.2184364749623,348.26334666666696,322.30825685837164
2019-01-11,360.0235,364.3562,358.8281,361.8882,0.0052262929082836996,306,376.5417485609793,349.5040533333337,322.4663581056881
2019-01-14,362.7108,368.0439,361.7801,363.8928,0.005523994421036216,307,378.87005312179053,350.99318666666693,323.1163202115433
2019-01-15,365.1232,367.8242,357.2754,357.9727,-0.016402592257227205,308,379.53083077074587,352.08361333333363,324.6363958959214
2019-01-16,357.9819,359.99699999999996,357.6409,359.7951,0.005077976236906541,309,380.11689813446054,353.3360800000003,326.5552618655401
2019-01-17,359.7914,365.37300000000005,359.4177,363.4741,0.010173339969000167,310,380.37514722212194,355.04572000000036,329.7162927778788
2019-01-18,363.4951,364.0049,358.6068,358.8178,-0.012893303951060553,311,378.89777461316316,356.484786666667,334.0717987201708
2019-01-21,358.2415,360.9247,357.665,360.6485,0.0050890610193605286,312,375.4171035741968,358.203846666667,340.9905897591372
2019-01-22,360.6039,363.1943,358.5923,362.5121,0.005154053264042558,313,368.8089367408558,359.97479333333365,351.1406499258115
2019-01-23,362.4498,367.63,362.1684,366.3394,0.010502373059944638,314,368.26213123456273,361.01565333333366,353.7691754321046
2019-01-24,367.3599,368.2878,355.4755,357.4052,-0.024690073964115385,315,367.7222388609052,361.1736600000003,354.62508113909547
2019-01-25,357.69699999999995,361.6302,354.3618,361.0903,0.010257913413789609,316,367.61618585062445,361.3629733333336,355.1097608160428
2019-01-28,361.4118,363.2658,361.1631,362.6353,0.004269580479186775,317,367.5866820156441,361.3505400000003,355.1143979843565
2019-01-29,362.7875,363.079,361.7189,362.8016,0.00045848233778327245,318,367.704436353609,361.59619333333364,355.48795031305826
2019-01-30,362.825,366.5607,362.3933,366.1549,0.009200339536461023,319,368.174258234166,361.6953200000004,355.21638176583474
2019-01-31,366.1846,367.3428,365.4788,365.9665,-0.000514668753457181,320,368.97734097467935,362.09296666666705,355.20859235865476
2019-02-01,365.9931,366.5217,362.9358,363.8191,-0.005885033077335879,321,369.1869676653041,362.2216933333337,355.25641900136327
2019-02-04,363.8442,363.9993,361.77,362.5882,-0.0033890110358590314,322,369.0165915926055,362.13472000000036,355.2528484073952
2019-02-05,362.5696,363.153,360.5694,360.8413,-0.004829505557647341,323,368.69863309276707,362.32596000000035,355.95328690723363
2019-02-06,360.8356,366.8537,360.5891,366.4758,0.01549423964623819,324,369.39537386519754,362.77134000000035,356.14730613480316
2019-02-07,366.4767,369.3653,366.3435,368.0274,0.004224902785934594,325,370.46455122086167,363.07489333333365,355.68523544580563
2019-02-08,368.02099999999996,368.8808,365.1279,365.6712,-0.006422822941063705,326,370.5002751671397,363.531786666667,356.56329816619433
2019-02-11,365.5583,366.4283,360.9594,362.2556,-0.009384528959355458,327,370.39931134712725,363.63892666666703,356.8785419862068
2019-02-12,362.2496,363.1957,357.9185,359.2857,-0.008232146301407587,328,370.68886342650853,363.4238333333337,356.1588032401588
2019-02-13,359.2797,359.3071,352.3431,353.5891,-0.01598238922058553,329,371.7946464065739,362.5738133333337,353.3529802600935
2019-02-14,353.5891,357.2379,349.1607,354.7155,0.0031805552287777644,330,372.365567640465,362.3945000000004,352.4234323595358
2019-02-15,354.6809,357.3629,343.6961,344.8164,-0.02830395826176588,331,376.14542419123296,361.30957333333373,346.4737224754345
2019-02-18,343.9838,348.3449,342.644,346.4952,0.00485686425663362,332,377.6570563249194,360.23356666666706,342.81007700841474
2019-02-19,346.4876,350.92,338.6078,340.4889,-0.017486439780892572,333,379.94603179552854,358.7460533333338,337.54607487113907
2019-02-20,340.4821,341.4162,336.8936,339.1973,-0.003800581958854171,334,380.7314811019712,356.94888000000043,333.16627889802965
2019-02-21,339.2027,346.9649,335.5389,342.9601,0.011032169888464737,335,379.88066784949007,355.4151200000004,330.94957215051073
2019-02-22,342.972,351.13699999999994,329.6116,330.5184,-0.03695178290443722,336,381.41919093592173,353.1950733333337,324.9709557307457
2019-02-25,325.0692,329.1462,320.9356,324.2541,-0.019134863283444156,337,383.31989010110954,350.6394666666671,317.95904323222464
2019-02-26,324.2932,332.2888,322.7959,323.5563,-0.0021543348791045807,338,384.09337088942084,348.1538000000004,312.21422911057994
2019-02-27,323.5415,330.8878,321.2495,325.6364,0.006408288689852468,339,381.71772842487144,345.43117333333373,309.144618241796
2019-02-28,325.639,336.6859,323.5954,331.2637,0.017133313444020488,340,376.8927515011285,342.9802600000004,309.0677684988723
2019-03-01,331.2563,339.7535,324.7761,338.973,0.023005723255079533,341,371.57167109017445,341.2003800000004,310.82908890982634
2019-03-04,334.1954,338.6835,333.8978,335.8533,-0.009246000711142175,342,366.46331596766714,339.440226666667,312.41713736566686
2019-03-05,335.851,340.5801,335.0638,336.0909,0.000707201609605796,343,361.4709280279371,337.893906666667,314.31688530539697
2019-03-06,336.0921,345.33099999999996,335.5258,342.9447,0.020187550588776578,344,358.64859259558426,337.18428000000034,315.7199674044164
2019-03-07,342.9407,351.1873,337.1625,347.7875,0.014022451400724768,345,356.168973696454,336.7224133333337,317.2758529702134
2019-03-08,347.7894,351.2851,343.9265,345.7497,-0.005876558213271359,346,356.40101804921517,336.7846333333337,317.16824861745226
2019-03-11,347.0953,348.1969,345.3416,346.9331,0.0034168631048576746,347,356.52221749083145,336.81382666666707,317.1054358425027
2019-03-12,346.93699999999995,347.7478,335.6428,339.3109,-0.022215169733041776,348,356.3656939094292,336.73529333333374,317.1048927572383
2019-03-13,339.3039,340.004,327.1862,329.4676,-0.0294387779338257,349,356.14170687969306,336.08664666666704,316.031586453641
2019-03-14,329.4761,332.4927,325.3433,328.5124,-0.0029034337548926844,350,355.1391081805731,335.123466666667,315.10782515276094
2019-03-15,328.5134,332.8889,327.671,328.9577,0.001354586522155817,351,355.2075954423868,335.01942000000037,314.83124455761396
2019-03-18,328.4615,335.0916,327.3147,331.7259,0.008379854438696401,352,354.55022168105893,335.5175400000004,316.48485831894186
2019-03-19,331.6989,332.9761,326.8576,330.8379,-0.0026804981850658697,353,353.61779527273296,336.0029800000004,318.3881647272678
2019-03-20,330.8597,336.5959,330.4585,334.07199999999995,0.00972801128293082,354,352.84666761529843,336.5653533333337,320.28403905136895
2019-03-21,334.0757,339.6887,331.8048,332.7291,-0.0040278932221069225,355,352.77025285875936,336.66304666666707,320.5558404745748
2019-03-22,332.7341,336.8725,329.0571,332.1125,-0.0018548784455971574,356,352.47035088638506,336.20568000000037,319.9410091136157
2019-03-25,332.2839,335.6403,329.2511,329.8375,-0.006873658002174782,357,352.54917470858254,335.80462666666705,319.06007862475155
2019-03-26,329.8408,333.0414,325.9508,327.2802,-0.0077834242189808445,358,352.7804705843138,335.21724666666705,317.6540227490203
2019-03-27,327.2824,331.6657,326.72700000000003,331.5183,0.012866327003675454,359,351.35697697910666,334.455486666667,317.55399635422737
2019-03-28,331.5164,335.82300000000004,329.5397,334.8983,0.010143891922980227,360,347.9860609024866,333.596206666667,319.2063524308474
2019-03-29,334.8909,337.12,330.6378,332.9328,-0.005886235831224746,361,344.622125302195,332.7417466666669,320.86136803113885
2019-04-01,333.9033,334.2537,328.1317,329.1918,-0.01130010819122275,362,338.8895282685713,331.5589933333336,324.2284583980959
2019-04-02,329.1923,331.0766,327.3909,329.4716,0.0008495994064052545,363,336.1779497217978,330.9030400000002,325.6281302782026
2019-04-03,329.4746,329.6269,324.9298,327.9945,-0.0044933190782296215,364,336.3212354999348,330.80483333333353,325.28843116673227
2019-04-04,327.9938,328.4999,326.5071,328.2514,0.0007829382648275622,365,336.3512259798547,330.7874333333336,325.2236406868125
2019-04-05,328.25800000000004,330.4467,325.7388,328.6042,0.001074208803047109,366,336.3802172601229,330.7638666666669,325.1475160732109
2019-04-08,328.5902,331.4566,327.6593,328.4615,-0.00043435535363828775,367,336.2969323211955,330.54624000000024,324.79554767880495
2019-04-09,328.4645,330.5204,326.1818,329.11800000000005,0.0019967174101857576,368,336.24559716482474,330.4315800000003,324.6175628351758
2019-04-10,329.1153,329.7374,324.2977,325.3917,-0.011386661683890712,369,335.9168327909136,329.8528933333336,323.78895387575363
2019-04-11,325.4073,328.2254,325.3635,327.7077,0.007092365138320321,370,335.39533483477106,329.5181333333336,323.6409318318961
2019-04-12,327.6865,330.7525,327.6848,328.1984,0.0014962510382109293,371,334.9173319649024,329.2571933333336,323.59705470176476
2019-04-15,328.8546,332.6091,326.3807,331.1718,0.00901897039059917,372,335.1232378759349,329.3461466666669,323.569055457399
2019-04-16,331.1714,332.5401,327.363,328.0537,-0.009459959462771249,373,335.0788911292121,329.3977133333336,323.7165355374552
2019-04-17,328.051,330.7952,326.878,328.6256,0.0017417943418899377,374,334.7201219641727,329.204866666667,323.6896113691613
2019-04-18,328.6324,329.5049,325.6924,326.791,-0.005598286010712729,375,332.84932225379646,328.66438000000034,324.4794377462042
2019-04-19,326.7781,327.5902,326.6232,326.932,0.0004313753751559403,376,331.4537669994502,328.26432666666705,325.0748863338839
2019-04-22,327.4298,328.3798,326.5828,327.656,0.002212079339153112,377,331.30880882962765,328.16194000000036,325.01507117037306
2019-04-23,327.645,328.9291,326.8693,328.6596,0.003058287147928447,378,331.15296540136967,328.10780666666705,325.0626479319644
2019-04-24,328.6626,330.592,325.7159,326.6353,-0.00617830671108678,379,331.19835244902816,328.01719333333375,324.83603421763934
2019-04-25,326.6315,327.3026,324.2821,324.9711,-0.005108002679166929,380,331.49501007793964,327.79850666666704,324.10200325539444
2019-04-26,324.5128,326.0862,322.4726,324.0626,-0.0027995482926749713,381,331.81269172584484,327.49573333333376,323.1787749408227
2019-04-29,323.9849,324.572,322.921,324.2878,0.0006946861112652824,382,331.9133857789391,327.21748666666707,322.52158755439507
2019-04-30,324.288,325.9525,320.5803,321.4611,-0.008754852094735378,383,332.42756785926633,326.70702666666705,320.98648547406776
2019-05-01,321.4547,322.1641,319.7892,320.5872,-0.0027222267847167966,384,333.2400206595514,326.386726666667,319.5334326737826
2019-05-02,320.5919,323.0067,318.5985,321.9686,0.004299711023448622,385,333.3156801191194,326.0041200000004,318.6925598808814
2019-05-03,321.965,325.215,320.7295,323.275,0.00404932892040562,386,333.016381151668,325.6758933333337,318.3354055149994
2019-05-06,322.8928,324.3371,321.0461,321.6279,-0.005108066908647901,387,331.7920244379358,325.0396333333337,318.2872422287316
2019-05-07,321.625,324.0403,319.8,322.981,0.004198210689805737,388,331.24825195158576,324.7014533333337,318.1546547150816
2019-05-08,322.9884,328.6766,322.909,328.3997,0.016637966094685378,389,331.17805697627637,324.6863933333336,318.1947296903909
2019-05-09,328.3496,333.5886,325.1834,326.7838,-0.004932673904050375,390,331.176605852099,324.68591333333364,318.1952208145683
2019-05-10,326.7918,329.21,324.0418,325.3563,-0.004377900638087885,391,330.91690135693653,324.580866666667,318.2448319763975
2019-05-13,327.7811,340.1727,326.5037,337.0792,0.03539702806187624,392,335.1501756103472,325.20908000000037,315.2679843896535
2019-05-14,337.0733,337.126,330.4438,334.4673,-0.0077788006353565415,393,336.9383064176052,325.59626000000037,314.25421358239555
2019-05-15,334.4711,343.5748,333.4938,339.6726,0.015443095565895987,394,340.8191754937004,326.4654133333337,312.11165117296696
2019-05-16,339.7338,342.5872,337.8137,340.9408,0.0037266426659117607,395,344.4215634178146,327.5300600000004,310.6385565821862
2019-05-17,340.9341,348.0138,339.0611,342.4499,0.004416514456491509,396,347.82607661235926,328.7558800000004,309.6856833876415
2019-05-20,340.7383,342.2469,339.5406,340.8464,-0.004693433708138504,397,350.07479288374134,329.85978666666705,309.64478044959276
2019-05-21,340.8273,341.3259,333.5901,334.6035,-0.01848568717323886,398,350.3276283255486,330.735946666667,311.14426500778546
2019-05-22,334.597,335.0782,332.361,333.2678,-0.003999877763347502,399,349.9966098185413,331.58132000000035,313.1660301814594
2019-05-23,333.2665,347.3272,331.9603,346.05699999999996,0.037657130388278524,400,352.4696803536561,333.18721333333366,313.90474631301123
2019-05-24,346.0426,352.2677,343.3831,351.5658,0.015793390081459222,401,356.271881004155,335.07326666666705,313.8746523291791
2019-05-27,351.1753,351.6504,348.6777,349.969,-0.004552312323244583,402,358.0386482321703,336.96267333333367,315.886698434497
2019-05-28,349.9698,351.7843,348.3671,350.1934,0.000640994168448185,403,359.1511371495686,338.7768333333337,318.40252951709874
2019-05-29,350.1798,352.0658,346.2524,347.0938,-0.008890512879972732,404,359.75525571319673,340.02310666666705,320.29095762013736
2019-05-30,347.0938,348.1175,343.9915,347.8092,0.0020589931335510754,405,359.5715552168171,341.42480000000035,323.2780447831836
2019-05-31,347.814,355.3298,347.7115,352.2664,0.012733653983214435,406,359.0486050343546,343.2188066666669,327.38900829897926
2019-06-03,351.8682,355.94300000000004,351.7824,354.8878,0.007413975643608754,407,361.22277435563336,344.40604666666695,327.58931897770054
2019-06-04,354.8905,356.2182,353.8045,354.0017,-0.0024999677989262946,408,362.12205315768745,345.70834000000025,329.29462684231305
2019-06-05,354.0004,354.3651,352.0571,353.233,-0.0021738195331963226,409,363.12644322087016,346.61236666666696,330.09829011246376
2019-06-06,353.2343,358.6949,350.1469,352.1762,-0.0029962773114783885,410,363.7535827507025,347.3613933333336,330.96920391596467
2019-06-10,353.3007,354.1744,346.597,348.4657,-0.010591814988368869,411,363.82966701270874,347.7624466666669,331.69522632062507
2019-06-11,348.4446,348.7986,341.0691,342.5725,-0.017056489415493384,412,363.6688491606287,347.87752000000023,332.08619083937174
2019-06-12,342.5764,343.9057,337.7285,338.8247,-0.011000449644729928,413,362.636568744144,348.15893333333355,333.68129792252313
2019-06-13,338.825,340.7811,337.3372,337.7658,-0.0031301085798710513,414,361.17308319643865,348.4588000000003,335.7445168035619
2019-06-14,337.7431,339.0458,335.8157,338.1684,0.0011912403533042898,415,362.1329845136011,347.93289333333365,333.7328021530662
2019-06-17,338.5612,338.6884,337.3538,337.7241,-0.0013147063001762908,416,362.3152162597951,347.01011333333366,331.70501040687225
2019-06-18,337.717,339.6254,336.031,336.2832,-0.004275627860676432,417,362.6307206903283,346.097726666667,329.56473264300564
2019-06-19,336.2845,339.1983,333.9329,334.1389,-0.0063968873105106185,418,362.8818332558899,345.02742666666694,327.173020077444
2019-06-20,334.1643,337.8613,333.2507,336.7056,0.007652183254416393,419,362.8513162819701,344.33488000000034,325.81844371803055
2019-06-21,336.7174,340.1462,335.3191,336.7909,0.0002533049554262217,420,362.52569980243516,343.600326666667,324.67495353089885
2019-06-24,336.01,336.7725,332.6925,335.0251,-0.005256808609341415,421,361.1394011921272,342.450906666667,323.76241214120677
2019-06-25,335.0151,340.9667,333.93699999999995,340.1457,0.015168600838030937,422,358.23081425588373,341.4681000000003,324.7053857441168
2019-06-26,340.151,340.1665,334.0728,334.8588,-0.015665104794660937,423,355.14369432884627,340.19190666666697,325.24011900448767
2019-06-27,334.8595,335.3116,333.0662,333.7697,-0.003257716245096188,424,351.5179793915056,338.89435333333364,326.2707272751617
2019-06-28,333.7558,334.6301,329.2054,331.5253,-0.0067471077173237685,425,347.347832986303,337.51762666666696,327.6874203470309
2019-07-01,328.4628,334.3276,328.4628,333.55699999999996,0.006109638821795153,426,343.38323813634105,336.52371333333366,329.66418853032627
2019-07-02,333.55699999999996,338.9638,333.3401,338.5969,0.014996549017403611,427,342.01714473959464,336.2586733333336,330.50020192707257
2019-07-03,338.556,342.4409,336.9755,337.2003,-0.004133198504564004,428,341.6922749558074,336.15038000000027,330.6084850441931
2019-07-04,337.207,339.5324,335.7532,338.0428,0.0024953988783840433,429,341.7469584923628,336.168846666667,330.59073484097115
2019-07-05,338.00699999999995,350.4878,337.8094,339.7174,0.004941580835525375,430,342.15679871349136,336.2721133333336,330.38742795317586
2019-07-08,339.7576,343.9485,337.0106,342.3347,0.007674817941871384,431,343.5418967252263,336.5794866666669,329.61707660810754
2019-07-09,342.3347,349.4266,341.7507,349.1335,0.019665457086904193,432,347.90133684312855,337.4361733333336,326.9710098235387
2019-07-10,349.1303,351.2684,343.6046,345.1624,-0.011439339636750954,433,349.4177126537346,338.17107333333365,326.9244340129327
2019-07-11,345.1229,345.6923,337.8315,341.8134,-0.009750056786938875,434,349.9306595131893,338.5115933333336,327.09252715347793
2019-07-12,341.7925,342.814,335.85699999999997,336.0008,-0.01715143321326474,435,349.9380651159394,338.45892000000026,326.9797748840611
2019-07-15,337.2274,341.6382,333.0291,340.0685,0.012033526993218063,436,350.07480676489104,338.795146666667,327.51548656844295
2019-07-16,340.0517,357.092,338.1226,356.3812,0.046853876579953616,437,355.6258766101381,339.87751333333364,324.12915005652917
2019-07-17,356.3808,357.1262,350.4698,354.0864,-0.006459993335237035,438,358.80499184255814,341.1593533333336,323.5137148241091
2019-07-18,354.0865,355.8906,342.9672,346.5196,-0.02160156846393818,439,359.2160856335184,342.00934666666694,324.8026076998155
2019-07-19,346.5184,349.8585,343.6628,346.9705,0.001300379236960304,440,358.97335376844603,343.039026666667,327.10469956488794
2019-07-22,346.8407,351.2111,344.1942,351.1034,0.011841005054545505,441,359.5380463130616,344.208786666667,328.87952702027235
2019-07-23,351.1047,358.3719,349.9328,357.6619,0.018507359775305092,442,362.4261266665052,345.47978666666694,328.5334466668287
2019-07-24,357.6539,361.2361,355.3532,358.3489,0.0019189660569901273,443,364.6435060802757,346.8896933333336,329.13588058639147
2019-07-25,358.3617,362.5714,352.0458,357.1245,-0.0034226323305947314,444,365.9415299231885,348.1618066666669,330.3820834101453
2019-07-26,357.1241,361.1011,356.3184,356.9288,-0.0005481383669816327,445,366.9218222331887,349.3092333333335,331.6966444334783
2019-07-29,356.1743,364.0637,354.8823,362.7302,0.01612298511544163,446,369.4686935303105,350.6689333333335,331.8691731363565
2019-07-30,362.7317,365.5472,362.3804,363.184,0.0012502856649326296,447,371.90898481275934,351.6056333333335,331.3022818539077
2019-07-31,363.1754,367.2799,361.8984,365.6175,0.006678112061871142,448,374.53573188822406,352.96930666666685,331.40288144510964
2019-08-01,365.6173,377.2976,364.1882,376.5839,0.029553159424619748,449,380.02648963453896,355.28734000000014,330.5481903654613
2019-08-02,376.587,378.8811,376.1929,377.5462,0.0025520809268788493,450,382.86697308414324,358.0570333333335,333.24709358252375
2019-08-05,378.4113,380.0824,372.0091,372.6766,-0.01298192587440416,451,383.4736293991849,360.2309066666668,336.98818393414865
2019-08-06,372.6653,383.9155,372.0695,379.1348,0.017180795236748984,452,387.6044681686748,361.74781333333345,335.8911584979921
2019-08-07,379.1488,380.11,366.2996,372.1367,-0.01863055477934453,453,389.02854081149195,362.9511666666668,336.8737925218416
2019-08-08,372.13800000000003,377.0615,371.7159,376.9732,0.012912837498299802,454,389.95525615893104,364.9814066666668,340.0075571744026
2019-08-09,376.9618,377.796,374.0163,374.7202,-0.005994483246952771,455,389.3404452777542,366.8313866666668,344.32232805557936
2019-08-12,374.5711,377.0615,371.9883,373.6529,-0.002852322520963167,456,388.55476067697276,368.3346866666668,348.11461265636086
2019-08-13,373.6451,377.0774,370.5205,376.1105,0.006555691573374124,457,388.984387624962,369.56459333333345,350.1447990417049
2019-08-14,376.0884,376.2685,368.7361,375.7667,-0.0009145111035707965,458,388.9553029621382,370.7257800000001,352.496257037862
2019-08-15,375.7684,380.2006,372.9839,374.6939,-0.0028590461131962983,459,387.8099802465603,371.8970733333335,355.98416642010665
2019-08-16,374.70599999999996,383.7747,374.4975,380.1486,0.014452802934150737,460,386.6078864501488,373.4450600000001,360.28223354985147
2019-08-19,379.2413,381.1662,377.371,381.0732,0.002429253746261832,461,386.5136933533637,374.6679266666668,362.8221599799699
2019-08-20,381.0588,381.2042,376.5575,378.1453,-0.0077129693626394645,462,384.8409961876654,375.6653466666668,366.4896971456682
2019-08-21,378.1595,379.02099999999996,373.7366,375.7802,-0.006274115302942697,463,382.60886317242216,376.3428600000001,370.076856827578
2019-08-22,375.7369,380.73,372.9492,378.8814,0.00821882935857314,464,382.95954268766155,376.4960266666668,370.03251064567206
2019-08-23,378.8818,381.2575,364.7994,368.2748,-0.028393828721688205,465,384.06888382235974,375.8779333333335,367.68698284430724
2019-08-26,372.6641,377.3994,365.7064,376.7111,0.022649182054347555,466,384.06261468025923,376.14690000000024,368.23118531974126
2019-08-27,376.7184,378.8847,373.6533,378.0659,0.0035899383659443824,467,383.8500461438505,376.0756400000002,368.3012338561499
2019-08-28,378.0487,379.7917,375.5604,376.44300000000004,-0.004301877692369087,468,383.6783139598953,376.3627266666669,369.0471393734385
2019-08-29,376.4487,382.3089,375.3923,379.3279,0.007634361184899775,469,384.0610564648381,376.5197066666669,368.97835686849567
2019-08-30,379.2856,387.7723,378.9824,385.0574,0.014991411542684976,470,386.31523462513644,377.20885333333354,368.10247204153063
2019-09-02,385.4933,391.0025,385.0446,388.8167,0.009715610254811451,471,389.5075016253885,378.21977333333353,366.93204504127857
2019-09-03,388.8171,404.2701,387.9175,403.1204,0.03612725229347815,472,399.0899036092776,380.02043333333353,360.95096305738946
2019-09-04,403.1132,410.0261,402.5161,409.1124,0.01475465828132709,473,408.2792446795934,382.2434800000002,356.20771532040703
2019-09-05,409.129,418.4038,407.2676,415.3846,0.01521490314024456,474,417.60216024942804,384.95619333333354,352.31022641723905
2019-09-06,415.3852,415.5629,410.2144,411.3497,-0.009761133745061757,475,423.3590421121582,387.03626666666685,350.7134912211755
2019-09-09,412.0321,414.7727,409.3212,412.99800000000005,0.003999046025565824,476,428.6241275588732,389.1645866666668,349.7050457744604
2019-09-10,413.0091,416.7663,411.2661,414.8442,0.004460277721292151,477,433.3702282213358,391.6111800000001,349.8521317786644
2019-09-11,414.7493,419.9841,413.7779,414.4042,-0.0010612020265391275,478,436.7821375410857,394.1861133333334,351.59008912558113
2019-09-12,414.4032,431.4232,406.9214,409.66,-0.011514278656538658,479,438.54967704115705,396.23802000000006,353.9263629588431
2019-09-13,409.6592,414.4873,408.4755,412.2761,0.006365723160770597,480,438.1311799869225,399.1714400000001,360.21170001307763
2019-09-16,420.8329,428.7547,416.3763,427.1686,0.03548551253865076,481,442.0769743714484,402.53527333333335,362.9935722952183
2019-09-17,427.1817,427.6386,414.2611,415.5432,-0.027592203061916714,482,441.71555658027506,405.0337600000001,368.3519634197251
2019-09-18,415.5342,417.7603,409.1322,413.1267,-0.0058322544352229205,483,439.02085548803143,407.47934000000004,375.93782451196864
2019-09-19,413.074,418.3709,405.6547,416.6094,0.008394766607703446,484,435.670439188915,409.96477333333337,384.25910747775174
2019-09-20,416.67,423.5993,412.2442,421.0086,0.010504168844691172,485,432.787177469057,412.3615200000001,391.9358625309432
2019-09-23,420.51300000000003,426.1482,418.1181,425.26800000000003,0.010066297395306897,486,429.58091612695733,414.7916066666667,400.0022972063761
2019-09-24,425.2575,428.6205,424.2351,427.2838,0.0047288710351184385,487,430.9204484833996,416.4025000000001,401.8845515166006
2019-09-25,427.296,430.8062,422.1239,428.5625,0.002988155586971814,488,433.1823578086108,417.6991733333334,402.21598885805605
2019-09-26,428.5449,434.0518,425.9819,430.7419,0.005072485775739351,489,436.096128267874,418.7229933333334,401.34985839879283
2019-09-27,430.7125,436.7126,427.1203,429.4484,-0.003007476310686532,490,437.7622835174796,419.92957333333345,402.0968631491873
2019-09-30,429.5044,439.5277,427.6832,435.8417,0.01477750951779977,491,441.1752887928165,421.45248666666674,401.729684540517
2019-10-01,435.8416,441.6792,425.2232,429.7915,-0.01397889665488402,492,442.2873654310002,422.44897333333336,402.61058123566653
2019-10-02,429.7979,431.7202,413.8106,414.9175,-0.03522050208495756,493,442.2372590531401,422.48319333333336,402.7291276135266
2019-10-03,414.9267,418.5311,403.7113,406.5615,-0.02034449623022069,494,442.9422326988941,422.2766266666667,401.6110206344393
2019-10-04,406.569,411.5497,404.8717,406.7407,0.0004406726132055784,495,443.93290011147053,421.90760000000006,399.8822998885296
2019-10-07,406.7677,408.2379,401.8948,404.2023,-0.006260386464897744,496,444.65707276691046,420.3765133333334,396.0959538997563
2019-10-08,404.2077,407.2928,396.8887,403.8092,-0.0009730060302697794,497,445.86880022788193,419.59424666666666,393.3196931054514
2019-10-09,403.8366,406.1642,395.4091,398.94300000000004,-0.012123939633458924,498,447.7181108304179,418.6486666666667,389.5792225029155
2019-10-10,398.9704,411.9201,397.3467,409.9021,0.0270998011559962,499,447.7637557912624,418.20151333333337,388.63927087540435
2019-10-11,409.9049,445.1257,409.4347,442.6986,0.07697082662267696,500,452.9284300971705,419.64751333333334,386.36659656949615
2019-10-14,443.4806,446.135,438.5485,445.184,0.005598502531082582,501,457.78764128099954,420.9752466666667,384.16285205233385
2019-10-15,445.1475,454.8108,443.3284,449.3505,0.00931552697042576,502,463.1959013745029,422.44636,381.69681862549714
2019-10-16,449.3808,450.9732,442.2909,446.7013,-0.005913068237716229,503,467.0252495766139,423.65561333333335,380.2859770900528
2019-10-17,446.6967,456.5984,432.3969,446.8084,0.00023972879200512517,504,470.2919050849086,424.72671333333335,379.1615215817581
2019-10-18,446.7697,450.0496,433.1832,433.551,-0.03012043101687565,505,470.8136991855593,425.00022,379.1867408144407
2019-10-21,436.6804,437.5696,433.0581,436.1623,0.006004985428920525,506,470.86710924115835,425.0215933333333,379.1760774255083
2019-10-22,436.1642,440.2164,435.5538,438.2989,0.00488667593659125,507,472.1051348339216,425.58875333333333,379.07237183274503
2019-10-23,438.2945,444.54900000000004,431.1035,431.4708,-0.015701260406767757,508,472.7697431679464,426.6923066666667,380.614870165387
2019-10-24,431.4729,444.4368,427.6446,438.6679,0.016542797445060865,509,473.3905442590209,428.8327333333334,384.27492240764593
2019-10-25,438.6629,444.0119,435.8585,441.8474,0.007221938833455693,510,473.81566022524805,431.17318,388.53069977475195
2019-10-28,441.216,443.6867,434.8015,436.7996,-0.011490064917447886,511,472.0627380729867,433.34633333333335,394.62992859368
2019-10-29,436.8874,443.6046,433.1036,434.7083,-0.004799277239105481,512,468.71834825814017,435.4062733333334,402.0941984085266
2019-10-30,434.7243,440.6949,427.9068,429.7873,-0.011384796295682337,513,460.7527961714911,437.46256000000005,414.172323828509
2019-10-31,429.7668,438.1671,423.7541,433.6121,0.008859920495560624,514,453.7573599284675,439.0432266666667,424.32909340486594
2019-11-01,433.5895,436.9426,428.278,430.3265,-0.007606132751114655,515,453.6568555501295,438.2184200000001,422.7799844498707
2019-11-04,429.6112,437.833,426.8423,435.1092,0.011052811178540754,516,452.35681214030524,437.5467666666667,422.7367211930282
2019-11-05,435.208,444.9047,430.5939,442.0461,0.015817141213947762,517,450.0304273446179,437.0598066666667,424.0891859887155
2019-11-06,442.0417,448.4054,438.7066,446.4323,0.009873589798803942,518,449.9300011934162,437.0418733333334,424.1537454732506
2019-11-07,446.4222,452.51800000000003,444.2704,449.8315,0.00758530311778422,519,451.1812133590784,437.2434133333334,423.30561330758843
2019-11-08,449.8295,455.156,449.0231,453.98699999999997,0.009195495072048374,520,455.746180146536,438.6058133333334,421.4654465201308
2019-11-11,452.2636,453.4492,441.7367,443.0034,-0.024491118310893286,521,456.32636352160296,439.0618866666667,421.7974098117304
2019-11-12,443.0066,445.6216,442.6019,443.6171,0.0013843580156566405,522,456.9001335561333,439.41643333333343,421.93273311053355
2019-11-13,443.6046,445.0889,440.75800000000004,442.333,-0.002898810890595482,523,456.8630561733679,440.14058000000006,423.4181038266322
2019-11-14,442.3615,443.7972,437.142,439.2284,-0.0070434409558741,524,456.88350018986375,440.1779466666667,423.4723931434696
2019-11-15,439.2336,441.3908,438.8498,440.6028,0.003124238190107618,525,456.7666984209185,440.09497333333337,423.42324824574825
2019-11-18,440.0775,441.035,435.3371,437.7181,-0.006568693452127072,526,456.76199381517125,440.15620666666666,423.5504195181621
2019-11-19,437.7122,439.7232,434.2907,434.8587,-0.00655394513184824,527,456.7517137076905,440.1662333333333,423.5807529589761
2019-11-20,434.847,435.3122,430.85699999999997,431.0815,-0.00872398337944168,528,456.5170714431745,440.2525133333333,423.9879552234921
2019-11-21,431.0919,433.6879,430.2681,431.0956,3.270789725497139e-05,529,456.84553708359573,440.0847466666666,423.3239562497375
2019-11-22,431.1121,440.185,430.517,438.67199999999997,0.017422105945572537,530,456.1377143864783,440.64111333333324,425.14451228018817
2019-11-25,437.2075,439.5276,428.9003,431.171,-0.017247218039228514,531,456.6368231103986,440.3785666666666,424.12031022293456
2019-11-26,431.1823,437.7905,430.4776,436.7357,0.012823443476253494,532,456.3927504644272,440.02453999999994,423.6563295355727
2019-11-27,436.7331,439.7829,426.3264,428.4941,-0.019051237653432508,533,456.0701274174773,438.8286599999999,421.5871925825225
2019-11-28,428.8629,431.4348,426.3793,429.526,0.0024053061169652247,534,453.95010689565527,437.47495999999984,420.9998131043444
2019-11-29,429.5235,435.532,425.3695,425.5607,-0.009274681560263398,535,449.5271690812706,435.5798733333332,421.6325775853958
2019-12-02,429.0723,433.5211,421.9841,423.4283,-0.005023397203431901,536,449.18950281064133,434.2748666666665,419.3602305226917
2019-12-03,423.4421,425.8272,417.3088,419.0498,-0.01039442906003184,537,448.94348464885707,432.6370466666665,416.3306086844759
2019-12-04,419.0453,423.5718,413.5541,419.4813,0.0010291807616617276,538,447.97589299753764,431.11359999999985,414.25130700246206
2019-12-05,419.4792,423.4865,419.2946,420.6286,0.0027313110183412753,539,446.99365960323377,429.8736133333332,412.7535670634326
2019-12-06,420.6202,423.0523,416.7339,419.2672,-0.0032418335519735653,540,445.1653025803861,428.4512399999999,411.7371774196138
2019-12-09,420.0254,422.135,418.9915,421.1741,0.004537861888199821,541,443.41196744589035,427.3483066666666,411.2846458874428
2019-12-10,421.2014,423.9949,416.9658,417.5895,-0.008547394816854655,542,442.5045592982407,426.1970266666666,409.8894940350925
2019-12-11,417.5991,419.8651,410.0194,411.791,-0.013982953488849616,543,443.1354364870528,424.91099333333324,406.6865501796137
2019-12-12,411.7914,420.3673,407.3646,419.2804,0.01802396942455391,544,442.1656294812927,424.1233133333333,406.08099718537386
2019-12-13,419.274,423.0636,413.1132,415.1092,-0.009998290362338503,545,438.5451232305979,422.55245999999994,406.559796769402
2019-12-16,414.2043,418.0605,408.6886,416.5585,0.003485289778797998,546,436.87058414209525,421.57829333333325,406.28600252457124
2019-12-17,416.5407,420.1893,412.8539,416.5263,-7.730305490154483e-05,547,431.9534437427145,420.2309999999999,408.50855625728525
2019-12-18,416.5288,421.7935,416.499,419.3776,0.00682210253724283,548,429.9654287533955,419.6232333333332,409.2810379132709
2019-12-19,419.3779,424.3786,417.3861,421.2926,0.0045558967412943525,549,427.16005666836674,419.0743399999999,410.98862333163305
2019-12-20,421.2788,426.6587,420.5595,425.1544,0.009124792916774531,550,427.0000414172859,419.04725333333323,411.09446524938056
2019-12-23,424.332,428.5742,422.0794,425.1575,7.29144211685981e-06,551,427.5722156052578,419.1625333333333,410.75285106140876
2019-12-24,425.1378,427.1528,424.0937,425.1089,-0.00011431711297295813,552,428.7550910447348,419.5664733333333,410.3778556219318
2019-12-25,425.1089,425.1089,423.7622,424.6456,-0.0010904326976956293,553,429.6285688802268,419.9107599999999,410.19295111977306
2019-12-26,424.6319,424.8977,418.3385,419.4123,-0.012400493049536304,554,429.53964426170864,419.8296733333333,410.11970240495793
2019-12-27,419.4237,421.0871,411.7976,411.8619,-0.01816634666400137,555,430.24839594081845,419.3359866666666,408.42357739251474
2019-12-30,412.2255,413.9168,411.0502,412.7387,0.0021266060937635773,556,430.34217998288756,418.77362666666653,407.2050733504455
2019-12-31,412.7459,416.9678,412.5555,414.4703,0.004186614336285239,557,430.42708905042105,418.5656799999999,406.7042709495787
2020-01-01,414.2816,416.3159,413.30699999999996,415.088,0.0014892265297353209,558,430.0241140300584,418.78547999999984,407.5468459699413
2020-01-02,415.0904,425.2679,414.7879,424.0332,0.02132120810888837,559,430.80924415801474,419.1023333333332,407.3954225086517
2020-01-03,424.0414,437.4456,423.0476,433.3434,0.021718731227601436,560,434.6593400770166,420.3179466666665,405.9765532563164
2020-01-06,434.3266,435.0868,425.7949,426.8237,-0.015159437873003258,561,435.64793813069,421.00229333333317,406.3566485359763
2020-01-07,426.8748,429.1101,422.6786,427.5184,0.0016262809783371618,562,436.58375079846854,421.7350999999998,406.8864492015311
2020-01-08,427.4982,428.5944,418.4932,420.0355,-0.017658096871251017,563,436.5897079512371,421.7789599999998,406.96821204876255
2020-01-09,420.0347,420.2627,409.435,411.1569,-0.02136433804263815,564,437.3333960377858,421.1032466666665,404.8730972955472
2020-01-10,411.1511,415.3456,410.8713,413.4756,0.005623610785985302,565,436.9689631925832,420.3246599999998,403.68035680741644
2020-01-13,412.9482,414.0022,412.0315,412.8808,-0.001439572810763986,566,436.4237298236758,419.5062133333331,402.58869684299043
2020-01-14,412.8791,413.3296,409.4186,409.7424,-0.0076302618907184185,567,435.98279987728637,418.4817799999998,400.9807601227132
2020-01-15,409.7409,411.2143,407.6202,408.76599999999996,-0.002385804380612671,568,435.3892956412443,417.42313999999976,399.4569843587552
2020-01-16,408.7684,410.8324,407.1037,408.9987,0.0005691123773886478,569,435.3754310737707,416.7288999999998,398.08236892622887
2020-01-17,409.0279,414.8621,408.1469,414.7291,0.013913558444911043,570,435.33909190434895,416.9200466666664,398.50100142898384
2020-01-20,414.286,417.7657,413.9768,415.8111,0.0026055345957349684,571,435.35195642455676,417.1248733333331,398.8977902421094
2020-01-21,415.7903,416.8716,408.6471,412.6981,-0.007514737674797217,572,435.374314993609,417.0067266666664,398.6391383397238
2020-01-22,412.7379,414.0338,401.44,402.6259,-0.02470848993998449,573,436.61339568917776,416.17591999999973,395.7384443108217
2020-01-23,402.6355,410.3924,400.7104,407.53,0.012106706623519937,574,435.46069944194045,415.0757066666664,394.69071389139236
2020-01-24,407.5115,412.4163,405.2372,411.5511,0.009818642634311401,575,430.00846182979427,413.6228866666664,397.2373115035385
2020-01-27,413.5232,413.5232,409.0148,411.7489,0.00048050529285971884,576,426.4392204353944,412.6178999999997,398.79657956460494
2020-01-28,411.7632,416.8172,410.9395,413.8927,0.005193063958539735,577,421.40686194703454,411.7095199999997,402.0121780529649
2020-01-29,413.8827,416.8803,412.7028,413.8894,-7.973112730978906e-06,578,419.42904526125324,411.2997799999997,403.1705147387462
2020-01-30,413.9203,415.79400000000004,411.6923,413.2252,-0.001606065574885102,579,419.6536451369989,411.4376666666664,403.22168819633396
2020-01-31,413.2284,413.8256,406.5433,406.5781,-0.01621668434618272,580,419.59699901317555,410.9778333333331,402.3586676534906
2020-02-03,406.908,411.8308,406.8679,408.0759,0.0036771480596619935,581,419.35513177776585,410.6575066666664,401.95988155556694
2020-02-04,408.0439,412.7384,405.2364,406.3043,-0.004350800264099764,582,419.53145400485397,410.4282999999997,401.3251459951454
2020-02-05,406.3035,407.5324,402.1004,402.4211,-0.009603333451984726,583,420.36448035790204,410.00530666666634,399.64613297543065
2020-02-06,402.4234,404.1355,401.39,403.6691,0.0030964301442675656,584,420.7328427175917,409.6499999999997,398.56715728240766
2020-02-07,403.67699999999996,405.7433,402.6991,405.4945,0.0045118270188489,585,419.8467044262817,409.0343599999997,398.2220155737177
2020-02-10,405.8384,405.9317,401.8034,404.3638,-0.0027923421534080165,586,418.4309758019118,408.2712066666664,398.11143753142096
2020-02-11,404.3545,404.8739,400.2362,400.7291,-0.009029329893134201,587,418.18669376510246,407.47327333333305,396.75985290156365
2020-02-12,400.7304,405.3354,400.434,403.8922,0.0078623727569834,588,418.059396817666,407.5576933333331,397.0559898490001
2020-02-13,403.8919,404.1185,397.3669,398.9527,-0.012305147175301344,589,418.77969824008113,406.9858733333331,395.192048426585
2020-02-14,398.9709,399.6048,396.7796,396.851,-0.005281968119293423,590,418.9366842033069,406.0058666666664,393.0750491300259
2020-02-17,396.8271,398.1755,395.066,397.9555,0.0027792946106347314,591,418.32193745842335,405.0863066666664,391.8506758749095
2020-02-18,397.9543,400.0574,394.3834,395.4777,-0.006245788693702303,592,416.9703696526217,403.85863999999975,390.7469103473778
2020-02-19,395.4782,397.4339,395.1421,396.9493,0.0037141634288776317,593,414.64206610901925,402.7292999999998,390.81653389098034
2020-02-20,396.9956,399.1823,395.5195,396.9966,0.00011915169548956002,594,411.7661814119786,401.6473933333331,391.52860525468765
2020-02-21,396.9902,397.17900000000003,393.6724,395.4074,-0.004011090632301759,595,411.15049221706477,400.90267999999986,390.65486778293496
2020-02-24,395.9178,405.4848,395.2666,400.3838,0.012506961295619276,596,409.4478340054955,400.3898733333332,391.33191266117086
2020-02-25,400.3655,403.7462,398.6044,402.8706,0.006191831492158836,597,408.51009932637,400.1609599999999,391.81182067362977
2020-02-26,402.8741,406.3113,402.2682,405.845,0.00735589473444521,598,409.37342012360506,400.3892199999999,391.40501987639476
2020-02-27,405.8363,408.9084,405.4392,408.5461,0.006633446521245465,599,410.87779778964875,400.7143533333332,390.5509088770176
2020-02-28,408.5343,409.8757,405.5264,405.8504,-0.006620141037439665,600,410.9734389866631,400.7380799999999,390.5027210133367
2020-03-02,405.5317,405.7758,402.9833,403.0096,-0.007024235789596816,601,410.7167679424334,400.6477999999999,390.5788320575664
2020-03-03,403.0189,406.126,402.9675,404.7637,0.004343057036356828,602,411.30849079508863,400.9167733333332,390.52505587157776
2020-03-04,404.7789,407.7947,403.3256,407.2903,0.006222758962003476,603,412.1389483210781,401.14331333333314,390.1476783455882
2020-03-05,407.2833,408.0503,407.2808,407.7384,0.0010995932907640154,604,413.34295603352547,401.7290266666665,390.1150972998076
2020-03-06,407.731,410.3425,405.8358,408.1781,0.0010778064730039216,605,414.26271194357673,402.4841666666665,390.7056213897563
2020-03-09,399.6048,407.1195,346.8824,357.2798,-0.13318437045838924,606,430.3610338219501,399.7724533333332,369.1838728447163
2020-03-10,357.2332,370.3363,345.4884,358.535,0.0035070559773878957,607,437.29233971488526,397.3096066666665,357.3268736184478
2020-03-11,358.509,368.8229,350.8031,367.2775,0.024091408837858708,608,439.4892940630778,395.33148666666654,351.17367927025526
2020-03-12,367.3312,390.7249,366.2551,380.72,0.0359465036909599,609,439.30583046439364,394.2463799999998,349.186929535606
2020-03-13,380.7436,397.1211,380.7228,391.1557,0.02704149362673261,610,439.05473316063234,393.9629333333332,348.871133506034
2020-03-16,388.5765,405.7136,386.9334,398.346,0.018215283915510756,611,438.8157632563079,393.82707999999985,348.8383967436918
2020-03-17,398.3502,410.1796,391.9339,409.57599999999996,0.02780150390351854,612,440.0125005738141,394.2741066666665,348.5357127595189
2020-03-18,409.5658,417.0001,407.6375,413.5692,0.009702374077610439,613,441.58310178174554,394.78905333333313,347.9950048849207
2020-03-19,413.6274,418.6641,360.8128,368.3039,-0.11591643974768084,614,440.6666998749498,392.10623999999984,343.5457801250499
2020-03-20,368.3285,371.4935,359.8586,365.4329,-0.007825734383669711,615,439.71558350267736,389.4117399999998,339.1078964973222
2020-03-23,368.82599999999996,371.2917,355.999,356.6325,-0.024376838398133965,616,439.6246069955996,386.3199333333331,333.0152596710666
2020-03-24,356.5913,357.2934,346.0455,347.7821,-0.02512970557097572,617,439.33908428736873,382.5211599999997,325.7032357126307
2020-03-25,347.7798,349.3137,346.642,347.2552,-0.001516177911419356,618,436.74882516997286,378.5188199999997,320.2888148300266
2020-03-26,347.3389,347.9865,339.7707,340.5352,-0.019541458691657784,619,433.28965189399213,374.0386066666664,314.78756143934066
2020-03-27,340.5326,342.6407,334.7638,341.0077,0.0013865600410491383,620,427.47715870387253,369.56057999999973,311.64400129612693
2020-03-30,340.3814,340.9503,337.3205,338.7668,-0.0065930926136340325,621,428.9652797732616,368.32637999999974,307.6874802267379
2020-03-31,338.7641,340.5066,335.1013,339.0523,0.0008424077069643259,622,430.14375680010306,367.0275333333331,303.91130986656316
2020-04-01,339.0918,339.5877,333.7596,335.9866,-0.009083094551512351,623,430.9559312172987,364.94147333333314,298.92701544936756
2020-04-02,336.0125,337.8801,333.805,335.8825,-0.0003098817934417537,624,429.40727938400875,361.9523066666664,294.49733394932406
2020-04-03,335.8935,337.2228,334.9823,335.3299,-0.001646573051543391,625,424.58996927531246,358.2305866666664,291.87120405802034
2020-04-06,335.1167,338.3978,335.0572,338.2743,0.008742281454697874,626,415.8597915842621,354.22580666666636,292.5918217490706
2020-04-07,338.2822,340.6854,337.8936,339.1407,0.002557960695928754,627,399.32206159369844,349.53011999999967,299.7381784063009
2020-04-08,339.1437,339.6753,338.3543,339.2366,0.00028273351905740667,628,370.28750703718697,344.57461333333305,318.8617196294791
2020-04-09,339.2383,340.3316,337.8737,338.5426,-0.002047865270986944,629,363.01339076280254,342.59052666666634,322.1676625705301
2020-04-10,338.523,339.8003,338.325,338.6394,0.00028589064877498227,630,354.4516686388924,340.804293333333,327.15691802777366
2020-04-13,338.9786,339.5876,336.3251,337.3312,-0.0038705873694121254,631,348.26626098891177,339.5175399999997,330.76881901108766
2020-04-14,337.3349,337.3639,333.9937,334.3322,-0.008930127591060174,632,345.98693664090064,338.62087999999966,331.2548233590987
2020-04-15,334.3246,334.7476,328.6043,330.102,-0.012733411846709192,633,344.20493341798414,337.47733333333304,330.74973324868193
2020-04-16,330.1001,332.5086,324.9647,325.5142,-0.013995611721777367,634,346.2088120646857,336.475933333333,326.7430546019803
2020-04-17,325.5178,326.5265,323.7973,323.8886,-0.00500645637936005,635,347.33667210840434,335.33465999999964,323.33264789159495
2020-04-20,324.2482,324.9195,323.3118,324.3686,0.0014808939653022468,636,347.9205396361535,334.3747799999996,320.8290203638457
2020-04-21,324.3681,326.4645,324.3128,325.6129,0.00382872903315871,637,347.6683177719599,333.4788199999996,319.2893222280393
2020-04-22,325.608,326.1742,323.98900000000003,325.746,0.0004086840660425247,638,347.6528829965562,332.7961133333329,317.9393436701097
2020-04-23,325.7454,325.926,321.8985,322.8144,-0.009040391507989073,639,347.84738101052733,331.9249066666663,316.00243232280525
2020-04-24,322.841,323.3021,321.0862,321.5699,-0.0038626066690325266,640,347.9814519285166,331.007573333333,314.03369473814945
2020-04-27,321.5421,322.5654,321.0276,322.0432,0.0014707596390366154,641,347.02157122611845,329.92549999999966,312.82942877388086
2020-04-28,322.0415,322.7035,321.3267,321.3885,-0.0020350263312925053,642,345.43049715726227,328.7420199999997,312.0535428427371
2020-04-29,321.389,321.4126,318.4293,318.774,-0.008168283949127955,643,343.57614039987357,327.37784666666636,311.17955293345915
2020-04-30,318.7828,320.2846,318.3768,319.4688,0.002177228711282862,644,341.153001619867,326.1062599999997,311.0595183801324
2020-05-01,319.467,319.5149,317.3182,317.5523,-0.006017087290486667,645,338.08291834918475,324.70045333333303,311.3179883174813
2020-05-04,316.6287,316.726,315.8606,316.1967,-0.0042780408883451105,646,334.7081619916176,323.2914866666664,311.8748113417152
2020-05-05,316.198,316.7764,316.0236,316.5205,0.001023522130479918,647,331.582427848138,322.10403999999977,312.6256521518615
2020-05-06,316.5188,318.1326,316.0289,317.7371,0.0038363008723233793,648,329.4580814183195,321.2797133333331,313.1013452483467
2020-05-07,317.7227,317.9362,314.6289,314.8222,-0.009216276268623225,649,329.1467597383476,320.5669133333331,311.9870669283186
2020-05-08,314.8232,315.2395,314.7293,314.9924,0.0005404765279912828,650,328.90501636192926,319.9738333333331,311.042650304737
2020-05-11,314.9623,315.1252,314.4345,314.623,-0.0011734148891073524,651,328.3246853232408,319.3241266666664,310.32356801009206
2020-05-12,314.6337,315.07,313.4175,313.6629,-0.003056254317765067,652,327.12505620911327,318.52745999999973,309.9298637908862
2020-05-13,313.6598,313.7477,313.1017,313.2008,-0.0014743239517709791,653,325.4149572651936,317.6911133333331,309.96726940147255
2020-05-14,313.1994,313.5499,313.1457,313.2474,0.00014877527012118385,654,324.42938177348907,317.05331333333305,309.67724489317703
2020-05-15,313.2477,313.5781,313.1302,313.3812,0.00042704722393253626,655,323.5545585947908,316.5073999999997,309.46024140520854
2020-05-18,313.339,313.3652,312.9433,313.0227,-0.0011446290137768075,656,322.2062744219043,315.90603333333297,309.60579224476163
2020-05-19,313.0227,313.496,312.9866,313.493,0.0015013194029660632,657,320.65826542949185,315.37966666666637,310.1010679038409
2020-05-20,313.4907,313.519,313.4779,313.5059,4.114839755473065e-05,658,319.9023685385233,315.02845999999965,310.154551461476
2020-05-21,313.5031,313.6138,313.0619,313.2427,-0.0008398902381979307,659,318.5872593601662,314.6133866666663,310.63951397316646
2020-05-22,313.2427,314.3873,313.1662,314.1029,0.002742349796007672,660,317.843325212506,314.3834266666663,310.92352812082663
2020-05-25,314.0772,314.318,314.0631,314.1659,0.00020055110236633948,661,317.48934693169144,314.2480399999996,311.00673306830777
2020-05-26,314.1654,314.3137,309.707,310.4297,-0.011963723611347076,662,317.5024184354954,313.8419866666663,310.1815548978372
2020-05-27,310.4281,313.0259,310.3787,312.2968,0.005996550957310351,663,316.17185110171806,313.4792999999996,310.7867488982812
2020-05-28,312.2968,312.2968,312.2968,312.2968,0.0,664,315.93846616074353,313.3109399999996,310.6834138392557
2020-05-29,312.2968,312.2968,312.2968,312.2968,0.0,665,315.57101644000886,313.13123333333294,310.691450226657
2020-06-01,312.2968,312.2968,312.2968,312.2968,0.0,666,315.24884116582444,312.976153333333,310.70346550084156
2020-06-02,312.2968,312.2968,312.2968,312.2968,0.0,667,315.1454034141759,312.8850799999997,310.62475658582343
2020-06-03,312.2968,312.2968,312.2968,312.2968,0.0,668,315.10275665111897,312.824813333333,310.54687001554703
2020-06-04,312.2968,312.345,311.3391,311.6464,-0.0020848059104601043,669,315.0891609989426,312.71807999999965,310.3469990010567
2020-06-05,311.6441,312.5761,310.4442,311.3723,-0.0008799094399092075,670,315.0501901877266,312.584153333333,310.1181164789394
2020-06-08,311.1071,312.9744,311.0941,311.9438,0.0018337410509504009,671,314.9900733606513,312.5122266666664,310.03437997268145
2020-06-09,311.9483,315.9114,311.9483,315.5589,0.011522308975096261,672,315.73020702431575,312.649953333333,309.5696996423502
2020-06-10,315.5567,317.724,315.5433,317.5384,0.006253403546976646,673,317.2417537429376,312.91878666666634,308.5958195903951
2020-06-11,317.5417,318.6489,317.5338,318.1727,0.0019955612242601307,674,318.6761450580737,313.24745333333306,307.8187616085924
2020-06-12,318.17400000000004,318.2522,315.0664,317.0092,-0.0036635215874865315,675,319.3426721941509,313.4412066666664,307.5397411391819
2020-06-15,316.6545,319.1697,316.1344,319.1624,0.006769268612955704,676,320.6702005981183,313.7743066666664,306.8784127352145
2020-06-16,319.1597,319.5262,315.013,315.4038,-0.011846341501992624,677,320.6870561393832,314.1059133333331,307.524770527283
2020-06-17,315.4017,316.2257,314.4121,314.9334,-0.0014925347490969472,678,320.7655080926279,314.2816866666664,307.79786524070494
2020-06-18,314.9335,315.2349,313.8351,314.3422,-0.0018789864852233487,679,320.76498926135787,314.41804666666644,308.071104071975
2020-06-19,314.3446,315.2801,313.3845,314.7927,0.0014321255330052966,680,320.7726751179423,314.58443999999974,308.3962048820572
2020-06-22,314.671,317.3741,314.5596,317.1979,0.007611542362211214,681,321.0992633155125,314.9111799999998,308.7230966844871
2020-06-23,317.1833,319.1376,314.4501,317.0802,-0.00037113058562476267,682,321.2938307937379,315.2300733333331,309.1663158729283
2020-06-24,317.0766,317.569,315.8021,316.8458,-0.0007395185263974619,683,321.33825498069876,315.5333399999998,309.7284250193008
2020-06-25,316.8486,317.142,316.5929,316.9928,0.00046384048758009184,684,321.1333743797446,315.88976666666645,310.64615895358827
2020-06-26,316.9928,318.2001,316.5909,318.0662,0.0033804765295840783,685,320.77689508737626,316.3360266666665,311.89515824595674
2020-06-29,318.0752,318.6381,317.7094,317.8347,-0.0007281009044871524,686,320.1426955035746,316.72875333333315,313.3148111630917
2020-06-30,317.8296,318.6106,315.5302,317.1616,-0.0021200131468529348,687,320.16598780291406,316.83559999999983,313.5052121970856
2020-07-01,317.1509,318.0116,314.2849,317.3593,0.00062314734281394,688,320.14014373020814,316.82365999999985,313.50717626979156
2020-07-02,317.3579,318.7355,317.26099999999997,318.2579,0.0028274898749424,689,320.1606564264098,316.82933999999983,313.4980235735899
