EURUSD_timestamp,open,high,low,close,Returns
2020-02-03 00:05:00+00:00,1.10873,1.1087799999999999,1.10859,1.10876,2.705798526236869e-05
2020-02-03 00:10:00+00:00,1.10877,1.10877,1.10859,1.1086,-0.00014430535012077694
2020-02-03 00:15:00+00:00,1.10861,1.10867,1.1086,1.10865,4.5101930362445586e-05
2020-02-03 00:20:00+00:00,1.10866,1.1087,1.10865,1.10866,9.019979254176747e-06
2020-02-03 00:25:00+00:00,1.10866,1.1086799999999999,1.1086,1.1086,-5.4119387368434246e-05
2020-02-03 00:30:00+00:00,1.1086,1.1086,1.1083,1.1083100000000001,-0.0002615911961031392
2020-02-03 00:35:00+00:00,1.10832,1.1083399999999999,1.10812,1.1082,-9.925020977885612e-05
2020-02-03 00:40:00+00:00,1.1082100000000001,1.10822,1.10811,1.10812,-7.218913553519446e-05
2020-02-03 00:45:00+00:00,1.10811,1.10814,1.1079999999999999,1.10812,0.0
2020-02-03 00:50:00+00:00,1.10812,1.10822,1.10804,1.10805,-6.317005378475571e-05
2020-02-03 00:55:00+00:00,1.10806,1.1082,1.10806,1.10818,0.00011732322548607677
2020-02-03 01:00:00+00:00,1.10818,1.10824,1.10808,1.10809,-8.121424317342196e-05
2020-02-03 01:05:00+00:00,1.1081,1.1081,1.10802,1.10806,-2.7073613154127152e-05
2020-02-03 01:10:00+00:00,1.10807,1.10822,1.10806,1.10817,9.927260256659132e-05
2020-02-03 01:15:00+00:00,1.10818,1.10822,1.10806,1.10806,-9.926274849536565e-05
2020-02-03 01:20:00+00:00,1.10807,1.10856,1.10806,1.1085,0.0003970904102665873
2020-02-03 01:25:00+00:00,1.1085,1.10876,1.1084200000000002,1.1087200000000001,0.0001984663960308275
2020-02-03 01:30:00+00:00,1.1087200000000001,1.1087200000000001,1.10832,1.10846,-0.00023450465401553267
2020-02-03 01:35:00+00:00,1.10846,1.1085200000000002,1.10832,1.10835,-9.923677895462557e-05
2020-02-03 01:40:00+00:00,1.10836,1.10846,1.10827,1.10829,-5.4134524292814845e-05
2020-02-03 01:45:00+00:00,1.10828,1.10832,1.10814,1.1082299999999998,-5.413745499838196e-05
2020-02-03 01:50:00+00:00,1.10822,1.10826,1.10819,1.10825,1.8046795340342925e-05
2020-02-03 01:55:00+00:00,1.10824,1.10832,1.1082299999999998,1.1083100000000001,5.413940897835978e-05
2020-02-03 02:00:00+00:00,1.1083100000000001,1.10846,1.10825,1.10846,0.00013534119515279386
2020-02-03 02:05:00+00:00,1.10846,1.10846,1.1082,1.10825,-0.00018945203254971954
2020-02-03 02:10:00+00:00,1.10824,1.10839,1.10822,1.10836,9.925558312651184e-05
2020-02-03 02:15:00+00:00,1.10837,1.10838,1.10822,1.10822,-0.00012631275036989464
2020-02-03 02:20:00+00:00,1.1082100000000001,1.10827,1.10814,1.10826,3.609391637038328e-05
2020-02-03 02:25:00+00:00,1.10826,1.10832,1.10822,1.1082299999999998,-2.706946023511847e-05
2020-02-03 02:30:00+00:00,1.10825,1.10827,1.10817,1.1082299999999998,0.0
2020-02-03 02:35:00+00:00,1.10824,1.1084399999999999,1.10818,1.1083,6.316378369142228e-05
2020-02-03 02:40:00+00:00,1.1083100000000001,1.10846,1.10819,1.10819,-9.925110529640513e-05
2020-02-03 02:45:00+00:00,1.10818,1.10827,1.10807,1.10808,-9.926095705614646e-05
2020-02-03 02:50:00+00:00,1.10807,1.1082100000000001,1.1080299999999998,1.1082,0.0001082954299329586
2020-02-03 02:55:00+00:00,1.1082100000000001,1.1083,1.10816,1.10818,-1.804728388388188e-05
2020-02-03 03:00:00+00:00,1.10818,1.10836,1.10817,1.10828,9.02380479705922e-05
2020-02-03 03:05:00+00:00,1.10829,1.10839,1.10827,1.10827,-9.022990579810042e-06
2020-02-03 03:10:00+00:00,1.10828,1.10832,1.10822,1.1083100000000001,3.609228798029385e-05
2020-02-03 03:15:00+00:00,1.10832,1.10836,1.10829,1.1083399999999999,2.7068239030425545e-05
2020-02-03 03:20:00+00:00,1.1083399999999999,1.1083399999999999,1.10811,1.10812,-0.00019849504664626316
2020-02-03 03:25:00+00:00,1.10812,1.10814,1.10806,1.1081,-1.8048586795549326e-05
2020-02-03 03:30:00+00:00,1.1081,1.10818,1.10802,1.10816,5.414673765891109e-05
2020-02-03 03:35:00+00:00,1.10815,1.10815,1.10812,1.1081299999999998,-2.7071902974462603e-05
2020-02-03 03:40:00+00:00,1.1081299999999998,1.10818,1.10807,1.10818,4.5121059803587826e-05
2020-02-03 03:45:00+00:00,1.10816,1.10824,1.10816,1.10824,5.414282878235532e-05
2020-02-03 03:50:00+00:00,1.10824,1.10825,1.10818,1.10819,-4.511658124584095e-05
2020-02-03 03:55:00+00:00,1.10818,1.10819,1.10807,1.10812,-6.316606358114374e-05
2020-02-03 04:00:00+00:00,1.10812,1.10819,1.10811,1.10816,3.60971735913207e-05
2020-02-03 04:05:00+00:00,1.10817,1.10824,1.1081299999999998,1.10824,7.21917412647155e-05
2020-02-03 04:10:00+00:00,1.10825,1.10826,1.10822,1.10825,9.023316249301416e-06
2020-02-03 04:15:00+00:00,1.10825,1.1083399999999999,1.10824,1.1083100000000001,5.413940897835978e-05
2020-02-03 04:20:00+00:00,1.1083,1.1083399999999999,1.1083,1.10833,1.8045492687024378e-05
2020-02-03 04:25:00+00:00,1.1083399999999999,1.1083399999999999,1.10832,1.1083399999999999,9.02258352653007e-06
2020-02-03 04:30:00+00:00,1.10833,1.1083399999999999,1.10824,1.10833,-9.022502120092923e-06
2020-02-03 04:35:00+00:00,1.1083399999999999,1.1085,1.10833,1.10847,0.00012631616937186507
2020-02-03 04:40:00+00:00,1.10847,1.10847,1.10835,1.10838,-8.119299575104488e-05
2020-02-03 04:45:00+00:00,1.10839,1.1084200000000002,1.1083,1.1083100000000001,-6.315523556887914e-05
2020-02-03 04:50:00+00:00,1.1083,1.10832,1.10827,1.10832,9.022746343401167e-06
2020-02-03 04:55:00+00:00,1.1083100000000001,1.10832,1.10818,1.10818,-0.00012631730908041483
2020-02-03 05:00:00+00:00,1.10819,1.10819,1.10814,1.10816,-1.804760959400742e-05
2020-02-03 05:05:00+00:00,1.10816,1.1082299999999998,1.10815,1.1082299999999998,6.316777360648729e-05
2020-02-03 05:10:00+00:00,1.10824,1.10829,1.10824,1.10829,5.4140386021028775e-05
2020-02-03 05:15:00+00:00,1.1083100000000001,1.10838,1.10829,1.1083399999999999,4.511454583178143e-05
2020-02-03 05:20:00+00:00,1.10835,1.10838,1.10833,1.10838,3.609000848125987e-05
2020-02-03 05:25:00+00:00,1.10838,1.1084399999999999,1.10827,1.10833,-4.511088254921525e-05
2020-02-03 05:30:00+00:00,1.10833,1.10845,1.10829,1.1084399999999999,9.924841879205282e-05
2020-02-03 05:35:00+00:00,1.1084399999999999,1.10845,1.10839,1.1084200000000002,-1.804337627631103e-05
2020-02-03 05:40:00+00:00,1.1084200000000002,1.1084399999999999,1.10839,1.10839,-2.706555276899003e-05
2020-02-03 05:45:00+00:00,1.10838,1.1084399999999999,1.10838,1.1084399999999999,4.511047555455505e-05
2020-02-03 05:50:00+00:00,1.1084399999999999,1.10847,1.1084399999999999,1.10845,9.021688138322048e-06
2020-02-03 05:55:00+00:00,1.10845,1.10848,1.10839,1.1084399999999999,-9.02160674820518e-06
2020-02-03 06:00:00+00:00,1.10843,1.1085399999999999,1.10843,1.1085399999999999,9.021688138277639e-05
2020-02-03 06:05:00+00:00,1.1085200000000002,1.1086200000000002,1.1085200000000002,1.10859,4.5104371515725106e-05
2020-02-03 06:10:00+00:00,1.10858,1.10859,1.10856,1.10856,-2.7061402321892913e-05
2020-02-03 06:15:00+00:00,1.10857,1.10858,1.10836,1.10839,-0.00015335209641331726
2020-02-03 06:20:00+00:00,1.10839,1.1084100000000001,1.1083,1.10832,-6.315466577655471e-05
2020-02-03 06:25:00+00:00,1.1083100000000001,1.10832,1.1082100000000001,1.10825,-6.315865454020742e-05
2020-02-03 06:30:00+00:00,1.10825,1.10828,1.10816,1.10816,-8.120911346709558e-05
2020-02-03 06:35:00+00:00,1.10816,1.10822,1.10816,1.10816,0.0
2020-02-03 06:40:00+00:00,1.10817,1.10833,1.10816,1.10833,0.00015340745018765922
2020-02-03 06:45:00+00:00,1.10832,1.1084,1.10825,1.10832,-9.022583526641093e-06
2020-02-03 06:50:00+00:00,1.10832,1.1084100000000001,1.10829,1.1084,7.218131947461792e-05
2020-02-03 06:55:00+00:00,1.10838,1.10839,1.10822,1.10825,-0.00013533020570200005
2020-02-03 07:00:00+00:00,1.10825,1.10846,1.10818,1.1083,4.5116174148596144e-05
2020-02-03 07:05:00+00:00,1.1083,1.10839,1.1082100000000001,1.10828,-1.804565550855841e-05
2020-02-03 07:10:00+00:00,1.10829,1.10832,1.10775,1.10776,-0.0004691955101597811
2020-02-03 07:15:00+00:00,1.10776,1.10791,1.10768,1.1077,-5.416335668395611e-05
2020-02-03 07:20:00+00:00,1.10769,1.10792,1.10765,1.10765,-4.513857542642885e-05
2020-02-03 07:25:00+00:00,1.10765,1.10776,1.10748,1.10751,-0.00012639371642664265
2020-02-03 07:30:00+00:00,1.10752,1.10761,1.10731,1.10731,-0.00018058527688236126
2020-02-03 07:35:00+00:00,1.10731,1.10734,1.1071600000000001,1.1072600000000001,-4.515447345354584e-05
2020-02-03 07:40:00+00:00,1.10727,1.10748,1.10704,1.1073600000000001,9.031302494455495e-05
2020-02-03 07:45:00+00:00,1.10734,1.1076700000000002,1.10723,1.1075,0.0001264268169338667
2020-02-03 07:50:00+00:00,1.10751,1.10754,1.1073,1.10744,-5.417607223467957e-05
2020-02-03 07:55:00+00:00,1.10743,1.10756,1.10732,1.1074700000000002,2.7089503720434394e-05
2020-02-03 08:00:00+00:00,1.10748,1.1077299999999999,1.10714,1.10759,0.00010835507959572332
2020-02-03 08:05:00+00:00,1.1076,1.10768,1.10737,1.10758,-9.02861167040303e-06
2020-02-03 08:10:00+00:00,1.10758,1.10784,1.10746,1.10784,0.0002347460228606657
2020-02-03 08:15:00+00:00,1.10784,1.10785,1.10762,1.10779,-4.51328711725818e-05
2020-02-03 08:20:00+00:00,1.10779,1.10779,1.10746,1.10768,-9.929679812969994e-05
2020-02-03 08:25:00+00:00,1.10768,1.10779,1.10734,1.10744,-0.00021666907410089475
2020-02-03 08:30:00+00:00,1.10743,1.1075700000000002,1.10734,1.10738,-5.417900744053572e-05
2020-02-03 08:35:00+00:00,1.10737,1.10743,1.10707,1.1070799999999998,-0.00027090971482257586
2020-02-03 08:40:00+00:00,1.1070799999999998,1.10714,1.10699,1.10703,-4.516385446384774e-05
2020-02-03 08:45:00+00:00,1.1070200000000001,1.1072,1.10683,1.10683,-0.00018066357731949534
2020-02-03 08:50:00+00:00,1.10684,1.1068799999999999,1.10659,1.10659,-0.0002168354670545325
2020-02-03 08:55:00+00:00,1.10658,1.10674,1.1064200000000002,1.1066200000000002,2.7110311859201985e-05
2020-02-03 09:00:00+00:00,1.10664,1.10664,1.10637,1.1066,-1.8073051273326257e-05
2020-02-03 09:05:00+00:00,1.1066,1.10671,1.1065,1.1065200000000002,-7.229351165716214e-05
2020-02-03 09:10:00+00:00,1.1065200000000002,1.10653,1.10606,1.10628,-0.00021689621516129964
2020-02-03 09:15:00+00:00,1.10628,1.1064399999999999,1.10608,1.10608,-0.00018078605777915868
2020-02-03 09:20:00+00:00,1.10608,1.10612,1.10591,1.10598,-9.040937364379609e-05
2020-02-03 09:25:00+00:00,1.10599,1.10624,1.1059700000000001,1.10624,0.00023508562541807443
2020-02-03 09:30:00+00:00,1.10625,1.10646,1.10622,1.1064399999999999,0.00018079259473524623
2020-02-03 09:35:00+00:00,1.1064399999999999,1.10673,1.10643,1.1066799999999999,0.0002169118976176332
2020-02-03 09:40:00+00:00,1.10669,1.10696,1.1066799999999999,1.10693,0.00022590089276031122
2020-02-03 09:45:00+00:00,1.10694,1.107,1.10656,1.10659,-0.0003071558273783914
2020-02-03 09:50:00+00:00,1.1066,1.10703,1.1066,1.107,0.0003705075954056891
2020-02-03 09:55:00+00:00,1.107,1.1072799999999998,1.10699,1.10727,0.00024390243902439046
2020-02-03 10:00:00+00:00,1.1072600000000001,1.10742,1.107,1.1070200000000001,-0.00022578052326882592
2020-02-03 10:05:00+00:00,1.1070200000000001,1.10703,1.10676,1.1068,-0.00019873173023077229
2020-02-03 10:10:00+00:00,1.1068,1.1068799999999999,1.10664,1.10677,-2.7105168052043993e-05
2020-02-03 10:15:00+00:00,1.10676,1.1068200000000001,1.10665,1.10665,-0.00010842361104845821
2020-02-03 10:20:00+00:00,1.10666,1.10685,1.10655,1.10676,9.939908733569425e-05
2020-02-03 10:25:00+00:00,1.10676,1.1068200000000001,1.1065,1.10674,-1.807076511606276e-05
2020-02-03 10:30:00+00:00,1.10674,1.10675,1.10656,1.10666,-7.228436669870497e-05
2020-02-03 10:35:00+00:00,1.10665,1.1067200000000001,1.10658,1.1067200000000001,5.421719407960879e-05
2020-02-03 10:40:00+00:00,1.1067200000000001,1.1069200000000001,1.1065,1.1069,0.00016264276420407953
2020-02-03 10:45:00+00:00,1.1069,1.107,1.1066,1.10671,-0.00017165055560564024
2020-02-03 10:50:00+00:00,1.1067200000000001,1.10674,1.10657,1.1066200000000002,-8.132211690503599e-05
2020-02-03 10:55:00+00:00,1.1066200000000002,1.10683,1.10643,1.10648,-0.00012651135891295073
2020-02-03 11:00:00+00:00,1.10649,1.10683,1.1064200000000002,1.10673,0.0002259417251102569
2020-02-03 11:05:00+00:00,1.1067200000000001,1.1067799999999999,1.1063399999999999,1.10636,-0.00033431821672857964
2020-02-03 11:10:00+00:00,1.10636,1.10645,1.1062299999999998,1.1063,-5.423189558551034e-05
2020-02-03 11:15:00+00:00,1.1063100000000001,1.10636,1.10611,1.10617,-0.00011750881316097139
2020-02-03 11:20:00+00:00,1.10616,1.10633,1.10605,1.10608,-8.136181599582848e-05
2020-02-03 11:25:00+00:00,1.10609,1.10626,1.1060299999999998,1.1062299999999998,0.0001356140604655831
2020-02-03 11:30:00+00:00,1.10622,1.1062299999999998,1.10598,1.10615,-7.231769161919477e-05
2020-02-03 11:35:00+00:00,1.10614,1.10616,1.10591,1.10599,-0.00014464584369200395
2020-02-03 11:40:00+00:00,1.10598,1.1063,1.10596,1.10629,0.0002712501921355859
2020-02-03 11:45:00+00:00,1.1063,1.10636,1.10605,1.10607,-0.00019886286597536884
2020-02-03 11:50:00+00:00,1.10606,1.10628,1.10604,1.10614,6.328713372560912e-05
2020-02-03 11:55:00+00:00,1.10614,1.10627,1.10584,1.10627,0.00011752581047619337
2020-02-03 12:00:00+00:00,1.10626,1.1063,1.10614,1.10628,9.039384598619193e-06
2020-02-03 12:05:00+00:00,1.10628,1.10648,1.10626,1.10646,0.00016270745200142045
2020-02-03 12:10:00+00:00,1.10645,1.10666,1.10645,1.10663,0.0001536431502269231
2020-02-03 12:15:00+00:00,1.1066200000000002,1.1066200000000002,1.10643,1.1065399999999999,-8.132799580717887e-05
2020-02-03 12:20:00+00:00,1.1065200000000002,1.10656,1.1064,1.1064399999999999,-9.037178954218739e-05
2020-02-03 12:25:00+00:00,1.1064399999999999,1.1065,1.10632,1.10635,-8.134196160647367e-05
2020-02-03 12:30:00+00:00,1.10636,1.1065,1.10635,1.10645,9.038730962163122e-05
2020-02-03 12:35:00+00:00,1.10646,1.10646,1.1062299999999998,1.10625,-0.00018075828098873536
2020-02-03 12:40:00+00:00,1.10626,1.10632,1.1062,1.10629,3.6158192090463004e-05
2020-02-03 12:45:00+00:00,1.10628,1.10656,1.10628,1.1065200000000002,0.00020790208715637526
2020-02-03 12:50:00+00:00,1.1065200000000002,1.10666,1.10651,1.10655,2.7112026894871022e-05
2020-02-03 12:55:00+00:00,1.10656,1.10666,1.1065,1.1066,4.5185486421850385e-05
2020-02-03 13:00:00+00:00,1.10658,1.10661,1.1064100000000001,1.1064399999999999,-0.00014458702331476836
2020-02-03 13:05:00+00:00,1.10646,1.10667,1.10638,1.1066200000000002,0.00016268392321339142
2020-02-03 13:10:00+00:00,1.1066200000000002,1.10666,1.10653,1.1066,-1.8073051273326257e-05
2020-02-03 13:15:00+00:00,1.1066,1.1066,1.10636,1.10637,-0.0002078438460147991
2020-02-03 13:20:00+00:00,1.10638,1.10663,1.10632,1.1065,0.00011750137838162367
2020-02-03 13:25:00+00:00,1.10651,1.10656,1.1062100000000001,1.1062299999999998,-0.00024401265250806325
2020-02-03 13:30:00+00:00,1.1062299999999998,1.1064399999999999,1.10617,1.10632,8.135740307180228e-05
2020-02-03 13:35:00+00:00,1.1063,1.10637,1.10622,1.10628,-3.615590425920523e-05
2020-02-03 13:40:00+00:00,1.10628,1.10633,1.1062100000000001,1.10632,3.6157211555920554e-05
2020-02-03 13:45:00+00:00,1.10633,1.10648,1.10632,1.10648,0.00014462361703659887
2020-02-03 13:50:00+00:00,1.10647,1.10656,1.10643,1.10643,-4.5188345021984766e-05
2020-02-03 13:55:00+00:00,1.10643,1.1064399999999999,1.10624,1.10632,-9.94188516219019e-05
2020-02-03 14:00:00+00:00,1.10632,1.10637,1.10616,1.10618,-0.00012654566490710728
2020-02-03 14:05:00+00:00,1.10618,1.10626,1.1059299999999999,1.10594,-0.00021696288126704655
2020-02-03 14:10:00+00:00,1.10592,1.10605,1.10572,1.10572,-0.00019892580067626398
2020-02-03 14:15:00+00:00,1.1057299999999999,1.10578,1.10561,1.10572,0.0
2020-02-03 14:20:00+00:00,1.10572,1.10574,1.10541,1.10543,-0.0002622725463952147
2020-02-03 14:25:00+00:00,1.10542,1.10552,1.10533,1.10544,9.046253494071621e-06
2020-02-03 14:30:00+00:00,1.10544,1.10548,1.10505,1.1051,-0.0003075698364451984
2020-02-03 14:35:00+00:00,1.10509,1.1054,1.1050200000000001,1.1052899999999999,0.00017193014206862145
2020-02-03 14:40:00+00:00,1.1052799999999998,1.1052799999999998,1.10504,1.10507,-0.00019904278515125995
2020-02-03 14:45:00+00:00,1.10507,1.10507,1.1046200000000002,1.1048,-0.0002443284135846824
2020-02-03 14:50:00+00:00,1.1047799999999999,1.10486,1.1045,1.1046200000000002,-0.00016292541636486746
2020-02-03 14:55:00+00:00,1.1046200000000002,1.10494,1.1045200000000002,1.10474,0.00010863464358767949
2020-02-03 15:00:00+00:00,1.1045399999999999,1.10484,1.10354,1.10443,-0.00028060901207527245
2020-02-03 15:05:00+00:00,1.1044399999999999,1.105,1.1044399999999999,1.10485,0.00038028666370903963
2020-02-03 15:10:00+00:00,1.10484,1.10484,1.10436,1.10443,-0.0003801421007377792
2020-02-03 15:15:00+00:00,1.1044399999999999,1.105,1.1044200000000002,1.1047,0.00024446999809857317
2020-02-03 15:20:00+00:00,1.1047,1.105,1.10458,1.10466,-3.620892550015853e-05
2020-02-03 15:25:00+00:00,1.10466,1.105,1.10466,1.10499,0.0002987344522296098
2020-02-03 15:30:00+00:00,1.10499,1.1050200000000001,1.10464,1.10495,-3.619942261900988e-05
2020-02-03 15:35:00+00:00,1.10494,1.10494,1.10463,1.10464,-0.00028055568125262553
2020-02-03 15:40:00+00:00,1.1046200000000002,1.1048799999999999,1.1046,1.1046,-3.621089223637686e-05
2020-02-03 15:45:00+00:00,1.1046,1.10501,1.10447,1.10499,0.0003530689842476953
2020-02-03 15:50:00+00:00,1.1049799999999999,1.1051,1.10486,1.10509,9.049855654796879e-05
2020-02-03 15:55:00+00:00,1.1051,1.1059700000000001,1.10509,1.10556,0.00042530472631208127
2020-02-03 16:00:00+00:00,1.10556,1.1059299999999999,1.1054700000000002,1.10572,0.00014472303628920713
2020-02-03 16:05:00+00:00,1.10572,1.10589,1.1054700000000002,1.10558,-0.0001266143327425251
2020-02-03 16:10:00+00:00,1.10558,1.10561,1.10538,1.10559,9.045026140075407e-06
2020-02-03 16:15:00+00:00,1.10561,1.10602,1.10555,1.10599,0.00036179777313471995
2020-02-03 16:20:00+00:00,1.10598,1.10602,1.1055700000000002,1.10572,-0.00024412517292193847
2020-02-03 16:25:00+00:00,1.1057,1.10582,1.1055700000000002,1.10582,9.043880910164503e-05
2020-02-03 16:30:00+00:00,1.1058299999999999,1.10614,1.10576,1.10609,0.00024416270279070673
2020-02-03 16:35:00+00:00,1.1061,1.10618,1.10592,1.1059299999999999,-0.00014465369002536477
2020-02-03 16:40:00+00:00,1.10594,1.10614,1.10582,1.10608,0.00013563245413372726
2020-02-03 16:45:00+00:00,1.10608,1.1064200000000002,1.10608,1.10622,0.00012657312310149216
2020-02-03 16:50:00+00:00,1.1062100000000001,1.10656,1.1062100000000001,1.1064100000000001,0.00017175607022124062
2020-02-03 16:55:00+00:00,1.1064200000000002,1.10651,1.10612,1.1062100000000001,-0.0001807648159362074
2020-02-03 17:00:00+00:00,1.1062100000000001,1.10628,1.1061,1.10612,-8.1358873993298e-05
2020-02-03 17:05:00+00:00,1.10612,1.10645,1.10612,1.10628,0.00014464976675210295
2020-02-03 17:10:00+00:00,1.10628,1.10664,1.10628,1.10661,0.00029829699533578946
2020-02-03 17:15:00+00:00,1.1066,1.10664,1.10637,1.10637,-0.00021687857510777064
2020-02-03 17:20:00+00:00,1.10637,1.1065,1.10626,1.10628,-8.134710811047441e-05
2020-02-03 17:25:00+00:00,1.10628,1.10636,1.10612,1.1062100000000001,-6.32751202225279e-05
2020-02-03 17:30:00+00:00,1.10622,1.10624,1.10607,1.10612,-8.1358873993298e-05
2020-02-03 17:35:00+00:00,1.10611,1.10619,1.10605,1.1061299999999998,9.0406104218399e-06
2020-02-03 17:40:00+00:00,1.10612,1.10614,1.1059299999999999,1.10595,-0.00016272951642193334
2020-02-03 17:45:00+00:00,1.10595,1.10625,1.10594,1.1062,0.00022605000226061378
2020-02-03 17:50:00+00:00,1.10617,1.10617,1.10598,1.10607,-0.00011751943590665448
2020-02-03 17:55:00+00:00,1.10606,1.10606,1.10576,1.1058700000000001,-0.0001808203820734544
2020-02-03 18:00:00+00:00,1.1058700000000001,1.1062299999999998,1.10582,1.1062299999999998,0.0003255355511946334
2020-02-03 18:05:00+00:00,1.10622,1.1063100000000001,1.10615,1.1062,-2.7119134357045382e-05
2020-02-03 18:10:00+00:00,1.1062100000000001,1.10635,1.10619,1.10629,8.135960947375231e-05
2020-02-03 18:15:00+00:00,1.10628,1.10638,1.1062,1.10629,0.0
2020-02-03 18:20:00+00:00,1.10629,1.10633,1.10622,1.1062299999999998,-5.4235327084373175e-05
2020-02-03 18:25:00+00:00,1.10622,1.10629,1.10617,1.1062299999999998,0.0
2020-02-03 18:30:00+00:00,1.1062299999999998,1.10624,1.10607,1.1061299999999998,-9.039711452407673e-05
2020-02-03 18:35:00+00:00,1.10614,1.10617,1.10598,1.10598,-0.00013560793035161112
2020-02-03 18:40:00+00:00,1.10599,1.10618,1.10599,1.10609,9.945930306165529e-05
2020-02-03 18:45:00+00:00,1.1061,1.10611,1.1059,1.1059299999999999,-0.00014465369002536477
2020-02-03 18:50:00+00:00,1.10592,1.10615,1.10592,1.10609,0.00014467461774270163
2020-02-03 18:55:00+00:00,1.10608,1.1062100000000001,1.10608,1.10614,4.5204278132704445e-05
2020-02-03 19:00:00+00:00,1.10615,1.10626,1.10612,1.10616,1.8080893919414365e-05
2020-02-03 19:05:00+00:00,1.10616,1.1063,1.10616,1.10624,7.232226802611486e-05
2020-02-03 19:10:00+00:00,1.10624,1.1063,1.10619,1.10622,-1.8079259473502418e-05
2020-02-03 19:15:00+00:00,1.1062299999999998,1.1063,1.10618,1.1063,7.231834535637027e-05
2020-02-03 19:20:00+00:00,1.1063,1.1063,1.10612,1.10617,-0.00011750881316097139
2020-02-03 19:25:00+00:00,1.10617,1.10635,1.10614,1.1063399999999999,0.00015368343021404662
2020-02-03 19:30:00+00:00,1.10635,1.10635,1.1061,1.10626,-7.231050129241634e-05
2020-02-03 19:35:00+00:00,1.10626,1.1064200000000002,1.10624,1.10638,0.00010847359571886095
2020-02-03 19:40:00+00:00,1.10639,1.10646,1.10633,1.1064,1.807697174571743e-05
2020-02-03 19:45:00+00:00,1.10639,1.1064,1.10624,1.10633,-6.326825741143072e-05
2020-02-03 19:50:00+00:00,1.1063399999999999,1.10637,1.10619,1.10622,-9.942783798688737e-05
2020-02-03 19:55:00+00:00,1.1062100000000001,1.1065399999999999,1.10615,1.10635,0.00011751731120379638
2020-02-03 20:00:00+00:00,1.10635,1.1064,1.10622,1.10629,-5.4232385772956526e-05
2020-02-03 20:05:00+00:00,1.10628,1.10632,1.10614,1.10616,-0.00011750987534908663
2020-02-03 20:10:00+00:00,1.10616,1.10617,1.1061,1.10614,-1.8080567006695247e-05
2020-02-03 20:15:00+00:00,1.10614,1.10616,1.10611,1.10612,-1.8080893919303342e-05
2020-02-03 20:20:00+00:00,1.10612,1.10616,1.1059299999999999,1.10594,-0.00016273098759633786
2020-02-03 20:25:00+00:00,1.10595,1.10601,1.10594,1.10596,1.8084163697862365e-05
2020-02-03 20:30:00+00:00,1.10595,1.1059700000000001,1.10589,1.1059,-5.42515100002694e-05
2020-02-03 20:35:00+00:00,1.1059,1.1059,1.10579,1.10582,-7.23392711818871e-05
2020-02-03 20:40:00+00:00,1.10582,1.10594,1.10582,1.1059,7.234450453075247e-05
2020-02-03 20:45:00+00:00,1.10592,1.10592,1.10574,1.10581,-8.138168007965074e-05
2020-02-03 20:50:00+00:00,1.10582,1.1058700000000001,1.10572,1.10586,4.5215724220337705e-05
2020-02-03 20:55:00+00:00,1.1058700000000001,1.10591,1.1057,1.10581,-4.5213679851108246e-05
2020-02-03 21:00:00+00:00,1.10579,1.10589,1.10576,1.1058700000000001,5.4258869064405246e-05
2020-02-03 21:05:00+00:00,1.1058700000000001,1.10598,1.10586,1.1059700000000001,9.042654199853395e-05
2020-02-03 21:10:00+00:00,1.10596,1.10601,1.10594,1.10599,1.8083673155588897e-05
2020-02-03 21:15:00+00:00,1.10598,1.10601,1.10594,1.10598,-9.04167307125281e-06
2020-02-03 21:20:00+00:00,1.10598,1.10598,1.10594,1.10596,-1.8083509647492946e-05
2020-02-03 21:25:00+00:00,1.10598,1.10602,1.10594,1.10595,-9.041918333507759e-06
2020-02-03 21:30:00+00:00,1.10595,1.10604,1.10595,1.10602,6.329400063287416e-05
2020-02-03 21:35:00+00:00,1.10602,1.1060299999999998,1.10596,1.1060299999999998,9.041427822209513e-06
2020-02-03 21:40:00+00:00,1.10602,1.10614,1.10599,1.10614,9.945480683160035e-05
2020-02-03 21:45:00+00:00,1.1061299999999998,1.10614,1.10601,1.10602,-0.00010848536351626414
2020-02-03 21:50:00+00:00,1.10602,1.10609,1.10601,1.10609,6.328999475591068e-05
2020-02-03 21:55:00+00:00,1.10608,1.10614,1.10606,1.1061,9.040855626585298e-06
2020-02-03 22:00:00+00:00,1.10596,1.10596,1.10592,1.1059299999999999,-0.00015369315613433798
2020-02-03 22:05:00+00:00,1.10594,1.10598,1.1058700000000001,1.10596,2.712649082692309e-05
2020-02-03 22:10:00+00:00,1.10596,1.10596,1.10589,1.10592,-3.616767333358695e-05
2020-02-03 22:15:00+00:00,1.10592,1.1060299999999998,1.1059,1.10601,8.138020833325932e-05
2020-02-03 22:20:00+00:00,1.1059999999999999,1.10607,1.1059999999999999,1.1059999999999999,-9.04150957048433e-06
2020-02-03 22:25:00+00:00,1.10601,1.10602,1.1059999999999999,1.10601,9.041591320091413e-06
2020-02-03 22:30:00+00:00,1.10602,1.10611,1.10598,1.1060299999999998,1.8083019140746615e-05
2020-02-03 22:35:00+00:00,1.1060299999999998,1.10607,1.10594,1.10601,-1.808269215108904e-05
2020-02-03 22:40:00+00:00,1.10602,1.10607,1.10594,1.10598,-2.7124528711341966e-05
2020-02-03 22:45:00+00:00,1.10598,1.10616,1.1059700000000001,1.10601,2.712526447123942e-05
2020-02-03 22:50:00+00:00,1.10602,1.10605,1.10598,1.10601,0.0
2020-02-03 22:55:00+00:00,1.10602,1.10614,1.10591,1.10592,-8.137358613391488e-05
2020-02-03 23:00:00+00:00,1.10591,1.1062,1.10591,1.10618,0.00023509837962953917
2020-02-03 23:05:00+00:00,1.10618,1.1062,1.10618,1.10618,0.0
2020-02-03 23:10:00+00:00,1.10618,1.10618,1.10618,1.10618,0.0
2020-02-03 23:15:00+00:00,1.10618,1.1062,1.10616,1.1062,1.8080240105744494e-05
2020-02-03 23:20:00+00:00,1.10619,1.1062,1.10616,1.10619,-9.039956608281052e-06
2020-02-03 23:25:00+00:00,1.10618,1.1062100000000001,1.10618,1.1062,9.040038329910516e-06
2020-02-03 23:30:00+00:00,1.1062,1.1062299999999998,1.10614,1.10615,-4.519978304118322e-05
2020-02-03 23:35:00+00:00,1.10615,1.1062,1.10614,1.10618,2.712109569213972e-05
2020-02-03 23:40:00+00:00,1.10618,1.1063100000000001,1.10617,1.10629,9.944132058081756e-05
2020-02-03 23:45:00+00:00,1.10629,1.10629,1.10622,1.10624,-4.51961059035888e-05
2020-02-03 23:50:00+00:00,1.1062299999999998,1.10625,1.10622,1.10624,0.0
2020-02-03 23:55:00+00:00,1.10625,1.10626,1.1062,1.1062299999999998,-9.039629736862231e-06
2020-02-04 00:00:00+00:00,1.10624,1.1063100000000001,1.10622,1.10626,2.711913435748947e-05
2020-02-04 00:05:00+00:00,1.10626,1.10628,1.10619,1.1062,-5.4236797859430474e-05
2020-02-04 00:10:00+00:00,1.10619,1.1062100000000001,1.10614,1.1062100000000001,9.03995660817003e-06
2020-02-04 00:15:00+00:00,1.1062100000000001,1.1062100000000001,1.10614,1.10617,-3.615949955260156e-05
2020-02-04 00:20:00+00:00,1.10617,1.10622,1.10601,1.10604,-0.0001175226231051596
2020-02-04 00:25:00+00:00,1.10604,1.1061,1.1060299999999998,1.10604,0.0
2020-02-04 00:30:00+00:00,1.10605,1.10612,1.1060299999999998,1.10612,7.233011464324868e-05
2020-02-04 00:35:00+00:00,1.10612,1.10615,1.10609,1.10614,1.8081220843901846e-05
2020-02-04 00:40:00+00:00,1.1061299999999998,1.10615,1.10607,1.10607,-6.328312871772823e-05
2020-02-04 00:45:00+00:00,1.10608,1.10609,1.10601,1.10606,-9.041019103706027e-06
2020-02-04 00:50:00+00:00,1.10606,1.10607,1.1059700000000001,1.1059700000000001,-8.136990759988194e-05
2020-02-04 00:55:00+00:00,1.10596,1.10611,1.10592,1.1061,0.00011754387551188294
2020-02-04 01:00:00+00:00,1.10609,1.1062100000000001,1.10592,1.10617,6.328541723177317e-05
2020-02-04 01:05:00+00:00,1.10616,1.10619,1.10609,1.10609,-7.232161421855121e-05
2020-02-04 01:10:00+00:00,1.10608,1.1061,1.10606,1.10607,-1.8081711253059574e-05
2020-02-04 01:15:00+00:00,1.10607,1.1061,1.1060299999999998,1.10609,1.808203820719001e-05
2020-02-04 01:20:00+00:00,1.10608,1.1061,1.10598,1.10598,-9.944941189243828e-05
2020-02-04 01:25:00+00:00,1.10598,1.1060299999999998,1.10595,1.10602,3.6167019295207936e-05
2020-02-04 01:30:00+00:00,1.1060299999999998,1.10612,1.10602,1.1060299999999998,9.041427822209513e-06
2020-02-04 01:35:00+00:00,1.10604,1.10618,1.10602,1.10614,9.945480683160035e-05
2020-02-04 01:40:00+00:00,1.1061299999999998,1.10616,1.10608,1.10616,1.8080893919414365e-05
2020-02-04 01:45:00+00:00,1.10616,1.1064200000000002,1.10616,1.1062299999999998,6.328198452276723e-05
2020-02-04 01:50:00+00:00,1.1062299999999998,1.10633,1.10622,1.10622,-9.039711452274446e-06
2020-02-04 01:55:00+00:00,1.10622,1.1062299999999998,1.10602,1.10602,-0.00018079586339059261
2020-02-04 02:00:00+00:00,1.10602,1.10605,1.10576,1.10576,-0.0002350771233792237
2020-02-04 02:05:00+00:00,1.10575,1.10584,1.10572,1.10574,-1.8087107509834333e-05
2020-02-04 02:10:00+00:00,1.10574,1.10574,1.10566,1.10572,-1.8087434659030954e-05
2020-02-04 02:15:00+00:00,1.1057299999999999,1.10575,1.10568,1.10574,1.8087761820329007e-05
2020-02-04 02:20:00+00:00,1.10574,1.10575,1.1056700000000002,1.10568,-5.426230397742593e-05
2020-02-04 02:25:00+00:00,1.10568,1.10575,1.10564,1.10568,0.0
2020-02-04 02:30:00+00:00,1.10569,1.10575,1.10561,1.10564,-3.617683235657143e-05
2020-02-04 02:35:00+00:00,1.10565,1.1057299999999999,1.10561,1.10561,-2.71336058753624e-05
2020-02-04 02:40:00+00:00,1.10562,1.10563,1.1055700000000002,1.1056,-9.044780709399625e-06
2020-02-04 02:45:00+00:00,1.10561,1.10572,1.10561,1.1057,9.044862518092778e-05
2020-02-04 02:50:00+00:00,1.10569,1.1058,1.10565,1.1058,9.044044496708814e-05
2020-02-04 02:55:00+00:00,1.1058,1.1058700000000001,1.10575,1.10586,5.425935973968343e-05
2020-02-04 03:00:00+00:00,1.1058700000000001,1.10592,1.10582,1.10592,5.425641582101903e-05
2020-02-04 03:05:00+00:00,1.10592,1.10599,1.10585,1.10586,-5.4253472222209886e-05
2020-02-04 03:10:00+00:00,1.10585,1.10585,1.10575,1.10575,-9.94700956722383e-05
2020-02-04 03:15:00+00:00,1.10575,1.1058,1.10572,1.10575,0.0
2020-02-04 03:20:00+00:00,1.10574,1.10575,1.10566,1.1057299999999999,-1.8087271083100376e-05
2020-02-04 03:25:00+00:00,1.10574,1.10576,1.10556,1.10561,-0.00010852558942953117
2020-02-04 03:30:00+00:00,1.1056,1.1059,1.1055700000000002,1.10589,0.0002532538598603029
2020-02-04 03:35:00+00:00,1.10589,1.10589,1.10568,1.10568,-0.00018989230393628986
2020-02-04 03:40:00+00:00,1.1056700000000002,1.1057700000000001,1.10563,1.10575,6.330945662402776e-05
2020-02-04 03:45:00+00:00,1.10574,1.10581,1.10574,1.10574,-9.043635541550188e-06
2020-02-04 03:50:00+00:00,1.10575,1.1058700000000001,1.1057,1.10586,0.00010852460795485186
2020-02-04 03:55:00+00:00,1.10585,1.10586,1.10579,1.1058,-5.42564158213521e-05
2020-02-04 04:00:00+00:00,1.1058,1.10586,1.10574,1.10586,5.425935973968343e-05
2020-02-04 04:05:00+00:00,1.10585,1.10592,1.10585,1.10589,2.7128207910509516e-05
2020-02-04 04:10:00+00:00,1.10589,1.10594,1.10588,1.10594,4.521245331812196e-05
2020-02-04 04:15:00+00:00,1.10595,1.10598,1.10588,1.10589,-4.521040924454489e-05
2020-02-04 04:20:00+00:00,1.10588,1.10596,1.1058700000000001,1.10595,5.425494398170194e-05
2020-02-04 04:25:00+00:00,1.10594,1.1060299999999998,1.10594,1.1059999999999999,4.521000045198953e-05
2020-02-04 04:30:00+00:00,1.1059999999999999,1.10602,1.10595,1.10598,-1.8083182640071804e-05
2020-02-04 04:35:00+00:00,1.1059700000000001,1.10608,1.10596,1.10606,7.233403859019383e-05
2020-02-04 04:40:00+00:00,1.10607,1.10609,1.10607,1.10608,1.8082201688862654e-05
2020-02-04 04:45:00+00:00,1.10607,1.1061,1.1060299999999998,1.1061,1.8081874728848035e-05
2020-02-04 04:50:00+00:00,1.10609,1.1061,1.10604,1.10605,-4.520386945128241e-05
2020-02-04 04:55:00+00:00,1.10604,1.10605,1.1059999999999999,1.1059999999999999,-4.520591293355469e-05
2020-02-04 05:00:00+00:00,1.1059999999999999,1.10602,1.10598,1.1059999999999999,0.0
2020-02-04 05:05:00+00:00,1.1059999999999999,1.1059999999999999,1.10595,1.10596,-3.616636528014361e-05
2020-02-04 05:10:00+00:00,1.10595,1.10602,1.10595,1.10599,2.712575500019021e-05
2020-02-04 05:15:00+00:00,1.10598,1.10609,1.10598,1.10609,9.041673071186196e-05
2020-02-04 05:20:00+00:00,1.10609,1.10612,1.10602,1.10605,-3.616342250634119e-05
2020-02-04 05:25:00+00:00,1.10604,1.10604,1.10602,1.10604,-9.041182586710939e-06
2020-02-04 05:30:00+00:00,1.10604,1.1063399999999999,1.10604,1.10624,0.00018082528660801067
2020-02-04 05:35:00+00:00,1.10624,1.10624,1.10598,1.10598,-0.0002350303731558645
2020-02-04 05:40:00+00:00,1.10598,1.10604,1.10596,1.10598,0.0
2020-02-04 05:45:00+00:00,1.10598,1.10598,1.1058299999999999,1.10584,-0.0001265845675328947
2020-02-04 05:50:00+00:00,1.1058299999999999,1.1059,1.1058299999999999,1.10588,3.617159806124093e-05
2020-02-04 05:55:00+00:00,1.10588,1.1059299999999999,1.10578,1.10584,-3.6170289724024585e-05
2020-02-04 06:00:00+00:00,1.1058299999999999,1.10612,1.10582,1.10609,0.00022607248788264478
2020-02-04 06:05:00+00:00,1.10608,1.10614,1.10602,1.1061,9.040855626585298e-06
2020-02-04 06:10:00+00:00,1.1061,1.1061,1.1059700000000001,1.10604,-5.42446433415833e-05
2020-02-04 06:15:00+00:00,1.10604,1.10604,1.1059999999999999,1.1060299999999998,-9.04126433043384e-06
2020-02-04 06:20:00+00:00,1.1060299999999998,1.10626,1.10598,1.10624,0.00018986826758782271
2020-02-04 06:25:00+00:00,1.10624,1.10624,1.1061,1.10611,-0.00011751518657787674
2020-02-04 06:30:00+00:00,1.1061,1.10616,1.1061,1.10615,3.616276862161705e-05
2020-02-04 06:35:00+00:00,1.10614,1.10636,1.10614,1.1063399999999999,0.0001717669393843657
2020-02-04 06:40:00+00:00,1.10635,1.10636,1.10612,1.10616,-0.00016269862790807554
2020-02-04 06:45:00+00:00,1.10616,1.1062,1.10591,1.10592,-0.0002169668040790107
2020-02-04 06:50:00+00:00,1.1059299999999999,1.10602,1.10589,1.10602,9.042245370372015e-05
2020-02-04 06:55:00+00:00,1.10602,1.10605,1.10584,1.10592,-9.041427822276127e-05
2020-02-04 07:00:00+00:00,1.10591,1.10591,1.10556,1.10566,-0.00023509837962953917
2020-02-04 07:05:00+00:00,1.10566,1.1056700000000002,1.10548,1.1055,-0.00014470994700011008
2020-02-04 07:10:00+00:00,1.1055,1.1055,1.10525,1.10534,-0.00014473089099953373
2020-02-04 07:15:00+00:00,1.10533,1.10544,1.10524,1.10538,3.618796026572113e-05
2020-02-04 07:20:00+00:00,1.10538,1.10558,1.10538,1.10544,5.427997611673341e-05
2020-02-04 07:25:00+00:00,1.10543,1.10544,1.10511,1.10514,-0.000271385149804626
2020-02-04 07:30:00+00:00,1.10514,1.10524,1.10504,1.10522,7.238901858586111e-05
2020-02-04 07:35:00+00:00,1.10522,1.1052799999999998,1.1049200000000001,1.10504,-0.0001628635022892233
2020-02-04 07:40:00+00:00,1.10505,1.10512,1.1049200000000001,1.1050200000000001,-1.8098892347717666e-05
2020-02-04 07:45:00+00:00,1.1050200000000001,1.1051799999999998,1.1049200000000001,1.10504,1.8099219923461973e-05
2020-02-04 07:50:00+00:00,1.10504,1.10521,1.10494,1.10521,0.00015384058495615527
2020-02-04 07:55:00+00:00,1.10521,1.1052600000000001,1.1048799999999999,1.1050200000000001,-0.00017191303010277714
2020-02-04 08:00:00+00:00,1.105,1.10524,1.10497,1.10512,9.049609961819804e-05
2020-02-04 08:05:00+00:00,1.10511,1.1057,1.10503,1.10568,0.0005067323005645274
2020-02-04 08:10:00+00:00,1.1056700000000002,1.10588,1.10551,1.10562,-5.4265248534801636e-05
2020-02-04 08:15:00+00:00,1.10561,1.1058700000000001,1.1056,1.10581,0.00017184927913738157
2020-02-04 08:20:00+00:00,1.10581,1.10582,1.1055,1.10551,-0.0002712943453214711
2020-02-04 08:25:00+00:00,1.10552,1.10561,1.10517,1.10553,1.809119772766543e-05
2020-02-04 08:30:00+00:00,1.10553,1.1057,1.10544,1.10569,0.00014472696353795556
2020-02-04 08:35:00+00:00,1.1057,1.1058,1.10548,1.10568,-9.044126292212518e-06
2020-02-04 08:40:00+00:00,1.10569,1.10575,1.10558,1.1056,-7.235366471314286e-05
2020-02-04 08:45:00+00:00,1.1056,1.1056,1.1053899999999999,1.1054899999999999,-9.949348769899835e-05
2020-02-04 08:50:00+00:00,1.10548,1.10574,1.10525,1.10572,0.00020805253778877209
2020-02-04 08:55:00+00:00,1.10572,1.10592,1.10568,1.10578,5.426328546098702e-05
2020-02-04 09:00:00+00:00,1.10578,1.1059999999999999,1.10542,1.10599,0.0001899111939083209
2020-02-04 09:05:00+00:00,1.10598,1.1061,1.10584,1.10599,0.0
2020-02-04 09:10:00+00:00,1.1059999999999999,1.10609,1.1058299999999999,1.10588,-9.945840378311477e-05
2020-02-04 09:15:00+00:00,1.10589,1.10592,1.10574,1.10581,-6.329800701709853e-05
2020-02-04 09:20:00+00:00,1.10582,1.1058700000000001,1.10544,1.10554,-0.0002441649107893795
2020-02-04 09:25:00+00:00,1.10554,1.1057299999999999,1.1054899999999999,1.10569,0.000135680301029506
2020-02-04 09:30:00+00:00,1.10569,1.1058,1.1055,1.10561,-7.23530103374781e-05
2020-02-04 09:35:00+00:00,1.10561,1.10596,1.10561,1.10595,0.0003075225441160345
2020-02-04 09:40:00+00:00,1.10595,1.10602,1.10564,1.1057,-0.00022605000226061378
2020-02-04 09:45:00+00:00,1.10571,1.10578,1.10561,1.1057,0.0
2020-02-04 09:50:00+00:00,1.10571,1.10572,1.10554,1.10554,-0.0001447047119471634
2020-02-04 09:55:00+00:00,1.10554,1.10572,1.1052899999999999,1.10558,3.6181413607838664e-05
2020-02-04 10:00:00+00:00,1.10558,1.10562,1.1053899999999999,1.10544,-0.00012663036596183286
2020-02-04 10:05:00+00:00,1.10544,1.10561,1.10538,1.10555,9.950788826174062e-05
2020-02-04 10:10:00+00:00,1.10555,1.10571,1.10544,1.1054899999999999,-5.4271629505775465e-05
2020-02-04 10:15:00+00:00,1.1054700000000002,1.1054700000000002,1.10513,1.10514,-0.000316601687939122
2020-02-04 10:20:00+00:00,1.10514,1.10522,1.105,1.10506,-7.238901858597213e-05
2020-02-04 10:25:00+00:00,1.10504,1.10522,1.10504,1.10521,0.00013573923587872905
2020-02-04 10:30:00+00:00,1.1052,1.10524,1.10495,1.10513,-7.238443372759029e-05
2020-02-04 10:35:00+00:00,1.10514,1.1052799999999998,1.10509,1.10522,8.14383828147136e-05
2020-02-04 10:40:00+00:00,1.10523,1.10538,1.10519,1.10535,0.00011762364054201946
2020-02-04 10:45:00+00:00,1.10534,1.10548,1.1052600000000001,1.10538,2.7140724657259696e-05
2020-02-04 10:50:00+00:00,1.10537,1.10542,1.10527,1.1053,-7.237330148912591e-05
2020-02-04 10:55:00+00:00,1.1053,1.10561,1.1053,1.10556,0.00023523025422966803
2020-02-04 11:00:00+00:00,1.10554,1.10582,1.1054899999999999,1.10574,0.00016281341582535802
2020-02-04 11:05:00+00:00,1.10574,1.10578,1.10556,1.10556,-0.00016278691193216677
2020-02-04 11:10:00+00:00,1.10556,1.10561,1.10542,1.10548,-7.236151814471459e-05
2020-02-04 11:15:00+00:00,1.10548,1.10558,1.1053899999999999,1.10555,6.33209103737542e-05
2020-02-04 11:20:00+00:00,1.10556,1.10564,1.10544,1.1054899999999999,-5.4271629505775465e-05
2020-02-04 11:25:00+00:00,1.10548,1.1054899999999999,1.10535,1.10544,-4.5228812562636556e-05
2020-02-04 11:30:00+00:00,1.10544,1.1054700000000002,1.1053,1.10542,-1.8092343320175175e-05
2020-02-04 11:35:00+00:00,1.10541,1.1055,1.1053,1.1054899999999999,6.332434730671466e-05
2020-02-04 11:40:00+00:00,1.1055,1.10558,1.1052899999999999,1.10548,-9.04576251237188e-06
2020-02-04 11:45:00+00:00,1.1054899999999999,1.10551,1.1053600000000001,1.10538,-9.045844339106157e-05
2020-02-04 11:50:00+00:00,1.10538,1.1054,1.10532,1.10532,-5.427997611673341e-05
2020-02-04 11:55:00+00:00,1.10531,1.10541,1.10522,1.10541,8.142438388869522e-05
2020-02-04 12:00:00+00:00,1.1054,1.10542,1.10514,1.10514,-0.00024425326349497567
2020-02-04 12:05:00+00:00,1.10515,1.10527,1.1047,1.10486,-0.0002533615650506249
2020-02-04 12:10:00+00:00,1.10487,1.1050200000000001,1.10479,1.1049,3.620368191459278e-05
2020-02-04 12:15:00+00:00,1.10489,1.1050200000000001,1.1048799999999999,1.10501,9.955652095228196e-05
2020-02-04 12:20:00+00:00,1.105,1.1051799999999998,1.10499,1.10515,0.00012669568601197945
2020-02-04 12:25:00+00:00,1.10514,1.1052600000000001,1.10504,1.10506,-8.14369090169631e-05
2020-02-04 12:30:00+00:00,1.10507,1.1051,1.10499,1.105,-5.429569435144721e-05
2020-02-04 12:35:00+00:00,1.105,1.10504,1.1046200000000002,1.10466,-0.0003076923076923421
2020-02-04 12:40:00+00:00,1.10466,1.1047,1.1043399999999999,1.10447,-0.00017199862401096055
2020-02-04 12:45:00+00:00,1.10448,1.1046799999999999,1.10436,1.10461,0.00012675763035674414
2020-02-04 12:50:00+00:00,1.1046,1.10467,1.10432,1.10432,-0.0002625360987137393
2020-02-04 12:55:00+00:00,1.1043399999999999,1.10453,1.10432,1.1044200000000002,9.055346276465315e-05
2020-02-04 13:00:00+00:00,1.1044100000000001,1.10461,1.10433,1.10453,9.959978993490104e-05
2020-02-04 13:05:00+00:00,1.10453,1.10475,1.10453,1.10465,0.00010864349542338836
2020-02-04 13:10:00+00:00,1.10466,1.10481,1.1046,1.1047799999999999,0.00011768433440462189
2020-02-04 13:15:00+00:00,1.10477,1.10504,1.10476,1.1050200000000001,0.00021723782110494305
2020-02-04 13:20:00+00:00,1.1050200000000001,1.10507,1.10474,1.1048,-0.00019909141915996909
2020-02-04 13:25:00+00:00,1.1048,1.1049200000000001,1.1046,1.1049200000000001,0.00010861694424346702
2020-02-04 13:30:00+00:00,1.1049200000000001,1.1050799999999998,1.10479,1.1049799999999999,5.4302573941678034e-05
2020-02-04 13:35:00+00:00,1.10497,1.10507,1.10476,1.10476,-0.0001990986262193628
2020-02-04 13:40:00+00:00,1.10476,1.10477,1.10459,1.1046799999999999,-7.241391795509422e-05
2020-02-04 13:45:00+00:00,1.10469,1.1049,1.10469,1.1048200000000001,0.00012673353369319074
2020-02-04 13:50:00+00:00,1.1048200000000001,1.10496,1.10473,1.10486,3.620499266832056e-05
2020-02-04 13:55:00+00:00,1.10485,1.10485,1.10438,1.1044399999999999,-0.0003801386601017809
2020-02-04 14:00:00+00:00,1.1044399999999999,1.10463,1.10435,1.10446,1.8108724783694186e-05
2020-02-04 14:05:00+00:00,1.1044399999999999,1.10467,1.10439,1.1045399999999999,7.243358745445683e-05
2020-02-04 14:10:00+00:00,1.10455,1.10466,1.1043399999999999,1.10463,8.148188386125632e-05
2020-02-04 14:15:00+00:00,1.1046200000000002,1.10467,1.1045,1.10456,-6.33696350814672e-05
2020-02-04 14:20:00+00:00,1.10455,1.10465,1.1044,1.10458,1.8106757441849197e-05
2020-02-04 14:25:00+00:00,1.10458,1.1046799999999999,1.10456,1.10465,6.337250357613122e-05
2020-02-04 14:30:00+00:00,1.10466,1.10467,1.1044200000000002,1.10448,-0.00015389489883677054
2020-02-04 14:35:00+00:00,1.10447,1.10448,1.10422,1.1044399999999999,-3.621613791104927e-05
2020-02-04 14:40:00+00:00,1.10443,1.10446,1.10428,1.10439,-4.52718119589024e-05
2020-02-04 14:45:00+00:00,1.10438,1.10445,1.10418,1.10426,-0.0001177120401306686
2020-02-04 14:50:00+00:00,1.10426,1.1044,1.10408,1.10437,9.961422128856867e-05
2020-02-04 14:55:00+00:00,1.10438,1.1045399999999999,1.10438,1.10446,8.149442668670126e-05
2020-02-04 15:00:00+00:00,1.10443,1.10484,1.10433,1.10473,0.0002444633576590416
2020-02-04 15:05:00+00:00,1.10473,1.10479,1.1044,1.10445,-0.00025345559548495267
2020-02-04 15:10:00+00:00,1.10445,1.10466,1.10432,1.1044100000000001,-3.621712164414426e-05
2020-02-04 15:15:00+00:00,1.1044200000000002,1.1046,1.1044,1.1046,0.00017203755851524782
2020-02-04 15:20:00+00:00,1.10459,1.10466,1.10438,1.10446,-0.00012674271229407008
2020-02-04 15:25:00+00:00,1.10445,1.10445,1.10366,1.10374,-0.0006519022870905555
2020-02-04 15:30:00+00:00,1.1037700000000001,1.104,1.10368,1.10378,3.624041893934837e-05
2020-02-04 15:35:00+00:00,1.10379,1.1039,1.10361,1.10362,-0.0001449564224754729
2020-02-04 15:40:00+00:00,1.10362,1.10365,1.10331,1.10364,1.81221797357356e-05
2020-02-04 15:45:00+00:00,1.10364,1.10368,1.10344,1.10354,-9.060925664161612e-05
2020-02-04 15:50:00+00:00,1.10354,1.1041299999999998,1.1035,1.10412,0.0005255813110536245
2020-02-04 15:55:00+00:00,1.10412,1.10422,1.1038,1.10384,-0.0002535956236641157
2020-02-04 16:00:00+00:00,1.10384,1.10384,1.1036,1.1038,-3.623713581679677e-05
2020-02-04 16:05:00+00:00,1.10382,1.1039,1.10355,1.10358,-0.00019931146946905454
2020-02-04 16:10:00+00:00,1.10358,1.1037299999999999,1.10354,1.10365,6.342992805241643e-05
2020-02-04 16:15:00+00:00,1.10365,1.1037,1.10352,1.1036,-4.53042178227836e-05
2020-02-04 16:20:00+00:00,1.1036,1.1036,1.1032899999999999,1.1033,-0.0002718376223268537
2020-02-04 16:25:00+00:00,1.10331,1.10364,1.10331,1.10354,0.00021752923049045414
2020-02-04 16:30:00+00:00,1.10354,1.10362,1.10335,1.10358,3.624698696924611e-05
2020-02-04 16:35:00+00:00,1.10358,1.10365,1.1033899999999999,1.1036,1.8122836586309532e-05
2020-02-04 16:40:00+00:00,1.10361,1.10364,1.1035,1.10352,-7.249003262033149e-05
2020-02-04 16:45:00+00:00,1.10351,1.10404,1.1035,1.1040299999999998,0.0004621574597649669
2020-02-04 16:50:00+00:00,1.10402,1.1041,1.10394,1.1041,6.34040741649411e-05
2020-02-04 16:55:00+00:00,1.1041100000000001,1.1043100000000001,1.10409,1.10428,0.00016302871116735673
2020-02-04 17:00:00+00:00,1.10428,1.1045200000000002,1.10425,1.1044200000000002,0.00012677943999728214
2020-02-04 17:05:00+00:00,1.10443,1.10445,1.1042299999999998,1.10432,-9.054526357743509e-05
2020-02-04 17:10:00+00:00,1.10432,1.10432,1.10405,1.10417,-0.00013583019414653563
2020-02-04 17:15:00+00:00,1.10416,1.1042100000000001,1.10402,1.10412,-4.528288216498755e-05
2020-02-04 17:20:00+00:00,1.10412,1.10412,1.10391,1.1039299999999999,-0.0001720827446293205
2020-02-04 17:25:00+00:00,1.10394,1.1044,1.1039299999999999,1.1043100000000001,0.00034422472439410434
2020-02-04 17:30:00+00:00,1.1043100000000001,1.1044,1.1042399999999999,1.1042399999999999,-6.338799793559335e-05
2020-02-04 17:35:00+00:00,1.10425,1.10425,1.10404,1.10405,-0.00017206404404834785
2020-02-04 17:40:00+00:00,1.10404,1.10406,1.1038299999999999,1.10399,-5.434536479320684e-05
2020-02-04 17:45:00+00:00,1.10399,1.10406,1.10389,1.10391,-7.246442449670987e-05
2020-02-04 17:50:00+00:00,1.10391,1.1041,1.10388,1.10407,0.00014493935194015428
2020-02-04 17:55:00+00:00,1.10407,1.10407,1.1036700000000002,1.1037299999999999,-0.00030795148858331345
2020-02-04 18:00:00+00:00,1.10372,1.10402,1.10366,1.10402,0.0002627454178105726
2020-02-04 18:05:00+00:00,1.104,1.10416,1.1039700000000001,1.10414,0.0001086936830854146
2020-02-04 18:10:00+00:00,1.10414,1.10436,1.10414,1.10433,0.00017207962758347684
2020-02-04 18:15:00+00:00,1.10432,1.10447,1.10426,1.10436,2.7165792833683255e-05
2020-02-04 18:20:00+00:00,1.10435,1.10435,1.1042399999999999,1.10425,-9.960520120255723e-05
2020-02-04 18:25:00+00:00,1.10426,1.10427,1.10418,1.10419,-5.433552184741508e-05
2020-02-04 18:30:00+00:00,1.1042,1.1042399999999999,1.10412,1.10416,-2.71692371783816e-05
2020-02-04 18:35:00+00:00,1.10416,1.10418,1.10406,1.10406,-9.056658455297573e-05
2020-02-04 18:40:00+00:00,1.10407,1.10414,1.10407,1.1041100000000001,4.528739380105229e-05
2020-02-04 18:45:00+00:00,1.1041100000000001,1.1041100000000001,1.1039299999999999,1.10404,-6.339948012445973e-05
2020-02-04 18:50:00+00:00,1.10405,1.10426,1.10405,1.10422,0.00016303757110258665
2020-02-04 18:55:00+00:00,1.1042299999999998,1.1042299999999998,1.1040299999999998,1.1041100000000001,-9.96178297801853e-05
2020-02-04 19:00:00+00:00,1.1041,1.10417,1.10408,1.1041,-9.057068589224393e-06
2020-02-04 19:05:00+00:00,1.1041,1.10415,1.10404,1.10415,4.528575310192018e-05
2020-02-04 19:10:00+00:00,1.10416,1.10416,1.10404,1.10407,-7.245392383270488e-05
2020-02-04 19:15:00+00:00,1.10406,1.10412,1.10405,1.10406,-9.057396723077815e-06
2020-02-04 19:20:00+00:00,1.10406,1.10422,1.10405,1.1042100000000001,0.0001358621814033789
2020-02-04 19:25:00+00:00,1.10422,1.10428,1.10418,1.1042299999999998,1.8112496716904403e-05
2020-02-04 19:30:00+00:00,1.1042399999999999,1.1044100000000001,1.1042299999999998,1.1044,0.00015395343361457314
2020-02-04 19:35:00+00:00,1.1044100000000001,1.1044200000000002,1.10432,1.10439,-9.054690329635129e-06
2020-02-04 19:40:00+00:00,1.10439,1.1044100000000001,1.1043,1.10433,-5.432863390641973e-05
2020-02-04 19:45:00+00:00,1.10432,1.1044200000000002,1.10432,1.1044100000000001,7.244211422308133e-05
2020-02-04 19:50:00+00:00,1.1044100000000001,1.10443,1.10432,1.10443,1.8109216685768814e-05
2020-02-04 19:55:00+00:00,1.1044200000000002,1.10446,1.10418,1.1042,-0.00020825222060238957
2020-02-04 20:00:00+00:00,1.1042100000000001,1.10439,1.1042100000000001,1.10432,0.00010867596449903871
2020-02-04 20:05:00+00:00,1.10433,1.10435,1.10427,1.10428,-3.6221385105839055e-05
2020-02-04 20:10:00+00:00,1.10428,1.10436,1.10427,1.10432,3.622269714198545e-05
2020-02-04 20:15:00+00:00,1.1043100000000001,1.1043100000000001,1.10414,1.10418,-0.00012677484787015914
2020-02-04 20:20:00+00:00,1.10418,1.1042399999999999,1.10412,1.10418,0.0
2020-02-04 20:25:00+00:00,1.10419,1.10436,1.10416,1.1043399999999999,0.0001449039105942962
2020-02-04 20:30:00+00:00,1.10433,1.1044200000000002,1.10432,1.10439,4.527591140424114e-05
2020-02-04 20:35:00+00:00,1.10439,1.10439,1.10432,1.10432,-6.338340622424887e-05
2020-02-04 20:40:00+00:00,1.10432,1.10443,1.10432,1.1044200000000002,9.055346276465315e-05
2020-02-04 20:45:00+00:00,1.1044200000000002,1.10445,1.10427,1.1043100000000001,-9.959978993501206e-05
2020-02-04 20:50:00+00:00,1.10432,1.1043399999999999,1.1042399999999999,1.10427,-3.62217131059106e-05
2020-02-04 20:55:00+00:00,1.10428,1.10447,1.10427,1.1044399999999999,0.00015394785695499458
2020-02-04 21:00:00+00:00,1.10443,1.1045399999999999,1.1044200000000002,1.1045399999999999,9.054362391802684e-05
2020-02-04 21:05:00+00:00,1.1045399999999999,1.1045399999999999,1.1045,1.10453,-9.053542651127344e-06
2020-02-04 21:10:00+00:00,1.1045200000000002,1.10455,1.10445,1.10445,-7.24289969490366e-05
2020-02-04 21:15:00+00:00,1.1044399999999999,1.1045200000000002,1.1044100000000001,1.1044200000000002,-2.716284123294166e-05
2020-02-04 21:20:00+00:00,1.1044100000000001,1.10446,1.10436,1.10445,2.716357907295297e-05
2020-02-04 21:25:00+00:00,1.10446,1.10458,1.1044100000000001,1.10456,9.959708452167426e-05
2020-02-04 21:30:00+00:00,1.10456,1.10457,1.10453,1.10456,0.0
2020-02-04 21:35:00+00:00,1.10455,1.10458,1.1045399999999999,1.10456,0.0
2020-02-04 21:40:00+00:00,1.10456,1.10456,1.10439,1.1044,-0.00014485405953501562
2020-02-04 21:45:00+00:00,1.10439,1.1045399999999999,1.10439,1.1045,9.05469032959072e-05
2020-02-04 21:50:00+00:00,1.1045200000000002,1.10458,1.10449,1.10449,-9.053870529740493e-06
2020-02-04 21:55:00+00:00,1.10448,1.10449,1.10439,1.10446,-2.7161857508839482e-05
2020-02-04 22:00:00+00:00,1.10448,1.1045200000000002,1.10448,1.10449,2.7162595295449066e-05
2020-02-04 22:05:00+00:00,1.10449,1.10449,1.1043399999999999,1.10437,-0.00010864743003546895
2020-02-04 22:10:00+00:00,1.10438,1.10445,1.10436,1.1044399999999999,6.338455408938515e-05
2020-02-04 22:15:00+00:00,1.10445,1.1045200000000002,1.10425,1.10428,-0.00014486979826877633
2020-02-04 22:20:00+00:00,1.10427,1.10437,1.10427,1.1043399999999999,5.4334045713089196e-05
2020-02-04 22:25:00+00:00,1.1043399999999999,1.10437,1.1043,1.1043399999999999,0.0
2020-02-04 22:30:00+00:00,1.10436,1.1045399999999999,1.1043399999999999,1.1044200000000002,7.244145824691905e-05
2020-02-04 22:35:00+00:00,1.1044200000000002,1.1045200000000002,1.10439,1.1044,-1.810905271559804e-05
2020-02-04 22:40:00+00:00,1.1044,1.1044200000000002,1.10433,1.10438,-1.8109380659270258e-05
2020-02-04 22:45:00+00:00,1.10438,1.10448,1.1043399999999999,1.10446,7.243883445928745e-05
2020-02-04 22:50:00+00:00,1.10448,1.1045399999999999,1.1044100000000001,1.10448,1.8108396863558696e-05
2020-02-04 22:55:00+00:00,1.10448,1.1045399999999999,1.1044100000000001,1.1045200000000002,3.621613791127132e-05
2020-02-04 23:00:00+00:00,1.10451,1.10458,1.1045,1.10456,3.6214826349745266e-05
2020-02-04 23:05:00+00:00,1.10456,1.10459,1.1045200000000002,1.10455,-9.053378721035621e-06
2020-02-04 23:10:00+00:00,1.10456,1.10457,1.10451,1.10456,9.053460685359838e-06
2020-02-04 23:15:00+00:00,1.10456,1.10458,1.10456,1.10457,9.053378720924599e-06
2020-02-04 23:20:00+00:00,1.10456,1.10457,1.10451,1.1045200000000002,-4.5266483789996315e-05
2020-02-04 23:25:00+00:00,1.1045200000000002,1.10453,1.10448,1.10453,9.053706587325294e-06
2020-02-04 23:30:00+00:00,1.1045200000000002,1.1045200000000002,1.10446,1.10446,-6.337537233036539e-05
2020-02-04 23:35:00+00:00,1.10447,1.10447,1.10445,1.10446,0.0
2020-02-04 23:40:00+00:00,1.10446,1.1045200000000002,1.1044,1.1045200000000002,5.4325190591120176e-05
2020-02-04 23:45:00+00:00,1.1045200000000002,1.1045200000000002,1.10445,1.10446,-5.432223952506199e-05
2020-02-04 23:50:00+00:00,1.10445,1.10447,1.10445,1.10446,0.0
2020-02-04 23:55:00+00:00,1.10447,1.10447,1.10446,1.10447,9.05419843189037e-06
