GBPJPY_timestamp,open,high,low,close,Returns
2020-02-03 00:05:00+00:00,142.85399999999998,142.8955,142.8535,142.888,0.0002415061584071232
2020-02-03 00:10:00+00:00,142.8875,142.9255,142.876,142.918,0.0002099546497955629
2020-02-03 00:15:00+00:00,142.9185,142.92,142.888,142.912,-4.1982115618788285e-05
2020-02-03 00:20:00+00:00,142.9115,142.928,142.9015,142.914,1.3994626063551507e-05
2020-02-03 00:25:00+00:00,142.9145,142.92,142.906,142.9085,-3.848468309597397e-05
2020-02-03 00:30:00+00:00,142.906,142.9395,142.898,142.9305,0.000153944656895888
2020-02-03 00:35:00+00:00,142.931,143.033,142.9215,143.023,0.0006471676793966541
2020-02-03 00:40:00+00:00,143.024,143.042,143.0015,143.036,9.089447151855445e-05
2020-02-03 00:45:00+00:00,143.0355,143.076,142.9815,142.9815,-0.00038102295925490637
2020-02-03 00:50:00+00:00,142.982,143.036,142.9785,143.02200000000002,0.00028325342789115027
2020-02-03 00:55:00+00:00,143.0215,143.0235,142.9425,142.9485,-0.0005139069513783179
2020-02-03 01:00:00+00:00,142.94799999999998,142.954,142.849,142.873,-0.0005281622402474317
2020-02-03 01:05:00+00:00,142.8735,142.9685,142.856,142.9515,0.0005494390122697812
2020-02-03 01:10:00+00:00,142.9505,143.00799999999998,142.936,142.938,-9.443762394956146e-05
2020-02-03 01:15:00+00:00,142.9385,142.9775,142.9165,142.9735,0.0002483594285636048
2020-02-03 01:20:00+00:00,142.9725,142.996,142.8935,142.92700000000002,-0.00032523509601412037
2020-02-03 01:25:00+00:00,142.9265,142.975,142.876,142.95,0.00016092130947953365
2020-02-03 01:30:00+00:00,142.94899999999998,143.056,142.928,143.0155,0.0004582021685906046
2020-02-03 01:35:00+00:00,143.016,143.0945,142.9835,143.047,0.0002202558463941795
2020-02-03 01:40:00+00:00,143.0465,143.111,143.0335,143.036,-7.689780282005287e-05
2020-02-03 01:45:00+00:00,143.0365,143.07399999999998,142.9855,143.0315,-3.146061131464872e-05
2020-02-03 01:50:00+00:00,143.0325,143.09,143.0325,143.063,0.00022023120781078376
2020-02-03 01:55:00+00:00,143.0635,143.0785,143.036,143.048,-0.00010484891271667074
2020-02-03 02:00:00+00:00,143.047,143.061,143.00799999999998,143.028,-0.00013981320955214205
2020-02-03 02:05:00+00:00,143.02700000000002,143.034,142.94799999999998,142.9705,-0.0004020191850546695
2020-02-03 02:10:00+00:00,142.9695,142.9715,142.9215,142.9265,-0.0003077557957759103
2020-02-03 02:15:00+00:00,142.9275,142.96,142.9015,142.9395,9.095584093921083e-05
2020-02-03 02:20:00+00:00,142.94,143.0065,142.9225,142.9835,0.0003078225403054802
2020-02-03 02:25:00+00:00,142.984,143.0275,142.984,143.01,0.0001853360702459561
2020-02-03 02:30:00+00:00,143.0095,143.0195,142.94899999999998,142.986,-0.00016782043213758868
2020-02-03 02:35:00+00:00,142.9865,143.025,142.982,142.9955,6.644007105593985e-05
2020-02-03 02:40:00+00:00,142.996,142.996,142.9585,142.9725,-0.00016084422237061524
2020-02-03 02:45:00+00:00,142.972,142.9725,142.9055,142.9115,-0.0004266554757034191
2020-02-03 02:50:00+00:00,142.9125,142.939,142.89600000000002,142.938,0.00018542944409660755
2020-02-03 02:55:00+00:00,142.9375,142.939,142.9115,142.916,-0.00015391288530686165
2020-02-03 03:00:00+00:00,142.9155,142.9315,142.876,142.889,-0.00018892216406829476
2020-02-03 03:05:00+00:00,142.8885,142.898,142.8465,142.866,-0.00016096410500454628
2020-02-03 03:10:00+00:00,142.8665,142.872,142.8375,142.868,1.3999132053577057e-05
2020-02-03 03:15:00+00:00,142.8675,142.8935,142.8575,142.8935,0.00017848643503093342
2020-02-03 03:20:00+00:00,142.8925,142.9015,142.863,142.886,-5.248664214951848e-05
2020-02-03 03:25:00+00:00,142.885,142.888,142.828,142.855,-0.00021695617485273377
2020-02-03 03:30:00+00:00,142.8545,142.8615,142.816,142.8515,-2.450036750556439e-05
2020-02-03 03:35:00+00:00,142.851,142.8555,142.7895,142.7935,-0.00040601603763346095
2020-02-03 03:40:00+00:00,142.793,142.8125,142.773,142.8085,0.00010504679834877351
2020-02-03 03:45:00+00:00,142.8095,142.8455,142.80200000000002,142.8245,0.00011203814898963493
2020-02-03 03:50:00+00:00,142.825,142.851,142.8085,142.8315,4.9011199058979216e-05
2020-02-03 03:55:00+00:00,142.83100000000002,142.8435,142.795,142.83,-1.0501885088332052e-05
2020-02-03 04:00:00+00:00,142.8295,142.8355,142.804,142.811,-0.00013302527480230086
2020-02-03 04:05:00+00:00,142.8115,142.8185,142.799,142.8175,4.551470124836143e-05
2020-02-03 04:10:00+00:00,142.817,142.8195,142.80200000000002,142.81,-5.2514572793871395e-05
2020-02-03 04:15:00+00:00,142.809,142.863,142.8085,142.862,0.0003641201596527033
2020-02-03 04:20:00+00:00,142.8615,142.878,142.822,142.8315,-0.00021349274124671247
2020-02-03 04:25:00+00:00,142.832,142.8455,142.8245,142.8455,9.801759415806188e-05
2020-02-03 04:30:00+00:00,142.8465,142.8625,142.8275,142.859,9.450770237795503e-05
2020-02-03 04:35:00+00:00,142.8585,142.9005,142.849,142.889,0.00020999727003556679
2020-02-03 04:40:00+00:00,142.8885,142.8885,142.8535,142.8655,-0.00016446332467867641
2020-02-03 04:45:00+00:00,142.8655,142.8705,142.847,142.8555,-6.999590523948385e-05
2020-02-03 04:50:00+00:00,142.855,142.857,142.826,142.832,-0.00016450189177186214
2020-02-03 04:55:00+00:00,142.8325,142.8325,142.796,142.8035,-0.00019953511818060488
2020-02-03 05:00:00+00:00,142.803,142.8435,142.7975,142.8295,0.00018206836667156168
2020-02-03 05:05:00+00:00,142.829,142.8445,142.8165,142.839,6.651287024039831e-05
2020-02-03 05:10:00+00:00,142.8385,142.86700000000002,142.832,142.8585,0.00013651733770192465
2020-02-03 05:15:00+00:00,142.858,142.9015,142.8535,142.856,-1.749983375154418e-05
2020-02-03 05:20:00+00:00,142.8565,142.9085,142.85399999999998,142.89600000000002,0.0002800022400180069
2020-02-03 05:25:00+00:00,142.8955,142.906,142.8435,142.877,-0.00013296383383720745
2020-02-03 05:30:00+00:00,142.876,142.8925,142.8545,142.873,-2.7996108541095133e-05
2020-02-03 05:35:00+00:00,142.8735,142.8795,142.857,142.8615,-8.049106549157248e-05
2020-02-03 05:40:00+00:00,142.862,142.878,142.851,142.868,4.5498612292194096e-05
2020-02-03 05:45:00+00:00,142.869,142.877,142.85299999999998,142.8705,1.749867010114592e-05
2020-02-03 05:50:00+00:00,142.871,142.8745,142.8325,142.838,-0.00022747873073869496
2020-02-03 05:55:00+00:00,142.8385,142.866,142.8365,142.8615,0.0001645220459542962
2020-02-03 06:00:00+00:00,142.862,142.864,142.8305,142.8355,-0.0001819944491693315
2020-02-03 06:05:00+00:00,142.8345,142.8515,142.819,142.82399999999998,-8.051219759797057e-05
2020-02-03 06:10:00+00:00,142.8235,142.825,142.805,142.80700000000002,-0.00011902761440629739
2020-02-03 06:15:00+00:00,142.8075,142.8275,142.803,142.804,-2.1007373588233236e-05
2020-02-03 06:20:00+00:00,142.8045,142.8175,142.8005,142.8105,4.5516932298816926e-05
2020-02-03 06:25:00+00:00,142.811,142.828,142.7835,142.805,-3.851257435538713e-05
2020-02-03 06:30:00+00:00,142.806,142.813,142.7935,142.799,-4.201533559744508e-05
2020-02-03 06:35:00+00:00,142.7995,142.8035,142.7565,142.774,-0.0001750712540004029
2020-02-03 06:40:00+00:00,142.7745,142.779,142.739,142.7495,-0.0001715998711249167
2020-02-03 06:45:00+00:00,142.749,142.769,142.7285,142.767,0.00012259237335321416
2020-02-03 06:50:00+00:00,142.7675,142.804,142.767,142.779,8.405303746661374e-05
2020-02-03 06:55:00+00:00,142.7795,142.792,142.747,142.759,-0.00014007662191228842
2020-02-03 07:00:00+00:00,142.7595,142.811,142.7195,142.7855,0.00018562752611073208
2020-02-03 07:05:00+00:00,142.786,142.8055,142.756,142.7695,-0.00011205619618248619
2020-02-03 07:10:00+00:00,142.769,142.7935,142.7395,142.7395,-0.00021012891408878076
2020-02-03 07:15:00+00:00,142.739,142.7775,142.725,142.7665,0.00018915576977662774
2020-02-03 07:20:00+00:00,142.766,142.83100000000002,142.7465,142.8235,0.00039925332623536036
2020-02-03 07:25:00+00:00,142.82299999999998,142.8865,142.81799999999998,142.8425,0.0001330313288780971
2020-02-03 07:30:00+00:00,142.8415,142.866,142.8155,142.8415,-7.0007175735353755e-06
2020-02-03 07:35:00+00:00,142.841,142.8805,142.812,142.8775,0.0002520275970219199
2020-02-03 07:40:00+00:00,142.877,142.9355,142.8675,142.9315,0.00037794614267472326
2020-02-03 07:45:00+00:00,142.93200000000002,142.9455,142.8965,142.899,-0.0002273816478522983
2020-02-03 07:50:00+00:00,142.8995,142.9005,142.8295,142.83700000000002,-0.0004338728752474319
2020-02-03 07:55:00+00:00,142.8365,142.8685,142.754,142.77100000000002,-0.0004620651511862972
2020-02-03 08:00:00+00:00,142.7715,142.825,142.7305,142.77200000000002,7.004223546935862e-06
2020-02-03 08:05:00+00:00,142.7725,142.779,142.67,142.68,-0.0006443840528955747
2020-02-03 08:10:00+00:00,142.6795,142.7145,142.6445,142.6885,5.957387160071548e-05
2020-02-03 08:15:00+00:00,142.69,142.6995,142.5405,142.5825,-0.0007428769662586321
2020-02-03 08:20:00+00:00,142.582,142.605,142.4835,142.5485,-0.0002384584363439579
2020-02-03 08:25:00+00:00,142.548,142.591,142.5235,142.589,0.00028411382792525863
2020-02-03 08:30:00+00:00,142.5885,142.5985,142.471,142.472,-0.0008205401538687873
2020-02-03 08:35:00+00:00,142.4715,142.5215,142.4565,142.512,0.0002807569206579874
2020-02-03 08:40:00+00:00,142.5115,142.548,142.4755,142.5235,8.069495902107704e-05
2020-02-03 08:45:00+00:00,142.5245,142.58100000000002,142.4965,142.5185,-3.508193385670655e-05
2020-02-03 08:50:00+00:00,142.52100000000002,142.5885,142.5025,142.5075,-7.718296221193022e-05
2020-02-03 08:55:00+00:00,142.50799999999998,142.516,142.41899999999998,142.477,-0.00021402382330748537
2020-02-03 09:00:00+00:00,142.47899999999998,142.47899999999998,142.3485,142.371,-0.0007439797300616835
2020-02-03 09:05:00+00:00,142.3715,142.40200000000002,142.332,142.35299999999998,-0.00012643024211411724
2020-02-03 09:10:00+00:00,142.3525,142.3575,142.285,142.295,-0.0004074378481661034
2020-02-03 09:15:00+00:00,142.296,142.3025,142.2415,142.259,-0.0002529955374398485
2020-02-03 09:20:00+00:00,142.2585,142.2645,142.1935,142.1985,-0.00042528065008184956
2020-02-03 09:25:00+00:00,142.19899999999998,142.267,142.1895,142.25799999999998,0.00041842916767742544
2020-02-03 09:30:00+00:00,142.26,142.2825,142.2125,142.2465,-8.083903892919242e-05
2020-02-03 09:35:00+00:00,142.2455,142.2645,142.1905,142.1975,-0.00034447244747681793
2020-02-03 09:40:00+00:00,142.197,142.2245,142.17600000000002,142.1785,-0.00013361697638836212
2020-02-03 09:45:00+00:00,142.179,142.195,142.1555,142.1575,-0.00014770165672040036
2020-02-03 09:50:00+00:00,142.157,142.22799999999998,142.1555,142.18,0.00015827515255972813
2020-02-03 09:55:00+00:00,142.1795,142.1825,141.9325,141.942,-0.001673934449289649
2020-02-03 10:00:00+00:00,141.9415,141.947,141.702,141.842,-0.000704513110988958
2020-02-03 10:05:00+00:00,141.8415,141.858,141.7695,141.7985,-0.0003066792628418913
2020-02-03 10:10:00+00:00,141.798,141.8665,141.77200000000002,141.8395,0.00028914269191848696
2020-02-03 10:15:00+00:00,141.839,141.8435,141.79,141.813,-0.00018683088984383645
2020-02-03 10:20:00+00:00,141.8125,141.912,141.798,141.8055,-5.288654777768631e-05
2020-02-03 10:25:00+00:00,141.8045,141.893,141.7905,141.886,0.0005676789687283357
2020-02-03 10:30:00+00:00,141.8865,141.8865,141.76,141.782,-0.0007329828171911412
2020-02-03 10:35:00+00:00,141.7815,141.817,141.748,141.754,-0.0001974862817566425
2020-02-03 10:40:00+00:00,141.7545,141.7545,141.6155,141.7085,-0.00032097859672397533
2020-02-03 10:45:00+00:00,141.709,141.761,141.697,141.709,3.528369858063485e-06
2020-02-03 10:50:00+00:00,141.7095,141.7235,141.588,141.5925,-0.0008221072761787074
2020-02-03 10:55:00+00:00,141.592,141.645,141.5705,141.592,-3.5312604833581673e-06
2020-02-03 11:00:00+00:00,141.5915,141.6745,141.5915,141.645,0.00037431493304707075
2020-02-03 11:05:00+00:00,141.6445,141.711,141.6365,141.648,2.117970983794848e-05
2020-02-03 11:10:00+00:00,141.6475,141.782,141.641,141.779,0.0009248277420084161
2020-02-03 11:15:00+00:00,141.7785,141.858,141.7735,141.80200000000002,0.00016222430684398326
2020-02-03 11:20:00+00:00,141.8015,141.815,141.7065,141.72799999999998,-0.000521854416722145
2020-02-03 11:25:00+00:00,141.7275,141.7615,141.69,141.75,0.0001552269135245421
2020-02-03 11:30:00+00:00,141.7495,141.7635,141.718,141.7455,-3.17460317460494e-05
2020-02-03 11:35:00+00:00,141.746,141.7635,141.6545,141.655,-0.0006384682406143094
2020-02-03 11:40:00+00:00,141.6545,141.67600000000002,141.5965,141.649,-4.2356429353018754e-05
2020-02-03 11:45:00+00:00,141.6485,141.674,141.6175,141.645,-2.8238815664050065e-05
2020-02-03 11:50:00+00:00,141.6455,141.6495,141.592,141.606,-0.0002753362278937743
2020-02-03 11:55:00+00:00,141.608,141.7535,141.608,141.74,0.0009462875866843579
2020-02-03 12:00:00+00:00,141.7395,141.747,141.66,141.6635,-0.0005397206152110146
2020-02-03 12:05:00+00:00,141.665,141.709,141.653,141.685,0.00015176809834582805
2020-02-03 12:10:00+00:00,141.6855,141.6885,141.6395,141.6875,1.7644775381908673e-05
2020-02-03 12:15:00+00:00,141.688,141.722,141.6705,141.7025,0.0001058667842963601
2020-02-03 12:20:00+00:00,141.7035,141.7205,141.6835,141.686,-0.00011644113547737422
2020-02-03 12:25:00+00:00,141.6855,141.7355,141.679,141.7345,0.00034230622644426667
2020-02-03 12:30:00+00:00,141.734,141.77,141.6965,141.74200000000002,5.29158391218143e-05
2020-02-03 12:35:00+00:00,141.7415,141.7435,141.704,141.7045,-0.00026456519591955274
2020-02-03 12:40:00+00:00,141.704,141.735,141.6435,141.735,0.000215236636804228
2020-02-03 12:45:00+00:00,141.7355,141.752,141.70600000000002,141.733,-1.4110840653391854e-05
2020-02-03 12:50:00+00:00,141.7325,141.733,141.664,141.66899999999998,-0.00045155327270307577
2020-02-03 12:55:00+00:00,141.67,141.685,141.63299999999998,141.67600000000002,4.941095087862557e-05
2020-02-03 13:00:00+00:00,141.675,141.7025,141.6385,141.6425,-0.0002364550100228957
2020-02-03 13:05:00+00:00,141.642,141.6605,141.6105,141.6585,0.00011296044619379941
2020-02-03 13:10:00+00:00,141.659,141.685,141.6545,141.6655,4.941461331298136e-05
2020-02-03 13:15:00+00:00,141.665,141.7565,141.6635,141.752,0.0006105932637092693
2020-02-03 13:20:00+00:00,141.7515,141.79399999999998,141.7375,141.7805,0.00020105536429815274
2020-02-03 13:25:00+00:00,141.78,141.839,141.773,141.7935,9.169102944350804e-05
2020-02-03 13:30:00+00:00,141.793,141.793,141.721,141.7295,-0.0004513606053873076
2020-02-03 13:35:00+00:00,141.72899999999998,141.734,141.6815,141.703,-0.0001869758942210087
2020-02-03 13:40:00+00:00,141.7035,141.7575,141.69299999999998,141.733,0.00021171040838940947
2020-02-03 13:45:00+00:00,141.7325,141.7485,141.701,141.724,-6.349967897389952e-05
2020-02-03 13:50:00+00:00,141.7235,141.7235,141.654,141.6725,-0.00036338234879040865
2020-02-03 13:55:00+00:00,141.672,141.762,141.6515,141.748,0.000532919232737239
2020-02-03 14:00:00+00:00,141.749,141.755,141.6535,141.666,-0.0005784914072861636
2020-02-03 14:05:00+00:00,141.6665,141.674,141.6215,141.6255,-0.00028588369827631244
2020-02-03 14:10:00+00:00,141.626,141.63,141.455,141.471,-0.0010909052395224883
2020-02-03 14:15:00+00:00,141.4705,141.486,141.389,141.4285,-0.00030041492602717046
2020-02-03 14:20:00+00:00,141.429,141.4435,141.38,141.429,3.535355320716249e-06
2020-02-03 14:25:00+00:00,141.4295,141.4765,141.3905,141.441,8.48482277326923e-05
2020-02-03 14:30:00+00:00,141.4405,141.4805,141.409,141.45,6.363077184112775e-05
2020-02-03 14:35:00+00:00,141.451,141.506,141.3705,141.3915,-0.000413573700954295
2020-02-03 14:40:00+00:00,141.392,141.461,141.392,141.438,0.0003288740836611126
2020-02-03 14:45:00+00:00,141.4375,141.5325,141.4305,141.483,0.00031816060747469344
2020-02-03 14:50:00+00:00,141.4815,141.535,141.465,141.52200000000002,0.0002756514916988362
2020-02-03 14:55:00+00:00,141.5225,141.6195,141.5085,141.5165,-3.886321561319406e-05
2020-02-03 15:00:00+00:00,141.5205,141.7005,141.5065,141.6045,0.0006218356163414374
2020-02-03 15:05:00+00:00,141.60399999999998,141.6045,141.4295,141.4705,-0.0009462976105986121
2020-02-03 15:10:00+00:00,141.471,141.5475,141.4685,141.524,0.00037817071403578595
2020-02-03 15:15:00+00:00,141.5245,141.589,141.509,141.57399999999998,0.00035329696729879956
2020-02-03 15:20:00+00:00,141.5745,141.649,141.5165,141.5385,-0.0002507522567701814
2020-02-03 15:25:00+00:00,141.539,141.6515,141.537,141.6375,0.0006994563316693458
2020-02-03 15:30:00+00:00,141.637,141.6385,141.536,141.5385,-0.0006989674344717312
2020-02-03 15:35:00+00:00,141.539,141.54399999999998,141.469,141.4705,-0.0004804346520559388
2020-02-03 15:40:00+00:00,141.47,141.47,141.3725,141.4325,-0.0002686072361374192
2020-02-03 15:45:00+00:00,141.43200000000002,141.4485,141.3915,141.4255,-4.949357467343152e-05
2020-02-03 15:50:00+00:00,141.42600000000002,141.4795,141.4165,141.4275,1.4141721259575135e-05
2020-02-03 15:55:00+00:00,141.428,141.498,141.407,141.463,0.0002510120026160134
2020-02-03 16:00:00+00:00,141.46200000000002,141.5115,141.451,141.5005,0.0002650869838756176
2020-02-03 16:05:00+00:00,141.5,141.501,141.39600000000002,141.43200000000002,-0.0004840972293381762
2020-02-03 16:10:00+00:00,141.4325,141.4375,141.377,141.3865,-0.0003217093727021503
2020-02-03 16:15:00+00:00,141.3875,141.422,141.3505,141.38,-4.597327184718836e-05
2020-02-03 16:20:00+00:00,141.3805,141.393,141.3365,141.361,-0.00013438958834355308
2020-02-03 16:25:00+00:00,141.3615,141.378,141.2605,141.2645,-0.0006826493870303318
2020-02-03 16:30:00+00:00,141.264,141.335,141.245,141.251,-9.556541098432181e-05
2020-02-03 16:35:00+00:00,141.2515,141.2555,141.184,141.208,-0.00030442262355667715
2020-02-03 16:40:00+00:00,141.2085,141.211,141.1305,141.149,-0.00041782335278450766
2020-02-03 16:45:00+00:00,141.1485,141.2055,141.1165,141.196,0.0003329814593089342
2020-02-03 16:50:00+00:00,141.1955,141.2045,141.1625,141.168,-0.00019830590101699297
2020-02-03 16:55:00+00:00,141.1685,141.244,141.16,141.2325,0.0004569024141447553
2020-02-03 17:00:00+00:00,141.232,141.233,141.168,141.19899999999998,-0.00023719752889739265
2020-02-03 17:05:00+00:00,141.1985,141.2165,141.148,141.1555,-0.0003080758362310476
2020-02-03 17:10:00+00:00,141.155,141.16,141.071,141.1435,-8.50126279174912e-05
2020-02-03 17:15:00+00:00,141.144,141.1505,141.0765,141.0905,-0.0003755043625813803
2020-02-03 17:20:00+00:00,141.091,141.1785,141.089,141.1545,0.0004536095626568315
2020-02-03 17:25:00+00:00,141.155,141.1825,141.1165,141.139,-0.00010980875565425041
2020-02-03 17:30:00+00:00,141.1395,141.1955,141.13299999999998,141.1545,0.00010982081494126383
2020-02-03 17:35:00+00:00,141.1555,141.2265,141.1555,141.221,0.00047111498393603846
2020-02-03 17:40:00+00:00,141.2215,141.25,141.188,141.2295,6.0189348609629434e-05
2020-02-03 17:45:00+00:00,141.23,141.251,141.1985,141.215,-0.00010266976800166194
2020-02-03 17:50:00+00:00,141.2155,141.2885,141.2075,141.2845,0.0004921573487235431
2020-02-03 17:55:00+00:00,141.285,141.3615,141.285,141.322,0.0002654218969526667
2020-02-03 18:00:00+00:00,141.32299999999998,141.374,141.3175,141.369,0.0003325738384680754
2020-02-03 18:05:00+00:00,141.36700000000002,141.3675,141.2975,141.299,-0.0004951580615268902
2020-02-03 18:10:00+00:00,141.298,141.298,141.219,141.2505,-0.0003432437596870841
2020-02-03 18:15:00+00:00,141.248,141.262,141.2255,141.2425,-5.6636967656564785e-05
2020-02-03 18:20:00+00:00,141.24200000000002,141.25799999999998,141.2045,141.214,-0.00020178062552000942
2020-02-03 18:25:00+00:00,141.2135,141.2245,141.1865,141.1955,-0.00013100684068145796
2020-02-03 18:30:00+00:00,141.195,141.2185,141.1675,141.179,-0.00011685924834725636
2020-02-03 18:35:00+00:00,141.1785,141.2145,141.1705,141.1995,0.00014520573173060214
2020-02-03 18:40:00+00:00,141.2,141.2035,141.1695,141.1725,-0.00019121880743189212
2020-02-03 18:45:00+00:00,141.173,141.1775,141.0775,141.0855,-0.0006162673325188495
2020-02-03 18:50:00+00:00,141.085,141.15,141.0815,141.143,0.000407554284458822
2020-02-03 18:55:00+00:00,141.142,141.2315,141.141,141.213,0.0004959509150292973
2020-02-03 19:00:00+00:00,141.2135,141.2345,141.159,141.1615,-0.0003646973012400023
2020-02-03 19:05:00+00:00,141.161,141.1775,141.1415,141.167,3.896246497814282e-05
2020-02-03 19:10:00+00:00,141.1675,141.196,141.125,141.131,-0.00025501710739761485
2020-02-03 19:15:00+00:00,141.1315,141.178,141.1175,141.17,0.00027633900418755353
2020-02-03 19:20:00+00:00,141.1705,141.1865,141.114,141.135,-0.0002479280300347053
2020-02-03 19:25:00+00:00,141.1355,141.1675,141.124,141.165,0.00021256244021672366
2020-02-03 19:30:00+00:00,141.1655,141.197,141.136,141.136,-0.00020543335812694963
2020-02-03 19:35:00+00:00,141.1355,141.2005,141.131,141.19799999999998,0.0004392925972109829
2020-02-03 19:40:00+00:00,141.1985,141.255,141.1825,141.252,0.00038244167764434067
2020-02-03 19:45:00+00:00,141.2515,141.274,141.24200000000002,141.2585,4.601704754625402e-05
2020-02-03 19:50:00+00:00,141.259,141.27700000000002,141.239,141.26,1.0618830017294911e-05
2020-02-03 19:55:00+00:00,141.2605,141.292,141.2485,141.2645,3.185615177692114e-05
2020-02-03 20:00:00+00:00,141.264,141.269,141.2405,141.2685,2.83156773286386e-05
2020-02-03 20:05:00+00:00,141.269,141.2985,141.2655,141.2945,0.00018404669122995543
2020-02-03 20:10:00+00:00,141.2955,141.3085,141.2755,141.297,1.7693540796059892e-05
2020-02-03 20:15:00+00:00,141.2975,141.298,141.2815,141.2875,-6.72342654125524e-05
2020-02-03 20:20:00+00:00,141.2885,141.32,141.2865,141.3095,0.00015571087321974986
2020-02-03 20:25:00+00:00,141.3085,141.32,141.2795,141.28799999999998,-0.00015214829859300227
2020-02-03 20:30:00+00:00,141.2895,141.295,141.22799999999998,141.235,-0.0003751203216123544
2020-02-03 20:35:00+00:00,141.234,141.2445,141.213,141.2295,-3.8942188551049917e-05
2020-02-03 20:40:00+00:00,141.22899999999998,141.2565,141.2225,141.2295,0.0
2020-02-03 20:45:00+00:00,141.23,141.2355,141.1765,141.19799999999998,-0.0002230412201418286
2020-02-03 20:50:00+00:00,141.1975,141.2125,141.1575,141.1755,-0.00015935069901829024
2020-02-03 20:55:00+00:00,141.1745,141.2275,141.1515,141.20600000000002,0.00021604315196355195
2020-02-03 21:00:00+00:00,141.2065,141.2185,141.1865,141.205,-7.081852046009196e-06
2020-02-03 21:05:00+00:00,141.2055,141.232,141.2035,141.213,5.665521759135039e-05
2020-02-03 21:10:00+00:00,141.21200000000002,141.2455,141.21200000000002,141.245,0.00022660803183849332
2020-02-03 21:15:00+00:00,141.2445,141.255,141.222,141.237,-5.663917306819588e-05
2020-02-03 21:20:00+00:00,141.2375,141.254,141.2345,141.2535,0.00011682491131925765
2020-02-03 21:25:00+00:00,141.254,141.2565,141.253,141.253,-3.539735298763169e-06
2020-02-03 21:30:00+00:00,141.2535,141.261,141.2505,141.255,1.4158991313628633e-05
2020-02-03 21:35:00+00:00,141.254,141.278,141.254,141.278,0.00016282609465156916
2020-02-03 21:40:00+00:00,141.279,141.2985,141.2735,141.296,0.00012740837214564316
2020-02-03 21:45:00+00:00,141.297,141.3235,141.276,141.3085,8.846676480600557e-05
2020-02-03 21:50:00+00:00,141.3085,141.3085,141.2815,141.2965,-8.49205815645071e-05
2020-02-03 21:55:00+00:00,141.296,141.296,141.232,141.2335,-0.0004458709168310149
2020-02-03 22:00:00+00:00,141.2395,141.245,141.239,141.245,8.14254408481041e-05
2020-02-03 22:05:00+00:00,141.2435,141.26,141.232,141.24,-3.5399483167553036e-05
2020-02-03 22:10:00+00:00,141.2405,141.241,141.1985,141.2075,-0.00023010478617957464
2020-02-03 22:15:00+00:00,141.205,141.211,141.194,141.1995,-5.6654214542484205e-05
2020-02-03 22:20:00+00:00,141.2005,141.2015,141.1885,141.2005,7.082178053119392e-06
2020-02-03 22:25:00+00:00,141.201,141.22,141.19799999999998,141.19799999999998,-1.7705319740546344e-05
2020-02-03 22:30:00+00:00,141.19899999999998,141.203,141.1525,141.159,-0.0002762078782985178
2020-02-03 22:35:00+00:00,141.16,141.2075,141.1525,141.2065,0.000336499975205351
2020-02-03 22:40:00+00:00,141.2085,141.2265,141.205,141.2195,9.206375060633043e-05
2020-02-03 22:45:00+00:00,141.2185,141.2295,141.216,141.2295,7.081175050172028e-05
2020-02-03 22:50:00+00:00,141.226,141.2345,141.22299999999998,141.234,3.1863031448864376e-05
2020-02-03 22:55:00+00:00,141.2345,141.2415,141.2295,141.241,4.956313635529064e-05
2020-02-03 23:00:00+00:00,141.24,141.24200000000002,141.118,141.155,-0.0006088883539483447
2020-02-03 23:05:00+00:00,141.1545,141.173,141.1265,141.1265,-0.00020190570649292194
2020-02-03 23:10:00+00:00,141.1255,141.14600000000002,141.1195,141.129,1.771460356492227e-05
2020-02-03 23:15:00+00:00,141.1295,141.156,141.1225,141.1465,0.00012400002834289658
2020-02-03 23:20:00+00:00,141.14700000000002,141.192,141.14600000000002,141.181,0.0002444268897918711
2020-02-03 23:25:00+00:00,141.18200000000002,141.1825,141.166,141.1725,-6.020640171122693e-05
2020-02-03 23:30:00+00:00,141.1715,141.2035,141.1715,141.1795,4.9584727903617676e-05
2020-02-03 23:35:00+00:00,141.179,141.19799999999998,141.1755,141.1755,-2.833272536018061e-05
2020-02-03 23:40:00+00:00,141.17600000000002,141.191,141.16899999999998,141.191,0.00010979242148967394
2020-02-03 23:45:00+00:00,141.1915,141.2235,141.179,141.202,7.790864856827007e-05
2020-02-03 23:50:00+00:00,141.2025,141.204,141.1775,141.1855,-0.00011685386892545946
2020-02-03 23:55:00+00:00,141.185,141.189,141.164,141.173,-8.853600405134276e-05
2020-02-04 00:00:00+00:00,141.174,141.183,141.0795,141.0985,-0.000527721306482154
2020-02-04 00:05:00+00:00,141.099,141.1295,141.0835,141.1295,0.00021970467439413888
2020-02-04 00:10:00+00:00,141.13,141.154,141.1235,141.1255,-2.834276320695661e-05
2020-02-04 00:15:00+00:00,141.126,141.1325,141.0925,141.1255,0.0
2020-02-04 00:20:00+00:00,141.126,141.1465,141.094,141.09799999999998,-0.00019486201997520602
2020-02-04 00:25:00+00:00,141.099,141.1395,141.0925,141.1235,0.00018072545323133404
2020-02-04 00:30:00+00:00,141.124,141.1665,141.112,141.1665,0.00030469765843399443
2020-02-04 00:35:00+00:00,141.166,141.1785,141.1315,141.139,-0.00019480542479977103
2020-02-04 00:40:00+00:00,141.1395,141.1725,141.1395,141.15,7.79373525390259e-05
2020-02-04 00:45:00+00:00,141.1505,141.151,141.127,141.13,-0.0001416932341481436
2020-02-04 00:50:00+00:00,141.1295,141.1295,141.064,141.064,-0.00046765393608727557
2020-02-04 00:55:00+00:00,141.063,141.107,141.06,141.0805,0.00011696818465378733
2020-02-04 01:00:00+00:00,141.0815,141.216,141.0625,141.0665,-9.923412519807773e-05
2020-02-04 01:05:00+00:00,141.067,141.07,141.0065,141.0125,-0.00038279818383535336
2020-02-04 01:10:00+00:00,141.012,141.034,140.968,141.0175,3.545784948166819e-05
2020-02-04 01:15:00+00:00,141.018,141.0335,140.9905,141.003,-0.00010282411757422949
2020-02-04 01:20:00+00:00,141.0025,141.079,140.9955,141.0445,0.00029431997900752904
2020-02-04 01:25:00+00:00,141.04399999999998,141.048,140.977,140.9825,-0.000439577580125472
2020-02-04 01:30:00+00:00,140.983,141.0595,140.983,141.053,0.0005000620644406428
2020-02-04 01:35:00+00:00,141.0535,141.183,141.0535,141.1455,0.000655781869226546
2020-02-04 01:40:00+00:00,141.145,141.161,141.092,141.11,-0.00025151350910923576
2020-02-04 01:45:00+00:00,141.1105,141.138,141.1025,141.13299999999998,0.0001629934093967389
2020-02-04 01:50:00+00:00,141.1335,141.187,141.1325,141.174,0.00029050611834247064
2020-02-04 01:55:00+00:00,141.1745,141.238,141.167,141.2115,0.0002656296485188392
2020-02-04 02:00:00+00:00,141.2105,141.2105,141.108,141.1285,-0.0005877708260304537
2020-02-04 02:05:00+00:00,141.128,141.129,141.08,141.0905,-0.00026925815834510924
2020-02-04 02:10:00+00:00,141.09,141.1085,141.07299999999998,141.108,0.00012403386478898604
2020-02-04 02:15:00+00:00,141.1085,141.1635,141.1015,141.1095,1.063015562552394e-05
2020-02-04 02:20:00+00:00,141.109,141.1215,141.075,141.1095,0.0
2020-02-04 02:25:00+00:00,141.109,141.142,141.10399999999998,141.131,0.00015236394431283884
2020-02-04 02:30:00+00:00,141.1305,141.1995,141.1295,141.1885,0.00040742289078954386
2020-02-04 02:35:00+00:00,141.1875,141.203,141.1605,141.161,-0.00019477507020759788
2020-02-04 02:40:00+00:00,141.1605,141.1785,141.15200000000002,141.1705,6.72990415200303e-05
2020-02-04 02:45:00+00:00,141.16899999999998,141.184,141.145,141.1595,-7.791996203165841e-05
2020-02-04 02:50:00+00:00,141.159,141.195,141.151,141.1875,0.00019835717751903736
2020-02-04 02:55:00+00:00,141.188,141.19899999999998,141.166,141.187,-3.541389995476152e-06
2020-02-04 03:00:00+00:00,141.1865,141.19299999999998,141.166,141.1805,-4.603823298188203e-05
2020-02-04 03:05:00+00:00,141.1795,141.185,141.1285,141.144,-0.0002585342876670893
2020-02-04 03:10:00+00:00,141.145,141.1805,141.141,141.17600000000002,0.0002267188119935426
2020-02-04 03:15:00+00:00,141.1765,141.191,141.14700000000002,141.188,8.500028333413567e-05
2020-02-04 03:20:00+00:00,141.1885,141.218,141.1885,141.2165,0.0002018585148879648
2020-02-04 03:25:00+00:00,141.2155,141.2235,141.2035,141.2125,-2.832530192997673e-05
2020-02-04 03:30:00+00:00,141.213,141.276,141.213,141.2365,0.00016995662565277847
2020-02-04 03:35:00+00:00,141.237,141.373,141.22899999999998,141.3565,0.0008496387265330974
2020-02-04 03:40:00+00:00,141.357,141.4135,141.3355,141.355,-1.0611468167498472e-05
2020-02-04 03:45:00+00:00,141.3545,141.368,141.2905,141.292,-0.0004456863924161558
2020-02-04 03:50:00+00:00,141.2915,141.3115,141.2615,141.29,-1.4155083090439113e-05
2020-02-04 03:55:00+00:00,141.2905,141.30100000000002,141.266,141.296,4.246585037859241e-05
2020-02-04 04:00:00+00:00,141.2965,141.3375,141.2935,141.3125,0.00011677612954374972
2020-02-04 04:05:00+00:00,141.312,141.341,141.3065,141.319,4.5997346306947406e-05
2020-02-04 04:10:00+00:00,141.3195,141.372,141.319,141.3605,0.00029366185721668714
2020-02-04 04:15:00+00:00,141.3595,141.387,141.356,141.3745,9.903756707152489e-05
2020-02-04 04:20:00+00:00,141.374,141.417,141.3735,141.411,0.00025817951610784817
2020-02-04 04:25:00+00:00,141.41,141.4855,141.398,141.4695,0.00041368776120687123
2020-02-04 04:30:00+00:00,141.469,141.496,141.4345,141.4945,0.000176716536073096
2020-02-04 04:35:00+00:00,141.495,141.556,141.495,141.5165,0.0001554830753141001
2020-02-04 04:40:00+00:00,141.5175,141.5325,141.507,141.5115,-3.533156911028623e-05
2020-02-04 04:45:00+00:00,141.511,141.5285,141.5045,141.5135,1.4133126989612776e-05
2020-02-04 04:50:00+00:00,141.514,141.52,141.457,141.458,-0.0003921887311104655
2020-02-04 04:55:00+00:00,141.4575,141.476,141.4315,141.4395,-0.00013078086781936893
2020-02-04 05:00:00+00:00,141.439,141.4785,141.423,141.4635,0.00016968385776250372
2020-02-04 05:05:00+00:00,141.464,141.4935,141.455,141.4725,6.362065126319649e-05
2020-02-04 05:10:00+00:00,141.47299999999998,141.4735,141.455,141.459,-9.542490590042085e-05
2020-02-04 05:15:00+00:00,141.4585,141.47899999999998,141.4545,141.4695,7.422645430832375e-05
2020-02-04 05:20:00+00:00,141.47,141.567,141.47,141.5545,0.0006008362226486152
2020-02-04 05:25:00+00:00,141.554,141.5555,141.5275,141.535,-0.00013775612926469893
2020-02-04 05:30:00+00:00,141.5355,141.6465,141.533,141.6465,0.0007877910057583204
2020-02-04 05:35:00+00:00,141.64700000000002,141.691,141.6065,141.6795,0.0002329743410531826
2020-02-04 05:40:00+00:00,141.68,141.692,141.626,141.6825,2.117455242300892e-05
2020-02-04 05:45:00+00:00,141.683,141.7025,141.6615,141.666,-0.0001164575723889838
2020-02-04 05:50:00+00:00,141.6665,141.6725,141.613,141.631,-0.00024705998616458835
2020-02-04 05:55:00+00:00,141.6315,141.6585,141.6025,141.6085,-0.0001588635256406512
2020-02-04 06:00:00+00:00,141.609,141.6845,141.575,141.6625,0.00038133304144882807
2020-02-04 06:05:00+00:00,141.662,141.691,141.648,141.655,-5.29427336097843e-05
2020-02-04 06:10:00+00:00,141.6555,141.664,141.6355,141.661,4.2356429353018754e-05
2020-02-04 06:15:00+00:00,141.6615,141.7105,141.6495,141.6685,5.294329420224564e-05
2020-02-04 06:20:00+00:00,141.668,141.67700000000002,141.6545,141.661,-5.294049135828871e-05
2020-02-04 06:25:00+00:00,141.6605,141.701,141.6605,141.6755,0.00010235703545791175
2020-02-04 06:30:00+00:00,141.67600000000002,141.67600000000002,141.6345,141.673,-1.7645958546141927e-05
2020-02-04 06:35:00+00:00,141.672,141.7085,141.65,141.673,0.0
2020-02-04 06:40:00+00:00,141.6725,141.68200000000002,141.6235,141.6275,-0.00032116211275268203
2020-02-04 06:45:00+00:00,141.6265,141.6265,141.4995,141.5025,-0.0008825969532753053
2020-02-04 06:50:00+00:00,141.503,141.57299999999998,141.503,141.571,0.00048409038709573693
2020-02-04 06:55:00+00:00,141.5705,141.6125,141.543,141.543,-0.00019778061891195797
2020-02-04 07:00:00+00:00,141.5425,141.5435,141.403,141.42700000000002,-0.0008195389386970175
2020-02-04 07:05:00+00:00,141.428,141.4335,141.336,141.3715,-0.0003924286027422452
2020-02-04 07:10:00+00:00,141.371,141.39700000000002,141.3245,141.3625,-6.366205352559273e-05
2020-02-04 07:15:00+00:00,141.362,141.3995,141.3135,141.374,8.135113626295265e-05
2020-02-04 07:20:00+00:00,141.375,141.3915,141.3305,141.333,-0.0002900108930921075
2020-02-04 07:25:00+00:00,141.3335,141.338,141.1075,141.151,-0.0012877388861765038
2020-02-04 07:30:00+00:00,141.1505,141.153,141.011,141.1345,-0.00011689609000298251
2020-02-04 07:35:00+00:00,141.134,141.1525,141.0485,141.082,-0.00037198558821560646
2020-02-04 07:40:00+00:00,141.0815,141.082,140.9275,140.9895,-0.0006556470704980333
2020-02-04 07:45:00+00:00,140.991,141.041,140.9595,141.0105,0.0001489472620301857
2020-02-04 07:50:00+00:00,141.011,141.095,140.995,141.0935,0.0005886086497104426
2020-02-04 07:55:00+00:00,141.093,141.101,140.9775,141.0285,-0.0004606874165004049
2020-02-04 08:00:00+00:00,141.0305,141.1605,141.02,141.1515,0.0008721641370361688
2020-02-04 08:05:00+00:00,141.15200000000002,141.249,141.1435,141.237,0.0006057321388719394
2020-02-04 08:10:00+00:00,141.2365,141.2675,141.1635,141.2025,-0.0002442702691222154
2020-02-04 08:15:00+00:00,141.202,141.338,141.19799999999998,141.3115,0.0007719410067101862
2020-02-04 08:20:00+00:00,141.3105,141.398,141.2795,141.3315,0.00014153129787741747
2020-02-04 08:25:00+00:00,141.33100000000002,141.472,141.329,141.4275,0.0006792540940978586
2020-02-04 08:30:00+00:00,141.42700000000002,141.4295,141.3075,141.313,-0.0008096020929453385
2020-02-04 08:35:00+00:00,141.3125,141.441,141.30700000000002,141.437,0.0008774847324735102
2020-02-04 08:40:00+00:00,141.4375,141.5055,141.4375,141.4595,0.00015908142848042317
2020-02-04 08:45:00+00:00,141.459,141.484,141.3895,141.4185,-0.0002898356066577401
2020-02-04 08:50:00+00:00,141.418,141.4755,141.3785,141.445,0.00018738708160537243
2020-02-04 08:55:00+00:00,141.4445,141.63299999999998,141.4285,141.607,0.0011453215030576835
2020-02-04 09:00:00+00:00,141.6075,141.6155,141.5415,141.615,5.649438234001103e-05
2020-02-04 09:05:00+00:00,141.6155,141.7725,141.615,141.752,0.0009674116442466296
2020-02-04 09:10:00+00:00,141.7525,141.7525,141.6595,141.66299999999998,-0.000627857102545426
2020-02-04 09:15:00+00:00,141.6625,141.6625,141.5625,141.589,-0.0005223664612494794
2020-02-04 09:20:00+00:00,141.5895,141.6785,141.589,141.67,0.0005720783394189688
2020-02-04 09:25:00+00:00,141.6705,141.7265,141.6585,141.71,0.0002823462977343816
2020-02-04 09:30:00+00:00,141.7085,141.82,141.6885,141.7305,0.00014466163291237955
2020-02-04 09:35:00+00:00,141.7315,141.9455,141.731,141.904,0.0012241542928304039
2020-02-04 09:40:00+00:00,141.9045,141.921,141.8115,141.85299999999998,-0.000359397902807701
2020-02-04 09:45:00+00:00,141.8535,142.0145,141.8535,141.94899999999998,0.0006767569244217064
2020-02-04 09:50:00+00:00,141.9495,142.0415,141.942,142.0115,0.00044029898062003525
2020-02-04 09:55:00+00:00,142.012,142.08100000000002,141.9645,141.993,-0.0001302711400134049
2020-02-04 10:00:00+00:00,141.9935,142.005,141.8825,141.8995,-0.000658483164663104
2020-02-04 10:05:00+00:00,141.899,141.958,141.8665,141.944,0.0003136022325660459
2020-02-04 10:10:00+00:00,141.9445,141.964,141.8825,141.9375,-4.5792706982905607e-05
2020-02-04 10:15:00+00:00,141.938,142.0175,141.915,141.9215,-0.00011272567151032753
2020-02-04 10:20:00+00:00,141.922,141.933,141.82299999999998,141.82299999999998,-0.0006940456519979321
2020-02-04 10:25:00+00:00,141.8235,141.89700000000002,141.8235,141.8565,0.00023620992363748705
2020-02-04 10:30:00+00:00,141.857,141.874,141.8025,141.817,-0.000278450405867936
2020-02-04 10:35:00+00:00,141.8175,141.834,141.7395,141.7555,-0.0004336574599659304
2020-02-04 10:40:00+00:00,141.7575,141.8485,141.753,141.8465,0.0006419504005135135
2020-02-04 10:45:00+00:00,141.8455,141.8545,141.7695,141.7835,-0.0004441420831672316
2020-02-04 10:50:00+00:00,141.784,141.789,141.7385,141.7525,-0.0002186432130678595
2020-02-04 10:55:00+00:00,141.753,141.8085,141.715,141.75,-1.7636373256135762e-05
2020-02-04 11:00:00+00:00,141.749,141.7995,141.72899999999998,141.792,0.000296296296296239
2020-02-04 11:05:00+00:00,141.7915,141.792,141.737,141.7665,-0.00017984089370337575
2020-02-04 11:10:00+00:00,141.766,141.81799999999998,141.7555,141.812,0.00032095029502743344
2020-02-04 11:15:00+00:00,141.8125,141.908,141.804,141.8845,0.0005112402335485378
2020-02-04 11:20:00+00:00,141.884,141.93,141.877,141.877,-5.2859896605972345e-05
2020-02-04 11:25:00+00:00,141.8785,141.88,141.8365,141.843,-0.00023964419884847654
2020-02-04 11:30:00+00:00,141.8425,141.859,141.8235,141.83100000000002,-8.460057951376054e-05
2020-02-04 11:35:00+00:00,141.8305,141.8315,141.7845,141.80700000000002,-0.00016921547475512444
2020-02-04 11:40:00+00:00,141.8075,141.877,141.787,141.866,0.0004160584456338601
2020-02-04 11:45:00+00:00,141.8655,141.9095,141.86,141.876,7.048905305007125e-05
2020-02-04 11:50:00+00:00,141.875,141.875,141.8085,141.821,-0.00038766246581523056
2020-02-04 11:55:00+00:00,141.8205,141.898,141.8115,141.89,0.0004865287933379925
2020-02-04 12:00:00+00:00,141.894,141.901,141.8575,141.8615,-0.00020085982098794197
2020-02-04 12:05:00+00:00,141.861,141.9395,141.85299999999998,141.917,0.00039122665416613245
2020-02-04 12:10:00+00:00,141.9175,142.0195,141.912,141.996,0.000556663401847679
2020-02-04 12:15:00+00:00,141.9965,142.0245,141.957,141.9905,-3.8733485450359595e-05
2020-02-04 12:20:00+00:00,141.991,142.019,141.9695,141.97899999999998,-8.099133392736046e-05
2020-02-04 12:25:00+00:00,141.9795,142.0385,141.9565,142.0015,0.000158474140542042
2020-02-04 12:30:00+00:00,142.001,142.04399999999998,141.9485,141.964,-0.00026408171744662923
2020-02-04 12:35:00+00:00,141.9635,141.9965,141.934,141.9595,-3.16981770026592e-05
2020-02-04 12:40:00+00:00,141.96,142.004,141.953,141.96200000000002,1.7610656560584914e-05
2020-02-04 12:45:00+00:00,141.9615,141.9665,141.931,141.95,-8.452966286776054e-05
2020-02-04 12:50:00+00:00,141.9505,142.02,141.94799999999998,141.9575,5.283550545986948e-05
2020-02-04 12:55:00+00:00,141.957,142.006,141.94899999999998,142.005,0.00033460718877109663
2020-02-04 13:00:00+00:00,142.004,142.0055,141.9355,141.9835,-0.00015140311960848418
2020-02-04 13:05:00+00:00,141.984,142.0,141.9355,141.98,-2.4650751671906335e-05
2020-02-04 13:10:00+00:00,141.981,142.0125,141.975,141.99200000000002,8.45189463307694e-05
2020-02-04 13:15:00+00:00,141.9915,142.0495,141.9845,142.024,0.00022536480928492253
2020-02-04 13:20:00+00:00,142.023,142.0495,142.0015,142.0265,1.760265870554001e-05
2020-02-04 13:25:00+00:00,142.02700000000002,142.2915,142.02700000000002,142.245,0.0015384452901394674
2020-02-04 13:30:00+00:00,142.2455,142.3625,142.222,142.29399999999998,0.0003444760800026536
2020-02-04 13:35:00+00:00,142.293,142.3045,142.2265,142.284,-7.027703206030633e-05
2020-02-04 13:40:00+00:00,142.283,142.3215,142.235,142.2365,-0.0003338393635263781
2020-02-04 13:45:00+00:00,142.237,142.3045,142.219,142.222,-0.00010194289088949482
2020-02-04 13:50:00+00:00,142.2225,142.3105,142.215,142.2895,0.0004746101165782335
2020-02-04 13:55:00+00:00,142.289,142.313,142.2425,142.2615,-0.00019678191293093228
2020-02-04 14:00:00+00:00,142.261,142.3,142.2285,142.2425,-0.00013355686535010403
2020-02-04 14:05:00+00:00,142.24200000000002,142.27200000000002,142.2245,142.24200000000002,-3.515123820130306e-06
2020-02-04 14:10:00+00:00,142.2425,142.283,142.2105,142.2195,-0.0001581811279369738
2020-02-04 14:15:00+00:00,142.2185,142.2255,142.134,142.157,-0.0004394615365684862
2020-02-04 14:20:00+00:00,142.1575,142.1685,142.1325,142.162,3.5172379833525724e-05
2020-02-04 14:25:00+00:00,142.1625,142.197,142.1035,142.1355,-0.00018640705673811375
2020-02-04 14:30:00+00:00,142.136,142.1575,142.0705,142.096,-0.00027790383120329665
2020-02-04 14:35:00+00:00,142.0965,142.17700000000002,142.079,142.119,0.00016186240288251774
2020-02-04 14:40:00+00:00,142.12,142.173,142.1125,142.141,0.00015479985082911263
2020-02-04 14:45:00+00:00,142.1405,142.2655,142.1405,142.251,0.0007738794577216712
2020-02-04 14:50:00+00:00,142.2515,142.265,142.202,142.2455,-3.8664051570935776e-05
2020-02-04 14:55:00+00:00,142.246,142.2795,142.23,142.2685,0.00016169228552032067
2020-02-04 15:00:00+00:00,142.269,142.305,142.216,142.2425,-0.00018275303387593755
2020-02-04 15:05:00+00:00,142.243,142.2845,142.2145,142.2715,0.000203877181573775
2020-02-04 15:10:00+00:00,142.27200000000002,142.2785,142.227,142.248,-0.00016517714370067882
2020-02-04 15:15:00+00:00,142.2475,142.3365,142.24,142.336,0.0006186378718859853
2020-02-04 15:20:00+00:00,142.3355,142.3785,142.322,142.3625,0.0001861791816546443
2020-02-04 15:25:00+00:00,142.363,142.466,142.3555,142.44799999999998,0.0006005795065411323
2020-02-04 15:30:00+00:00,142.447,142.475,142.375,142.3945,-0.0003755756486576445
2020-02-04 15:35:00+00:00,142.395,142.5205,142.395,142.4845,0.000632046883833226
2020-02-04 15:40:00+00:00,142.486,142.5275,142.421,142.44,-0.00031231467282410996
2020-02-04 15:45:00+00:00,142.4405,142.49,142.43200000000002,142.464,0.00016849199663027115
2020-02-04 15:50:00+00:00,142.4635,142.518,142.4375,142.5145,0.00035447551662182164
2020-02-04 15:55:00+00:00,142.514,142.518,142.36,142.416,-0.0006911577418438064
2020-02-04 16:00:00+00:00,142.4165,142.43200000000002,142.38299999999998,142.408,-5.617346365582865e-05
2020-02-04 16:05:00+00:00,142.4075,142.4315,142.3645,142.387,-0.00014746362563888837
2020-02-04 16:10:00+00:00,142.3875,142.415,142.334,142.3745,-8.778891331362448e-05
2020-02-04 16:15:00+00:00,142.374,142.411,142.3655,142.4,0.00017910510660268386
2020-02-04 16:20:00+00:00,142.401,142.4595,142.391,142.44299999999998,0.00030196629213463666
2020-02-04 16:25:00+00:00,142.4425,142.5515,142.4405,142.531,0.0006177909760396449
2020-02-04 16:30:00+00:00,142.5305,142.5535,142.4685,142.475,-0.0003928969838141727
2020-02-04 16:35:00+00:00,142.4755,142.5115,142.4715,142.485,7.018775223732732e-05
2020-02-04 16:40:00+00:00,142.486,142.535,142.486,142.511,0.00018247534828219614
2020-02-04 16:45:00+00:00,142.5115,142.52100000000002,142.47899999999998,142.4925,-0.00012981454063187847
2020-02-04 16:50:00+00:00,142.493,142.5135,142.474,142.484,-5.965226239978971e-05
2020-02-04 16:55:00+00:00,142.4835,142.5465,142.482,142.5365,0.00036846242385091266
2020-02-04 17:00:00+00:00,142.536,142.5565,142.5225,142.5475,7.717321528177834e-05
2020-02-04 17:05:00+00:00,142.547,142.564,142.531,142.561,9.470527368060644e-05
2020-02-04 17:10:00+00:00,142.5605,142.607,142.559,142.596,0.0002455089400326127
2020-02-04 17:15:00+00:00,142.5955,142.6335,142.5785,142.6045,5.960896518830694e-05
2020-02-04 17:20:00+00:00,142.605,142.65200000000002,142.591,142.6135,6.311161288730105e-05
2020-02-04 17:25:00+00:00,142.614,142.68,142.6035,142.6705,0.0003996816570661643
2020-02-04 17:30:00+00:00,142.671,142.6825,142.6395,142.641,-0.00020677014519476788
2020-02-04 17:35:00+00:00,142.6415,142.667,142.6325,142.6565,0.00010866440925116905
2020-02-04 17:40:00+00:00,142.656,142.66299999999998,142.6135,142.6305,-0.00018225597852172815
2020-02-04 17:45:00+00:00,142.631,142.6655,142.6305,142.653,0.0001577502708045575
2020-02-04 17:50:00+00:00,142.6535,142.661,142.619,142.6315,-0.00015071537226696297
2020-02-04 17:55:00+00:00,142.632,142.672,142.6295,142.6505,0.00013321040583602617
2020-02-04 18:00:00+00:00,142.6515,142.711,142.641,142.707,0.0003960729194780743
2020-02-04 18:05:00+00:00,142.7065,142.7325,142.69899999999998,142.705,-1.401472948059368e-05
2020-02-04 18:10:00+00:00,142.7055,142.737,142.6945,142.7145,6.657089800610194e-05
2020-02-04 18:15:00+00:00,142.715,142.725,142.67600000000002,142.69,-0.00017167141390672658
2020-02-04 18:20:00+00:00,142.6895,142.7235,142.679,142.7215,0.0002207582871960323
2020-02-04 18:25:00+00:00,142.721,142.7235,142.6895,142.7035,-0.00012611975070331294
2020-02-04 18:30:00+00:00,142.704,142.738,142.6935,142.737,0.0002347524762882358
2020-02-04 18:35:00+00:00,142.7375,142.7815,142.7375,142.77200000000002,0.0002452062184299386
2020-02-04 18:40:00+00:00,142.77100000000002,142.78799999999998,142.7445,142.784,8.405009385570317e-05
2020-02-04 18:45:00+00:00,142.7845,142.8405,142.7815,142.816,0.00022411474675032572
2020-02-04 18:50:00+00:00,142.8165,142.8305,142.7705,142.77200000000002,-0.00030808872955401245
2020-02-04 18:55:00+00:00,142.7715,142.7815,142.7445,142.7715,-3.5020872440894024e-06
2020-02-04 19:00:00+00:00,142.7735,142.81799999999998,142.7615,142.812,0.0002836700602011355
2020-02-04 19:05:00+00:00,142.8125,142.8145,142.79,142.7985,-9.45298714395415e-05
2020-02-04 19:10:00+00:00,142.7995,142.81799999999998,142.783,142.806,5.25215601006046e-05
2020-02-04 19:15:00+00:00,142.8055,142.8165,142.755,142.7645,-0.0002906040362450346
2020-02-04 19:20:00+00:00,142.765,142.77200000000002,142.7485,142.7485,-0.00011207267913238006
2020-02-04 19:25:00+00:00,142.748,142.778,142.7355,142.762,9.457192194650688e-05
2020-02-04 19:30:00+00:00,142.7615,142.80200000000002,142.7565,142.791,0.0002031352881017856
2020-02-04 19:35:00+00:00,142.7905,142.8365,142.7905,142.8285,0.0002626215937979737
2020-02-04 19:40:00+00:00,142.828,142.8465,142.81799999999998,142.8315,2.1004211344433088e-05
2020-02-04 19:45:00+00:00,142.83100000000002,142.83100000000002,142.809,142.8115,-0.00014002513451172316
2020-02-04 19:50:00+00:00,142.811,142.811,142.7865,142.791,-0.00014354586290321603
2020-02-04 19:55:00+00:00,142.7915,142.7945,142.755,142.756,-0.0002451134875447458
2020-02-04 20:00:00+00:00,142.7565,142.782,142.751,142.773,0.00011908431169271871
2020-02-04 20:05:00+00:00,142.7725,142.782,142.7475,142.751,-0.00015409075945727047
2020-02-04 20:10:00+00:00,142.7505,142.7815,142.747,142.7735,0.00015761710951234242
2020-02-04 20:15:00+00:00,142.774,142.8055,142.7665,142.79,0.00011556766486764403
2020-02-04 20:20:00+00:00,142.7895,142.8,142.7745,142.7825,-5.252468660266185e-05
2020-02-04 20:25:00+00:00,142.784,142.8045,142.778,142.7965,9.805123176875874e-05
2020-02-04 20:30:00+00:00,142.796,142.8015,142.7555,142.756,-0.00028362039685847495
2020-02-04 20:35:00+00:00,142.7555,142.756,142.732,142.7365,-0.00013659671047094868
2020-02-04 20:40:00+00:00,142.736,142.7365,142.6735,142.6885,-0.00033628399183116553
2020-02-04 20:45:00+00:00,142.6895,142.71200000000002,142.6735,142.68200000000002,-4.555377623272072e-05
2020-02-04 20:50:00+00:00,142.6815,142.692,142.661,142.6775,-3.1538666405039884e-05
2020-02-04 20:55:00+00:00,142.67700000000002,142.6945,142.6555,142.684,4.555728829003236e-05
2020-02-04 21:00:00+00:00,142.6835,142.684,142.643,142.64600000000002,-0.0002663227832131465
2020-02-04 21:05:00+00:00,142.6465,142.68200000000002,142.6465,142.675,0.0002033004781065717
2020-02-04 21:10:00+00:00,142.6755,142.6885,142.657,142.6885,9.462064131771086e-05
2020-02-04 21:15:00+00:00,142.689,142.689,142.6685,142.678,-7.358686929925806e-05
2020-02-04 21:20:00+00:00,142.6775,142.7045,142.66299999999998,142.67700000000002,-7.008789021267781e-06
2020-02-04 21:25:00+00:00,142.6765,142.7175,142.674,142.711,0.00023830049692663557
2020-02-04 21:30:00+00:00,142.7115,142.7115,142.6945,142.7075,-2.4525089166282932e-05
2020-02-04 21:35:00+00:00,142.708,142.7085,142.6925,142.7085,7.007340188769362e-06
2020-02-04 21:40:00+00:00,142.7065,142.737,142.7035,142.734,0.00017868592270264827
2020-02-04 21:45:00+00:00,142.735,142.7365,142.6905,142.6935,-0.00028374458783475554
2020-02-04 21:50:00+00:00,142.69299999999998,142.732,142.691,142.731,0.0002628010385896662
2020-02-04 21:55:00+00:00,142.7315,142.746,142.7205,142.7205,-7.356495785781902e-05
2020-02-04 22:00:00+00:00,142.7175,142.748,142.66,142.684,-0.00025574461972865947
2020-02-04 22:05:00+00:00,142.6815,142.756,142.6595,142.7,0.0001121359087212781
2020-02-04 22:10:00+00:00,142.71,142.738,142.702,142.724,0.00016818500350379573
2020-02-04 22:15:00+00:00,142.727,142.727,142.6735,142.686,-0.0002662481432693653
2020-02-04 22:20:00+00:00,142.6865,142.6875,142.683,142.687,7.008396058605371e-06
2020-02-04 22:25:00+00:00,142.6865,142.6885,142.667,142.673,-9.811685717697749e-05
2020-02-04 22:30:00+00:00,142.6735,142.68200000000002,142.673,142.674,7.009034645788503e-06
2020-02-04 22:35:00+00:00,142.6745,142.6785,142.67,142.67600000000002,1.4017971038837729e-05
2020-02-04 22:40:00+00:00,142.6765,142.6765,142.65,142.65,-0.00018223106899550867
2020-02-04 22:45:00+00:00,142.6495,142.658,142.627,142.6465,-2.453557658610439e-05
2020-02-04 22:50:00+00:00,142.64600000000002,142.6495,142.6355,142.637,-6.65981990445319e-05
2020-02-04 22:55:00+00:00,142.638,142.6545,142.6185,142.645,5.6086429187418574e-05
2020-02-04 23:00:00+00:00,142.6435,142.6785,142.6295,142.648,2.103123137842111e-05
2020-02-04 23:05:00+00:00,142.6485,142.67600000000002,142.6485,142.66899999999998,0.00014721552352625622
2020-02-04 23:10:00+00:00,142.6695,142.683,142.65200000000002,142.654,-0.00010513846736137644
2020-02-04 23:15:00+00:00,142.6545,142.66299999999998,142.651,142.66,4.205980904847806e-05
2020-02-04 23:20:00+00:00,142.6615,142.6885,142.661,142.688,0.00019627085377815767
2020-02-04 23:25:00+00:00,142.6885,142.701,142.6845,142.689,7.008297824739884e-06
2020-02-04 23:30:00+00:00,142.69,142.697,142.6815,142.6845,-3.153711918912894e-05
2020-02-04 23:35:00+00:00,142.686,142.6915,142.6675,142.66899999999998,-0.00010863128090321528
2020-02-04 23:40:00+00:00,142.6695,142.675,142.6405,142.6405,-0.00019976308798674847
2020-02-04 23:45:00+00:00,142.64,142.645,142.612,142.625,-0.0001086647901542559
2020-02-04 23:50:00+00:00,142.6245,142.636,142.6,142.6005,-0.00017177914110422243
2020-02-04 23:55:00+00:00,142.602,142.6305,142.602,142.6155,0.00010518897198807942
