XAUUSD_timestamp,open,high,low,close,Returns
2020-02-03 00:05:00+00:00,1589.245,1589.435,1588.89,1588.985,-0.00016674532011962118
2020-02-03 00:10:00+00:00,1588.995,1589.2,1588.495,1588.825,-0.000100693209816205
2020-02-03 00:15:00+00:00,1588.82,1589.16,1588.545,1588.91,5.349865466630632e-05
2020-02-03 00:20:00+00:00,1588.905,1589.915,1588.8,1589.71,0.0005034898137716848
2020-02-03 00:25:00+00:00,1589.7,1589.89,1588.875,1589.095,-0.00038686301275070445
2020-02-03 00:30:00+00:00,1589.1,1589.115,1587.695,1587.74,-0.0008526865920539528
2020-02-03 00:35:00+00:00,1587.745,1587.75,1584.67,1585.37,-0.0014926877196519417
2020-02-03 00:40:00+00:00,1585.385,1586.105,1584.61,1585.295,-4.730756858006835e-05
2020-02-03 00:45:00+00:00,1585.29,1585.785,1584.125,1585.63,0.00021131713655830886
2020-02-03 00:50:00+00:00,1585.635,1586.35,1585.33,1586.05,0.0002648789440158339
2020-02-03 00:55:00+00:00,1586.035,1586.74,1585.76,1586.4,0.00022067400145031613
2020-02-03 01:00:00+00:00,1586.405,1586.6,1582.86,1585.145,-0.0007910993444276704
2020-02-03 01:05:00+00:00,1585.11,1585.61,1582.275,1583.25,-0.001195474231064031
2020-02-03 01:10:00+00:00,1583.255,1585.13,1582.285,1585.11,0.0011747986736143634
2020-02-03 01:15:00+00:00,1585.105,1585.73,1584.1,1584.71,-0.0002523484174599133
2020-02-03 01:20:00+00:00,1584.715,1587.785,1584.23,1587.005,0.0014482144998138047
2020-02-03 01:25:00+00:00,1587.01,1588.105,1586.545,1587.49,0.0003056071026870111
2020-02-03 01:30:00+00:00,1587.525,1587.94,1584.005,1585.09,-0.0015118205469011325
2020-02-03 01:35:00+00:00,1585.085,1585.34,1583.495,1584.075,-0.0006403421887715144
2020-02-03 01:40:00+00:00,1584.08,1584.375,1582.975,1583.555,-0.0003282672853242019
2020-02-03 01:45:00+00:00,1583.55,1584.635,1582.975,1583.86,0.00019260461430126163
2020-02-03 01:50:00+00:00,1583.855,1583.865,1582.605,1582.79,-0.0006755647595115821
2020-02-03 01:55:00+00:00,1582.785,1583.33,1582.35,1582.475,-0.000199015662216806
2020-02-03 02:00:00+00:00,1582.48,1583.225,1581.95,1582.96,0.00030648193494386966
2020-02-03 02:05:00+00:00,1582.925,1583.445,1582.59,1582.84,-7.580734825907154e-05
2020-02-03 02:10:00+00:00,1582.845,1583.685,1582.655,1583.035,0.0001231962801042652
2020-02-03 02:15:00+00:00,1583.03,1583.38,1582.345,1582.655,-0.00024004522957488117
2020-02-03 02:20:00+00:00,1582.67,1583.335,1582.36,1583.235,0.00036647279413393186
2020-02-03 02:25:00+00:00,1583.24,1583.31,1582.305,1582.925,-0.00019580163399612882
2020-02-03 02:30:00+00:00,1582.93,1583.32,1581.595,1583.23,0.00019268127043292615
2020-02-03 02:35:00+00:00,1583.225,1584.07,1583.005,1583.62,0.00024633186586897615
2020-02-03 02:40:00+00:00,1583.615,1583.905,1583.105,1583.11,-0.0003220469557090322
2020-02-03 02:45:00+00:00,1583.115,1583.69,1583.075,1583.32,0.00013265028961972902
2020-02-03 02:50:00+00:00,1583.315,1583.505,1582.795,1582.88,-0.0002778970770278555
2020-02-03 02:55:00+00:00,1582.89,1583.19,1582.615,1582.915,2.2111594056406503e-05
2020-02-03 03:00:00+00:00,1582.93,1583.57,1582.085,1583.44,0.0003316665771693206
2020-02-03 03:05:00+00:00,1583.43,1583.59,1582.52,1582.71,-0.00046102157328353766
2020-02-03 03:10:00+00:00,1582.705,1582.935,1582.275,1582.465,-0.00015479778354854368
2020-02-03 03:15:00+00:00,1582.475,1582.71,1581.4,1581.61,-0.0005402963098709579
2020-02-03 03:20:00+00:00,1581.615,1581.995,1580.84,1581.235,-0.0002371001700798292
2020-02-03 03:25:00+00:00,1581.24,1581.34,1579.795,1580.67,-0.0003573156425198398
2020-02-03 03:30:00+00:00,1580.665,1581.22,1580.05,1580.22,-0.0002846894038603942
2020-02-03 03:35:00+00:00,1580.24,1581.125,1579.93,1581.065,0.000534735669716957
2020-02-03 03:40:00+00:00,1581.075,1581.44,1580.935,1581.14,4.7436379908560866e-05
2020-02-03 03:45:00+00:00,1581.145,1581.19,1580.21,1580.435,-0.00044588082016783215
2020-02-03 03:50:00+00:00,1580.4,1580.63,1579.7,1580.09,-0.00021829433035847057
2020-02-03 03:55:00+00:00,1580.11,1580.62,1579.69,1580.39,0.00018986260276321332
2020-02-03 04:00:00+00:00,1580.385,1580.915,1580.21,1580.82,0.00027208473857709414
2020-02-03 04:05:00+00:00,1580.81,1580.915,1580.495,1580.86,2.530332359151899e-05
2020-02-03 04:10:00+00:00,1580.87,1581.105,1580.61,1581.005,9.172222714237677e-05
2020-02-03 04:15:00+00:00,1581.0,1581.01,1579.655,1579.895,-0.0007020850661446643
2020-02-03 04:20:00+00:00,1579.9,1580.675,1579.75,1580.675,0.0004937036954988372
2020-02-03 04:25:00+00:00,1580.68,1580.975,1580.51,1580.725,3.163205592549012e-05
2020-02-03 04:30:00+00:00,1580.72,1581.23,1580.155,1580.975,0.0001581552768508132
2020-02-03 04:35:00+00:00,1580.965,1581.24,1580.83,1581.23,0.00016129287306898554
2020-02-03 04:40:00+00:00,1581.235,1581.5,1580.99,1581.06,-0.00010751124124896982
2020-02-03 04:45:00+00:00,1581.045,1581.275,1580.68,1580.975,-5.3761400579332985e-05
2020-02-03 04:50:00+00:00,1580.965,1581.155,1580.385,1580.98,3.1626053542677113e-06
2020-02-03 04:55:00+00:00,1580.975,1581.215,1580.9,1581.01,1.897557211338885e-05
2020-02-03 05:00:00+00:00,1581.015,1581.31,1580.585,1580.895,-7.273831285070642e-05
2020-02-03 05:05:00+00:00,1580.9,1581.005,1580.395,1580.475,-0.0002656722932263822
2020-02-03 05:10:00+00:00,1580.485,1581.025,1580.325,1580.485,6.32721175586326e-06
2020-02-03 05:15:00+00:00,1580.495,1580.52,1579.97,1580.265,-0.00013919777789717092
2020-02-03 05:20:00+00:00,1580.26,1580.26,1579.81,1580.155,-6.96085783081779e-05
2020-02-03 05:25:00+00:00,1580.165,1580.665,1579.37,1580.545,0.0002468112305438197
2020-02-03 05:30:00+00:00,1580.535,1581.035,1579.97,1580.59,2.847119189897107e-05
2020-02-03 05:35:00+00:00,1580.585,1580.88,1580.22,1580.29,-0.00018980254208866842
2020-02-03 05:40:00+00:00,1580.285,1580.69,1580.22,1580.4,6.960747710871296e-05
2020-02-03 05:45:00+00:00,1580.395,1580.535,1580.07,1580.32,-5.0620096178288776e-05
2020-02-03 05:50:00+00:00,1580.305,1580.515,1579.705,1579.89,-0.0002720967905233129
2020-02-03 05:55:00+00:00,1579.9,1579.955,1579.605,1579.795,-6.01307685977881e-05
2020-02-03 06:00:00+00:00,1579.79,1580.765,1579.51,1580.605,0.0005127247522620504
2020-02-03 06:05:00+00:00,1580.615,1580.72,1579.835,1579.865,-0.00046817516077701793
2020-02-03 06:10:00+00:00,1579.86,1580.915,1579.6,1580.775,0.0005759985821573999
2020-02-03 06:15:00+00:00,1580.765,1580.905,1579.975,1580.12,-0.0004143537189038593
2020-02-03 06:20:00+00:00,1580.115,1580.435,1579.61,1579.92,-0.00012657266536708622
2020-02-03 06:25:00+00:00,1579.93,1580.055,1579.605,1579.61,-0.00019621246645407098
2020-02-03 06:30:00+00:00,1579.62,1579.8,1579.115,1579.5,-6.963744215338075e-05
2020-02-03 06:35:00+00:00,1579.495,1580.145,1579.26,1579.83,0.0002089268755935958
2020-02-03 06:40:00+00:00,1579.835,1580.47,1579.375,1580.405,0.00036396321123155495
2020-02-03 06:45:00+00:00,1580.395,1580.6,1579.985,1580.56,9.807612605627902e-05
2020-02-03 06:50:00+00:00,1580.54,1580.555,1579.78,1579.865,-0.00043971756845673227
2020-02-03 06:55:00+00:00,1579.875,1580.13,1579.215,1579.405,-0.0002911641184532021
2020-02-03 07:00:00+00:00,1579.4,1579.975,1577.295,1577.905,-0.0009497247381133889
2020-02-03 07:05:00+00:00,1577.89,1579.21,1577.745,1578.83,0.0005862203364588314
2020-02-03 07:10:00+00:00,1578.835,1579.16,1577.995,1578.195,-0.0004021965632778901
2020-02-03 07:15:00+00:00,1578.2,1578.33,1575.98,1576.56,-0.0010359936509747314
2020-02-03 07:20:00+00:00,1576.565,1577.16,1576.03,1576.18,-0.00024103110569839714
2020-02-03 07:25:00+00:00,1576.185,1576.26,1575.24,1575.515,-0.0004219061274727265
2020-02-03 07:30:00+00:00,1575.49,1576.4,1574.89,1575.87,0.00022532314830381317
2020-02-03 07:35:00+00:00,1575.845,1575.905,1574.74,1574.855,-0.0006440886621357222
2020-02-03 07:40:00+00:00,1574.86,1575.105,1573.945,1574.355,-0.0003174895466566685
2020-02-03 07:45:00+00:00,1574.35,1575.52,1574.155,1575.505,0.0007304578700484399
2020-02-03 07:50:00+00:00,1575.51,1576.47,1575.285,1576.315,0.0005141208691816779
2020-02-03 07:55:00+00:00,1576.305,1576.77,1575.94,1576.485,0.00010784646469752524
2020-02-03 08:00:00+00:00,1576.475,1576.545,1575.415,1576.485,0.0
2020-02-03 08:05:00+00:00,1576.49,1577.93,1576.375,1577.93,0.0009165960982819854
2020-02-03 08:10:00+00:00,1577.935,1578.48,1577.68,1578.035,6.654287579288543e-05
2020-02-03 08:15:00+00:00,1578.025,1578.495,1577.725,1578.195,0.00010139192096492167
2020-02-03 08:20:00+00:00,1578.2,1579.505,1577.97,1579.375,0.0007476896074312123
2020-02-03 08:25:00+00:00,1579.385,1579.795,1578.28,1578.495,-0.0005571824297586625
2020-02-03 08:30:00+00:00,1578.49,1578.86,1578.055,1578.845,0.00022173019236682023
2020-02-03 08:35:00+00:00,1578.85,1578.885,1577.09,1577.25,-0.0010102321633852496
2020-02-03 08:40:00+00:00,1577.24,1577.48,1576.755,1576.775,-0.00030115707719124973
2020-02-03 08:45:00+00:00,1576.77,1576.775,1575.31,1575.42,-0.0008593489876488336
2020-02-03 08:50:00+00:00,1575.41,1575.83,1573.54,1575.8,0.00024120551979778249
2020-02-03 08:55:00+00:00,1575.78,1575.78,1574.77,1575.755,-2.8556923467371043e-05
2020-02-03 09:00:00+00:00,1575.765,1576.85,1575.68,1576.26,0.0003204812930943657
2020-02-03 09:05:00+00:00,1576.255,1577.045,1575.855,1575.94,-0.0002030121934197826
2020-02-03 09:10:00+00:00,1575.95,1576.295,1574.955,1575.445,-0.0003140982524716396
2020-02-03 09:15:00+00:00,1575.45,1576.57,1575.3,1576.535,0.0006918680118952469
2020-02-03 09:20:00+00:00,1576.53,1577.525,1576.325,1577.22,0.0004344971725969149
2020-02-03 09:25:00+00:00,1577.27,1577.715,1577.035,1577.085,-8.559363944149467e-05
2020-02-03 09:30:00+00:00,1577.09,1577.755,1576.775,1577.185,6.340812321470324e-05
2020-02-03 09:35:00+00:00,1577.19,1578.03,1577.105,1577.885,0.00044382872015646946
2020-02-03 09:40:00+00:00,1577.89,1578.31,1577.55,1578.295,0.00025984149668700773
2020-02-03 09:45:00+00:00,1578.285,1578.495,1577.58,1577.69,-0.00038332504379723353
2020-02-03 09:50:00+00:00,1577.685,1578.77,1577.485,1578.615,0.000586300223744729
2020-02-03 09:55:00+00:00,1578.62,1579.03,1578.49,1578.945,0.00020904400376275944
2020-02-03 10:00:00+00:00,1578.94,1579.42,1578.855,1579.285,0.0002153336563339714
2020-02-03 10:05:00+00:00,1579.295,1579.4,1578.17,1578.18,-0.0006996837176317383
2020-02-03 10:10:00+00:00,1578.175,1578.345,1577.68,1578.12,-3.801847697992855e-05
2020-02-03 10:15:00+00:00,1578.135,1578.37,1577.575,1578.005,-7.287151800861036e-05
2020-02-03 10:20:00+00:00,1578.01,1578.725,1577.92,1578.325,0.0002027876971237852
2020-02-03 10:25:00+00:00,1578.335,1578.52,1577.37,1577.595,-0.00046251564158206193
2020-02-03 10:30:00+00:00,1577.6,1579.34,1577.6,1579.0,0.0008905961289178421
2020-02-03 10:35:00+00:00,1579.005,1579.34,1578.72,1579.245,0.0001551614946166957
2020-02-03 10:40:00+00:00,1579.26,1579.465,1579.025,1579.345,6.332139725007124e-05
2020-02-03 10:45:00+00:00,1579.335,1579.34,1578.76,1579.255,-5.6985649113938663e-05
2020-02-03 10:50:00+00:00,1579.26,1580.65,1579.105,1579.895,0.00040525437627225713
2020-02-03 10:55:00+00:00,1579.9,1580.99,1579.9,1580.96,0.0006740954303925406
2020-02-03 11:00:00+00:00,1580.955,1581.3,1579.955,1580.395,-0.00035737779576971995
2020-02-03 11:05:00+00:00,1580.39,1580.41,1579.035,1579.48,-0.0005789691817551512
2020-02-03 11:10:00+00:00,1579.485,1579.785,1579.09,1579.425,-3.4821586851419006e-05
2020-02-03 11:15:00+00:00,1579.41,1579.41,1578.995,1579.215,-0.00013295977966665262
2020-02-03 11:20:00+00:00,1579.2,1579.62,1578.885,1578.925,-0.00018363554044253938
2020-02-03 11:25:00+00:00,1578.92,1579.52,1578.7,1579.405,0.00030400430672772316
2020-02-03 11:30:00+00:00,1579.41,1579.93,1578.81,1579.915,0.00032290641095844563
2020-02-03 11:35:00+00:00,1579.91,1579.91,1579.585,1579.76,-9.810654370645544e-05
2020-02-03 11:40:00+00:00,1579.765,1580.49,1578.9,1579.035,-0.00045893047045120205
2020-02-03 11:45:00+00:00,1579.04,1579.105,1578.205,1578.235,-0.0005066385482273006
2020-02-03 11:50:00+00:00,1578.23,1579.035,1578.15,1578.405,0.00010771526420350064
2020-02-03 11:55:00+00:00,1578.4,1578.4,1578.07,1578.23,-0.00011087141766530362
2020-02-03 12:00:00+00:00,1578.24,1578.315,1577.905,1578.075,-9.821128732823148e-05
2020-02-03 12:05:00+00:00,1578.08,1579.085,1577.97,1579.005,0.0005893256023954407
2020-02-03 12:10:00+00:00,1579.0,1579.62,1578.89,1579.51,0.0003198216598425674
2020-02-03 12:15:00+00:00,1579.505,1579.635,1578.875,1579.535,1.5827693398584586e-05
2020-02-03 12:20:00+00:00,1579.54,1579.715,1579.2,1579.215,-0.00020259126894950352
2020-02-03 12:25:00+00:00,1579.225,1579.745,1578.925,1578.925,-0.00018363554044253938
2020-02-03 12:30:00+00:00,1578.93,1579.29,1578.57,1579.195,0.00017100242253431652
2020-02-03 12:35:00+00:00,1579.19,1579.585,1578.89,1579.465,0.0001709731857053587
2020-02-03 12:40:00+00:00,1579.47,1579.665,1578.97,1578.97,-0.00031339725793222417
2020-02-03 12:45:00+00:00,1578.965,1579.67,1578.875,1579.585,0.0003894944172466719
2020-02-03 12:50:00+00:00,1579.595,1580.065,1579.585,1579.69,6.647315592389624e-05
2020-02-03 12:55:00+00:00,1579.7,1580.125,1579.63,1579.7,6.3303559558747224e-06
2020-02-03 13:00:00+00:00,1579.67,1579.985,1577.935,1579.105,-0.00037665379502438423
2020-02-03 13:05:00+00:00,1579.115,1579.855,1578.8,1579.36,0.000161483878525992
2020-02-03 13:10:00+00:00,1579.355,1579.355,1578.085,1578.565,-0.0005033684530442173
2020-02-03 13:15:00+00:00,1578.57,1578.585,1576.89,1577.005,-0.0009882393186215754
2020-02-03 13:20:00+00:00,1577.01,1578.005,1576.805,1577.79,0.0004977790178217756
2020-02-03 13:25:00+00:00,1577.8,1578.23,1576.145,1576.875,-0.0005799250850873072
2020-02-03 13:30:00+00:00,1576.88,1577.83,1576.56,1577.75,0.0005548949663098934
2020-02-03 13:35:00+00:00,1577.745,1578.51,1577.52,1577.955,0.00012993186499765663
2020-02-03 13:40:00+00:00,1577.95,1578.43,1577.405,1577.84,-7.287913787146216e-05
2020-02-03 13:45:00+00:00,1577.845,1578.42,1577.485,1578.42,0.0003675911372509333
2020-02-03 13:50:00+00:00,1578.415,1578.79,1578.295,1578.38,-2.534179749369425e-05
2020-02-03 13:55:00+00:00,1578.385,1578.635,1577.545,1578.535,9.820195390197739e-05
2020-02-03 14:00:00+00:00,1578.53,1579.295,1578.42,1578.67,8.552233558334343e-05
2020-02-03 14:05:00+00:00,1578.68,1579.25,1578.265,1578.725,3.4839453463941794e-05
2020-02-03 14:10:00+00:00,1578.72,1579.345,1578.32,1578.825,6.334225403414884e-05
2020-02-03 14:15:00+00:00,1578.815,1579.445,1578.225,1579.335,0.00032302503444014974
2020-02-03 14:20:00+00:00,1579.34,1579.465,1578.535,1578.655,-0.0004305609639501107
2020-02-03 14:25:00+00:00,1578.645,1579.33,1578.17,1579.245,0.0003737358700919291
2020-02-03 14:30:00+00:00,1579.24,1580.515,1578.19,1578.255,-0.000626881832774373
2020-02-03 14:35:00+00:00,1578.25,1578.59,1577.475,1578.59,0.00021225974256355862
2020-02-03 14:40:00+00:00,1578.595,1578.88,1577.945,1578.105,-0.00030723620446082567
2020-02-03 14:45:00+00:00,1578.085,1578.205,1576.305,1576.99,-0.0007065436076814091
2020-02-03 14:50:00+00:00,1576.995,1576.995,1575.305,1575.38,-0.0010209322823859779
2020-02-03 14:55:00+00:00,1575.395,1575.64,1574.39,1574.98,-0.0002539069938681804
2020-02-03 15:00:00+00:00,1574.965,1575.0,1569.66,1572.355,-0.0016666878309565814
2020-02-03 15:05:00+00:00,1572.36,1576.435,1572.245,1575.1,0.0017457889598722076
2020-02-03 15:10:00+00:00,1575.09,1575.09,1573.41,1573.64,-0.0009269252745855994
2020-02-03 15:15:00+00:00,1573.62,1575.125,1573.205,1574.405,0.0004861340586155283
2020-02-03 15:20:00+00:00,1574.4,1575.03,1573.415,1573.835,-0.00036204153315055887
2020-02-03 15:25:00+00:00,1573.84,1573.855,1571.87,1572.435,-0.0008895468711778154
2020-02-03 15:30:00+00:00,1572.43,1572.98,1571.715,1572.825,0.00024802297074288937
2020-02-03 15:35:00+00:00,1572.82,1572.94,1571.415,1571.575,-0.0007947483032123559
2020-02-03 15:40:00+00:00,1571.555,1574.115,1571.425,1573.54,0.001250338036682841
2020-02-03 15:45:00+00:00,1573.52,1575.02,1573.03,1575.0,0.000927844223852059
2020-02-03 15:50:00+00:00,1575.005,1576.08,1574.605,1575.38,0.000241269841269931
2020-02-03 15:55:00+00:00,1575.375,1576.27,1575.31,1575.665,0.0001809087331310355
2020-02-03 16:00:00+00:00,1575.66,1575.97,1574.365,1574.94,-0.0004601231860832389
2020-02-03 16:05:00+00:00,1574.95,1575.645,1574.48,1574.865,-4.762086174714408e-05
2020-02-03 16:10:00+00:00,1574.87,1576.275,1574.595,1576.215,0.0008572163328284255
2020-02-03 16:15:00+00:00,1576.23,1577.84,1575.765,1576.64,0.00026963326703532964
2020-02-03 16:20:00+00:00,1576.635,1577.26,1576.095,1576.4,-0.00015222244773693827
2020-02-03 16:25:00+00:00,1576.39,1577.24,1575.955,1577.12,0.0004567368688148665
2020-02-03 16:30:00+00:00,1577.11,1577.61,1576.305,1577.595,0.00030118190118710864
2020-02-03 16:35:00+00:00,1577.6,1578.27,1577.445,1578.065,0.00029792183671983885
2020-02-03 16:40:00+00:00,1578.055,1579.13,1577.38,1578.475,0.0002598118581933484
2020-02-03 16:45:00+00:00,1578.48,1579.56,1578.48,1579.15,0.00042762793202322236
2020-02-03 16:50:00+00:00,1579.16,1579.81,1578.795,1579.055,-6.015894626854035e-05
2020-02-03 16:55:00+00:00,1579.05,1579.385,1577.94,1578.19,-0.0005477959919065745
2020-02-03 17:00:00+00:00,1578.195,1578.65,1577.52,1577.555,-0.0004023596651860917
2020-02-03 17:05:00+00:00,1577.53,1578.33,1577.46,1578.105,0.00034864077639129576
2020-02-03 17:10:00+00:00,1578.12,1578.33,1577.28,1577.34,-0.00048475861872310233
2020-02-03 17:15:00+00:00,1577.335,1577.45,1576.875,1577.16,-0.00011411617026124699
2020-02-03 17:20:00+00:00,1577.155,1577.275,1576.385,1576.48,-0.0004311547338253785
2020-02-03 17:25:00+00:00,1576.475,1577.085,1575.88,1576.98,0.0003171622855981937
2020-02-03 17:30:00+00:00,1576.975,1577.04,1576.4,1576.98,0.0
2020-02-03 17:35:00+00:00,1576.97,1577.315,1576.67,1576.98,0.0
2020-02-03 17:40:00+00:00,1576.97,1577.265,1576.255,1576.39,-0.0003741328361804852
2020-02-03 17:45:00+00:00,1576.385,1577.22,1576.365,1576.695,0.00019348003983776785
2020-02-03 17:50:00+00:00,1576.69,1576.7,1575.095,1575.285,-0.0008942756842634791
2020-02-03 17:55:00+00:00,1575.27,1575.715,1574.82,1575.62,0.00021265993137742356
2020-02-03 18:00:00+00:00,1575.64,1575.71,1575.24,1575.705,5.3947017681910125e-05
2020-02-03 18:05:00+00:00,1575.71,1576.64,1575.44,1576.31,0.0003839551185025325
2020-02-03 18:10:00+00:00,1576.305,1577.895,1576.305,1577.675,0.0008659464191689281
2020-02-03 18:15:00+00:00,1577.715,1578.605,1577.32,1578.17,0.00031375283249102104
2020-02-03 18:20:00+00:00,1578.165,1578.575,1577.59,1578.045,-7.920566225438908e-05
2020-02-03 18:25:00+00:00,1578.035,1578.21,1577.725,1578.05,3.1684774515206016e-06
2020-02-03 18:30:00+00:00,1578.045,1578.575,1577.445,1577.515,-0.0003390260131174161
2020-02-03 18:35:00+00:00,1577.51,1577.835,1576.725,1576.735,-0.0004944485472405669
2020-02-03 18:40:00+00:00,1576.73,1577.55,1576.7,1577.43,0.0004407842789055927
2020-02-03 18:45:00+00:00,1577.435,1577.6,1576.985,1577.135,-0.00018701305287716075
2020-02-03 18:50:00+00:00,1577.13,1577.78,1576.525,1576.79,-0.0002187510897926348
2020-02-03 18:55:00+00:00,1576.775,1576.84,1576.335,1576.58,-0.0001331819709663451
2020-02-03 19:00:00+00:00,1576.575,1577.5,1576.515,1577.07,0.000310799325121458
2020-02-03 19:05:00+00:00,1577.065,1577.35,1576.69,1576.855,-0.00013632876156410845
2020-02-03 19:10:00+00:00,1576.85,1577.205,1576.665,1576.82,-2.219608017228758e-05
2020-02-03 19:15:00+00:00,1576.815,1576.815,1576.38,1576.38,-0.0002790426301034765
2020-02-03 19:20:00+00:00,1576.375,1576.515,1575.82,1576.31,-4.440553673612513e-05
2020-02-03 19:25:00+00:00,1576.315,1577.19,1576.235,1577.1,0.0005011704550501594
2020-02-03 19:30:00+00:00,1577.095,1578.165,1576.84,1578.13,0.0006530974573586423
2020-02-03 19:35:00+00:00,1578.125,1578.16,1577.52,1577.675,-0.0002883159182071049
2020-02-03 19:40:00+00:00,1577.67,1577.99,1577.09,1577.225,-0.00028522984771894855
2020-02-03 19:45:00+00:00,1577.22,1577.6,1577.03,1577.15,-4.755187116600723e-05
2020-02-03 19:50:00+00:00,1577.14,1577.34,1576.945,1577.3,9.510826490810587e-05
2020-02-03 19:55:00+00:00,1577.29,1577.885,1577.18,1577.79,0.00031065745260883126
2020-02-03 20:00:00+00:00,1577.8,1578.03,1577.385,1577.5,-0.0001838013930878235
2020-02-03 20:05:00+00:00,1577.505,1577.54,1576.905,1576.905,-0.00037717908082413043
2020-02-03 20:10:00+00:00,1576.895,1577.26,1576.795,1576.92,9.512304165459895e-06
2020-02-03 20:15:00+00:00,1576.905,1577.31,1576.8,1576.825,-6.024401998838691e-05
2020-02-03 20:20:00+00:00,1576.82,1577.015,1576.53,1576.645,-0.00011415344125065285
2020-02-03 20:25:00+00:00,1576.64,1576.855,1575.93,1575.95,-0.0004408094402987839
2020-02-03 20:30:00+00:00,1575.96,1576.225,1575.76,1576.055,6.662647926658494e-05
2020-02-03 20:35:00+00:00,1576.05,1576.05,1575.655,1575.85,-0.00013007160283118324
2020-02-03 20:40:00+00:00,1575.845,1576.37,1575.675,1576.33,0.0003045975187994099
2020-02-03 20:45:00+00:00,1576.315,1576.835,1576.095,1576.795,0.00029498899342161877
2020-02-03 20:50:00+00:00,1576.79,1577.145,1576.745,1577.005,0.0001331815486478316
2020-02-03 20:55:00+00:00,1577.01,1577.035,1576.215,1576.285,-0.0004565616469193179
2020-02-03 21:00:00+00:00,1576.28,1576.94,1576.275,1576.825,0.00034257764300238414
2020-02-03 21:05:00+00:00,1576.82,1577.215,1576.775,1576.97,9.195693878516487e-05
2020-02-03 21:10:00+00:00,1576.965,1577.01,1576.56,1576.63,-0.00021560334058345898
2020-02-03 21:15:00+00:00,1576.625,1576.875,1576.585,1576.605,-1.585660554481727e-05
2020-02-03 21:20:00+00:00,1576.6,1576.775,1576.57,1576.755,9.514114188413636e-05
2020-02-03 21:25:00+00:00,1576.76,1576.93,1576.67,1576.88,7.927674242358407e-05
2020-02-03 21:30:00+00:00,1576.885,1577.27,1576.795,1577.08,0.00012683273299152198
2020-02-03 21:35:00+00:00,1577.085,1577.175,1576.92,1577.085,3.170416212228133e-06
2020-02-03 21:40:00+00:00,1577.08,1577.09,1576.945,1577.06,-1.585203080367581e-05
2020-02-03 21:45:00+00:00,1577.055,1577.225,1576.3,1576.48,-0.00036777294459300336
2020-02-03 21:50:00+00:00,1576.475,1576.67,1576.37,1576.495,9.514868567928048e-06
2020-02-03 21:55:00+00:00,1576.5,1576.925,1576.5,1576.76,0.00016809441197085384
2020-02-03 23:00:00+00:00,1578.71,1579.43,1578.61,1578.765,0.0012715949161572482
2020-02-03 23:05:00+00:00,1578.74,1579.335,1578.34,1578.995,0.00014568349310994932
2020-02-03 23:10:00+00:00,1579.0,1579.265,1578.835,1579.08,5.383170941009041e-05
2020-02-03 23:15:00+00:00,1579.095,1579.165,1578.405,1578.54,-0.0003419712744129333
2020-02-03 23:20:00+00:00,1578.53,1578.64,1578.295,1578.49,-3.167483877508648e-05
2020-02-03 23:25:00+00:00,1578.48,1579.0,1578.48,1579.0,0.00032309358944315747
2020-02-03 23:30:00+00:00,1578.995,1579.02,1578.43,1578.6,-0.0002533248891704032
2020-02-03 23:35:00+00:00,1578.605,1578.935,1578.54,1578.865,0.00016787026479159195
2020-02-03 23:40:00+00:00,1578.895,1579.13,1578.68,1578.68,-0.00011717277917999702
2020-02-03 23:45:00+00:00,1578.67,1578.81,1578.305,1578.54,-8.86816834317905e-05
2020-02-03 23:50:00+00:00,1578.55,1578.735,1578.52,1578.695,9.819200020277918e-05
2020-02-03 23:55:00+00:00,1578.7,1579.19,1578.68,1578.88,0.00011718539679939077
2020-02-04 00:00:00+00:00,1578.875,1579.73,1578.855,1579.0,7.600324280487847e-05
2020-02-04 00:05:00+00:00,1578.985,1579.035,1577.965,1577.965,-0.0006554781507283058
2020-02-04 00:10:00+00:00,1577.96,1577.965,1577.355,1577.765,-0.00012674552350644408
2020-02-04 00:15:00+00:00,1577.76,1578.51,1577.66,1577.705,-3.802847699130307e-05
2020-02-04 00:20:00+00:00,1577.71,1577.97,1577.65,1577.885,0.00011408976963367401
2020-02-04 00:25:00+00:00,1577.88,1578.065,1577.635,1577.685,-0.00012675194960343195
2020-02-04 00:30:00+00:00,1577.67,1577.98,1577.375,1577.955,0.00017113682389058305
2020-02-04 00:35:00+00:00,1577.96,1578.425,1577.76,1578.22,0.00016793888292121473
2020-02-04 00:40:00+00:00,1578.205,1578.455,1577.835,1578.325,6.653064845196788e-05
2020-02-04 00:45:00+00:00,1578.335,1578.52,1577.83,1578.035,-0.00018373909049151926
2020-02-04 00:50:00+00:00,1578.02,1578.59,1577.925,1578.59,0.00035170322584732183
2020-02-04 00:55:00+00:00,1578.6,1578.645,1578.29,1578.465,-7.918458877864687e-05
2020-02-04 01:00:00+00:00,1578.46,1579.135,1575.255,1578.9,0.00027558419097051257
2020-02-04 01:05:00+00:00,1578.905,1578.915,1577.95,1578.485,-0.0002628412185700091
2020-02-04 01:10:00+00:00,1578.495,1578.8,1576.91,1577.26,-0.0007760605897426665
2020-02-04 01:15:00+00:00,1577.255,1577.77,1576.86,1577.37,6.974119675895452e-05
2020-02-04 01:20:00+00:00,1577.375,1577.43,1575.955,1576.305,-0.0006751744993247488
2020-02-04 01:25:00+00:00,1576.31,1576.93,1576.145,1576.455,9.515924900305173e-05
2020-02-04 01:30:00+00:00,1576.445,1576.775,1575.345,1575.38,-0.0006819097278386588
2020-02-04 01:35:00+00:00,1575.385,1575.55,1573.9,1575.315,-4.1259886503608456e-05
2020-02-04 01:40:00+00:00,1575.31,1575.605,1574.915,1575.305,-6.347936761796902e-06
2020-02-04 01:45:00+00:00,1575.3,1575.73,1574.95,1575.44,8.569769028854424e-05
2020-02-04 01:50:00+00:00,1575.435,1576.57,1575.22,1575.74,0.00019042299294169673
2020-02-04 01:55:00+00:00,1575.735,1575.945,1575.19,1575.785,2.8558010839452308e-05
2020-02-04 02:00:00+00:00,1575.79,1576.295,1575.725,1576.125,0.00021576547562007775
2020-02-04 02:05:00+00:00,1576.12,1576.755,1576.105,1576.325,0.00012689348877792384
2020-02-04 02:10:00+00:00,1576.33,1576.725,1576.16,1576.555,0.00014590899719291173
2020-02-04 02:15:00+00:00,1576.545,1577.17,1576.355,1577.13,0.0003647192771580876
2020-02-04 02:20:00+00:00,1577.135,1577.775,1576.83,1577.11,-1.2681262800295912e-05
2020-02-04 02:25:00+00:00,1577.105,1577.175,1576.59,1576.825,-0.0001807102865366561
2020-02-04 02:30:00+00:00,1576.845,1577.07,1576.405,1576.625,-0.00012683715694516984
2020-02-04 02:35:00+00:00,1576.615,1577.435,1576.365,1576.995,0.0002346785063029877
2020-02-04 02:40:00+00:00,1577.005,1577.02,1576.525,1576.755,-0.0001521881806852976
2020-02-04 02:45:00+00:00,1576.745,1577.01,1576.465,1576.93,0.00011098743939297329
2020-02-04 02:50:00+00:00,1576.935,1577.095,1576.245,1576.44,-0.0003107303431351127
2020-02-04 02:55:00+00:00,1576.445,1576.77,1576.34,1576.535,6.026236329970125e-05
2020-02-04 03:00:00+00:00,1576.54,1576.82,1576.355,1576.685,9.514536626209491e-05
2020-02-04 03:05:00+00:00,1576.695,1577.37,1576.635,1577.145,0.0002917513644133951
2020-02-04 03:10:00+00:00,1577.135,1577.17,1576.575,1576.595,-0.00034873141023805676
2020-02-04 03:15:00+00:00,1576.59,1576.88,1576.405,1576.44,-9.831313685504384e-05
2020-02-04 03:20:00+00:00,1576.435,1576.435,1575.945,1576.315,-7.929258328898126e-05
2020-02-04 03:25:00+00:00,1576.32,1576.625,1576.15,1576.32,3.171954843894653e-06
2020-02-04 03:30:00+00:00,1576.295,1576.31,1575.68,1576.065,-0.00016176918392196704
2020-02-04 03:35:00+00:00,1576.06,1576.135,1574.76,1574.88,-0.0007518725433277584
2020-02-04 03:40:00+00:00,1574.885,1575.475,1574.44,1575.065,0.00011746926749967024
2020-02-04 03:45:00+00:00,1575.07,1575.485,1574.46,1575.38,0.0001999917463724188
2020-02-04 03:50:00+00:00,1575.395,1575.535,1575.225,1575.43,3.1738374233425404e-05
2020-02-04 03:55:00+00:00,1575.435,1575.705,1575.3,1575.525,6.030099718801196e-05
2020-02-04 04:00:00+00:00,1575.52,1575.855,1574.845,1575.83,0.0001935862648956288
2020-02-04 04:05:00+00:00,1575.845,1576.015,1575.545,1576.015,0.00011739845034064444
2020-02-04 04:10:00+00:00,1576.025,1576.14,1575.66,1575.825,-0.00012055722819903636
2020-02-04 04:15:00+00:00,1575.835,1575.87,1575.52,1575.69,-8.566941126075811e-05
2020-02-04 04:20:00+00:00,1575.68,1575.695,1574.85,1574.865,-0.0005235801458408629
2020-02-04 04:25:00+00:00,1574.86,1575.15,1574.64,1575.075,0.000133344762884402
2020-02-04 04:30:00+00:00,1575.06,1575.515,1574.75,1574.86,-0.00013650143643961776
2020-02-04 04:35:00+00:00,1574.87,1575.265,1574.46,1575.175,0.00020001777935818588
2020-02-04 04:40:00+00:00,1575.165,1575.505,1574.88,1575.05,-7.93562620026167e-05
2020-02-04 04:45:00+00:00,1575.045,1575.315,1574.805,1575.25,0.0001269800958700884
2020-02-04 04:50:00+00:00,1575.245,1575.625,1575.14,1575.45,0.0001269639739724937
2020-02-04 04:55:00+00:00,1575.44,1575.57,1575.23,1575.245,-0.0001301215525724153
2020-02-04 05:00:00+00:00,1575.24,1575.385,1574.63,1574.96,-0.0001809242371820785
2020-02-04 05:05:00+00:00,1574.965,1575.09,1574.665,1574.79,-0.00010793924925078802
2020-02-04 05:10:00+00:00,1574.785,1575.165,1574.71,1575.075,0.00018097651115400737
2020-02-04 05:15:00+00:00,1575.085,1575.195,1574.645,1574.93,-9.205910829646058e-05
2020-02-04 05:20:00+00:00,1574.94,1575.19,1574.845,1575.095,0.00010476656105340432
2020-02-04 05:25:00+00:00,1575.09,1575.335,1574.875,1575.15,3.491852872361534e-05
2020-02-04 05:30:00+00:00,1575.14,1575.83,1575.07,1575.415,0.0001682379455925087
2020-02-04 05:35:00+00:00,1575.425,1575.43,1573.385,1573.605,-0.0011489036222200877
2020-02-04 05:40:00+00:00,1573.6,1574.095,1572.935,1573.19,-0.0002637256490669593
2020-02-04 05:45:00+00:00,1573.205,1573.39,1572.39,1572.39,-0.0005085209033873772
2020-02-04 05:50:00+00:00,1572.385,1572.995,1572.31,1572.72,0.0002098715967411291
2020-02-04 05:55:00+00:00,1572.715,1573.335,1572.26,1572.765,2.861284907673678e-05
2020-02-04 06:00:00+00:00,1572.77,1572.785,1571.935,1572.02,-0.0004736880589281123
2020-02-04 06:05:00+00:00,1572.025,1572.8,1571.86,1572.77,0.00047709316675370594
2020-02-04 06:10:00+00:00,1572.755,1573.45,1572.34,1572.59,-0.00011444775777769145
2020-02-04 06:15:00+00:00,1572.585,1572.7,1571.975,1572.4,-0.00012081979409750421
2020-02-04 06:20:00+00:00,1572.395,1572.53,1571.88,1572.39,-6.3597049096975056e-06
2020-02-04 06:25:00+00:00,1572.395,1572.6,1572.14,1572.465,4.7698090168246665e-05
2020-02-04 06:30:00+00:00,1572.46,1572.925,1572.25,1572.63,0.00010493079337225986
2020-02-04 06:35:00+00:00,1572.62,1572.86,1572.145,1572.585,-2.8614486560774033e-05
2020-02-04 06:40:00+00:00,1572.59,1572.61,1570.75,1571.475,-0.0007058441992007225
2020-02-04 06:45:00+00:00,1571.495,1571.665,1571.06,1571.61,8.590655276097259e-05
2020-02-04 06:50:00+00:00,1571.615,1572.11,1571.285,1571.365,-0.00015589109257374556
2020-02-04 06:55:00+00:00,1571.375,1571.595,1570.675,1571.415,3.1819469060279104e-05
2020-02-04 07:00:00+00:00,1571.41,1571.99,1571.265,1571.905,0.00031182087481673726
2020-02-04 07:05:00+00:00,1571.91,1573.045,1571.705,1572.745,0.0005343834392026459
2020-02-04 07:10:00+00:00,1572.75,1572.815,1571.975,1572.215,-0.0003369904212061625
2020-02-04 07:15:00+00:00,1572.22,1573.21,1572.155,1572.81,0.00037844696813094103
2020-02-04 07:20:00+00:00,1572.815,1574.18,1572.745,1574.125,0.0008360831886877751
2020-02-04 07:25:00+00:00,1574.135,1574.185,1573.55,1573.71,-0.00026363852934163656
2020-02-04 07:30:00+00:00,1573.705,1574.57,1573.615,1574.305,0.00037808744940304173
2020-02-04 07:35:00+00:00,1574.3,1574.735,1574.115,1574.295,-6.352009299326333e-06
2020-02-04 07:40:00+00:00,1574.285,1574.6,1573.505,1573.59,-0.0004478195001572649
2020-02-04 07:45:00+00:00,1573.58,1573.8,1573.115,1573.27,-0.00020335665579973572
2020-02-04 07:50:00+00:00,1573.255,1573.385,1572.06,1572.105,-0.0007404959097929709
2020-02-04 07:55:00+00:00,1572.095,1572.73,1571.9,1572.125,1.2721796572190414e-05
2020-02-04 08:00:00+00:00,1572.13,1573.275,1571.985,1572.27,9.223185179285665e-05
2020-02-04 08:05:00+00:00,1572.275,1572.6,1571.08,1571.105,-0.0007409668822784266
2020-02-04 08:10:00+00:00,1571.11,1572.59,1570.7,1572.155,0.0006683194312282481
2020-02-04 08:15:00+00:00,1572.15,1572.54,1570.99,1571.05,-0.0007028569066027668
2020-02-04 08:20:00+00:00,1571.04,1571.165,1570.315,1570.625,-0.0002705197161133599
2020-02-04 08:25:00+00:00,1570.63,1570.7,1568.135,1569.15,-0.0009391165937125967
2020-02-04 08:30:00+00:00,1569.145,1570.285,1569.125,1569.755,0.0003855590606378634
2020-02-04 08:35:00+00:00,1569.76,1570.11,1569.28,1569.325,-0.000273928097059728
2020-02-04 08:40:00+00:00,1569.315,1569.425,1568.655,1569.03,-0.00018797890812938256
2020-02-04 08:45:00+00:00,1569.035,1569.275,1568.37,1568.4,-0.0004015219594271091
2020-02-04 08:50:00+00:00,1568.395,1568.73,1567.8,1568.215,-0.00011795460341756936
2020-02-04 08:55:00+00:00,1568.23,1568.725,1567.7,1568.125,-5.73900900067148e-05
2020-02-04 09:00:00+00:00,1568.14,1568.145,1566.655,1566.785,-0.0008545237146272422
2020-02-04 09:05:00+00:00,1566.78,1566.95,1565.775,1566.12,-0.00042443602664066216
2020-02-04 09:10:00+00:00,1566.125,1567.07,1566.035,1566.75,0.0004022680254387456
2020-02-04 09:15:00+00:00,1566.735,1568.035,1566.645,1567.56,0.0005169937769267108
2020-02-04 09:20:00+00:00,1567.565,1567.75,1567.395,1567.625,4.1465717420807735e-05
2020-02-04 09:25:00+00:00,1567.615,1567.65,1567.19,1567.255,-0.00023602583526027843
2020-02-04 09:30:00+00:00,1567.26,1567.26,1565.98,1566.325,-0.0005933941828228928
2020-02-04 09:35:00+00:00,1566.32,1566.94,1565.515,1566.515,0.00012130305013324794
2020-02-04 09:40:00+00:00,1566.51,1567.645,1566.295,1567.46,0.0006032498890848892
2020-02-04 09:45:00+00:00,1567.455,1567.655,1567.025,1567.18,-0.00017863294757125558
2020-02-04 09:50:00+00:00,1567.175,1567.895,1566.89,1567.44,0.00016590308707353785
2020-02-04 09:55:00+00:00,1567.445,1568.475,1567.42,1568.21,0.0004912468738835774
2020-02-04 10:00:00+00:00,1568.22,1568.645,1567.445,1567.475,-0.00046868722938897545
2020-02-04 10:05:00+00:00,1567.47,1568.295,1567.45,1568.0,0.0003349335715083779
2020-02-04 10:10:00+00:00,1567.99,1568.63,1567.8,1568.465,0.0002965561224488322
2020-02-04 10:15:00+00:00,1568.47,1569.185,1568.32,1569.105,0.0004080422578764953
2020-02-04 10:20:00+00:00,1569.11,1569.795,1569.03,1569.38,0.00017525914454430414
2020-02-04 10:25:00+00:00,1569.375,1569.845,1569.13,1569.745,0.00023257592170145003
2020-02-04 10:30:00+00:00,1569.755,1571.425,1569.695,1570.71,0.0006147495293822303
2020-02-04 10:35:00+00:00,1570.7,1570.745,1570.085,1570.455,-0.00016234696411188132
2020-02-04 10:40:00+00:00,1570.445,1570.76,1570.195,1570.22,-0.00014963816218860337
2020-02-04 10:45:00+00:00,1570.205,1570.895,1570.065,1570.825,0.000385296327903184
2020-02-04 10:50:00+00:00,1570.82,1571.025,1570.31,1570.475,-0.00022281285311864796
2020-02-04 10:55:00+00:00,1570.47,1570.93,1570.44,1570.825,0.00022286250975023236
2020-02-04 11:00:00+00:00,1570.82,1571.675,1570.8,1571.52,0.00044244266547832645
2020-02-04 11:05:00+00:00,1571.505,1571.595,1571.03,1571.115,-0.0002577122785583086
2020-02-04 11:10:00+00:00,1571.11,1571.185,1570.305,1570.305,-0.0005155574225947923
2020-02-04 11:15:00+00:00,1570.3,1570.61,1570.085,1570.61,0.0001942297833859019
2020-02-04 11:20:00+00:00,1570.605,1570.74,1570.285,1570.69,5.093562373859051e-05
2020-02-04 11:25:00+00:00,1570.695,1570.88,1570.385,1570.42,-0.00017189897433611545
2020-02-04 11:30:00+00:00,1570.415,1570.415,1569.83,1570.015,-0.0002578927930108055
2020-02-04 11:35:00+00:00,1570.025,1570.635,1569.91,1570.63,0.0003917160027133715
2020-02-04 11:40:00+00:00,1570.635,1571.46,1569.995,1570.24,-0.0002483080037947172
2020-02-04 11:45:00+00:00,1570.23,1570.32,1569.715,1569.83,-0.0002611065824332792
2020-02-04 11:50:00+00:00,1569.825,1570.435,1569.715,1570.19,0.0002293241943396307
2020-02-04 11:55:00+00:00,1570.18,1570.525,1570.0,1570.25,3.821193613506857e-05
2020-02-04 12:00:00+00:00,1570.275,1570.78,1570.13,1570.43,0.00011463142811662941
2020-02-04 12:05:00+00:00,1570.415,1570.535,1569.83,1570.2,-0.00014645670294122226
2020-02-04 12:10:00+00:00,1570.195,1570.455,1569.355,1569.46,-0.0004712775442619055
2020-02-04 12:15:00+00:00,1569.455,1569.455,1568.73,1568.995,-0.0002962802492577632
2020-02-04 12:20:00+00:00,1569.005,1569.435,1568.795,1569.43,0.0002772475374364092
2020-02-04 12:25:00+00:00,1569.435,1569.85,1568.3,1568.51,-0.0005862000853813498
2020-02-04 12:30:00+00:00,1568.495,1568.82,1568.07,1568.615,6.694251232053361e-05
2020-02-04 12:35:00+00:00,1568.6,1568.615,1567.86,1568.02,-0.0003793155108169355
2020-02-04 12:40:00+00:00,1568.025,1568.08,1566.68,1566.94,-0.000688766724914136
2020-02-04 12:45:00+00:00,1566.935,1567.85,1566.835,1567.48,0.00034462072574559244
2020-02-04 12:50:00+00:00,1567.475,1567.755,1566.785,1567.665,0.0001180238344349327
2020-02-04 12:55:00+00:00,1567.675,1567.85,1567.15,1567.195,-0.0002998089515298119
2020-02-04 13:00:00+00:00,1567.19,1567.85,1566.275,1566.455,-0.0004721811899603967
2020-02-04 13:05:00+00:00,1566.46,1567.85,1566.365,1567.25,0.0005075153770774943
2020-02-04 13:10:00+00:00,1567.245,1567.31,1565.945,1566.445,-0.0005136385388420095
2020-02-04 13:15:00+00:00,1566.44,1567.305,1566.04,1567.06,0.0003926087414496404
2020-02-04 13:20:00+00:00,1567.025,1567.475,1566.275,1566.485,-0.00036692915395708514
2020-02-04 13:25:00+00:00,1566.495,1566.605,1564.4,1565.675,-0.0005170812360156818
2020-02-04 13:30:00+00:00,1565.685,1567.48,1565.175,1567.4,0.0011017612211985384
2020-02-04 13:35:00+00:00,1567.395,1567.405,1565.075,1565.14,-0.0014418782697460664
2020-02-04 13:40:00+00:00,1565.13,1565.17,1562.35,1563.445,-0.0010829702135273234
2020-02-04 13:45:00+00:00,1563.45,1565.045,1563.32,1564.825,0.0008826661635044086
2020-02-04 13:50:00+00:00,1564.835,1564.835,1562.51,1562.51,-0.0014793986548017335
2020-02-04 13:55:00+00:00,1562.435,1562.61,1559.93,1560.035,-0.0015839898624647741
2020-02-04 14:00:00+00:00,1560.025,1560.86,1558.74,1559.44,-0.0003814016993208824
2020-02-04 14:05:00+00:00,1559.435,1560.06,1558.945,1559.42,-1.2825116708525819e-05
2020-02-04 14:10:00+00:00,1559.425,1560.54,1558.34,1560.325,0.0005803439740417193
2020-02-04 14:15:00+00:00,1560.33,1560.71,1559.685,1560.25,-4.806690913750078e-05
2020-02-04 14:20:00+00:00,1560.245,1561.06,1559.965,1560.97,0.0004614645088927283
2020-02-04 14:25:00+00:00,1560.985,1561.765,1560.685,1561.265,0.00018898505416498068
2020-02-04 14:30:00+00:00,1561.26,1562.125,1560.08,1561.96,0.0004451518480206307
2020-02-04 14:35:00+00:00,1561.955,1562.055,1560.27,1561.62,-0.00021767522855908883
2020-02-04 14:40:00+00:00,1561.61,1561.62,1559.815,1560.785,-0.0005347011436840354
2020-02-04 14:45:00+00:00,1560.76,1560.76,1556.685,1556.91,-0.00248272503900282
2020-02-04 14:50:00+00:00,1556.905,1558.125,1556.685,1557.46,0.00035326383670208905
2020-02-04 14:55:00+00:00,1557.47,1558.51,1556.595,1557.65,0.00012199350224095795
2020-02-04 15:00:00+00:00,1557.64,1559.265,1556.88,1559.11,0.0009373094084035305
2020-02-04 15:05:00+00:00,1559.115,1559.38,1557.34,1557.435,-0.001074330868251705
2020-02-04 15:10:00+00:00,1557.45,1559.07,1556.615,1558.72,0.0008250745616993349
2020-02-04 15:15:00+00:00,1558.715,1559.02,1557.015,1557.255,-0.000939873742557995
2020-02-04 15:20:00+00:00,1557.25,1557.705,1554.935,1555.42,-0.001178355503755002
2020-02-04 15:25:00+00:00,1555.415,1555.415,1552.47,1552.79,-0.0016908616322279801
2020-02-04 15:30:00+00:00,1552.795,1553.77,1552.405,1553.615,0.0005313017214176874
2020-02-04 15:35:00+00:00,1553.625,1553.825,1551.34,1551.765,-0.001190771201359353
2020-02-04 15:40:00+00:00,1551.76,1552.52,1551.32,1552.13,0.0002352160282002025
2020-02-04 15:45:00+00:00,1552.12,1553.695,1551.61,1553.35,0.0007860166352045006
2020-02-04 15:50:00+00:00,1553.355,1554.65,1553.085,1554.415,0.0006856149612128881
2020-02-04 15:55:00+00:00,1554.42,1555.595,1553.73,1555.32,0.0005822126008820927
2020-02-04 16:00:00+00:00,1555.315,1555.63,1554.82,1555.235,-5.465113288583012e-05
2020-02-04 16:05:00+00:00,1555.245,1555.68,1554.23,1555.485,0.00016074741116289815
2020-02-04 16:10:00+00:00,1555.49,1556.125,1555.05,1555.685,0.00012857726046866524
2020-02-04 16:15:00+00:00,1555.68,1556.005,1555.315,1555.74,3.5354200882631304e-05
2020-02-04 16:20:00+00:00,1555.735,1555.735,1554.085,1554.31,-0.0009191767261882422
2020-02-04 16:25:00+00:00,1554.315,1554.365,1552.84,1553.39,-0.0005919025162289815
2020-02-04 16:30:00+00:00,1553.385,1553.39,1552.495,1552.84,-0.00035406433670881476
2020-02-04 16:35:00+00:00,1552.835,1553.24,1552.21,1553.09,0.0001609953375749651
2020-02-04 16:40:00+00:00,1553.095,1553.88,1552.585,1552.9,-0.0001223367609087811
2020-02-04 16:45:00+00:00,1552.915,1553.0,1552.265,1552.935,2.2538476398992202e-05
2020-02-04 16:50:00+00:00,1552.905,1554.235,1552.76,1553.89,0.0006149645670940895
2020-02-04 16:55:00+00:00,1553.9,1553.93,1552.125,1552.25,-0.0010554157630205951
2020-02-04 17:00:00+00:00,1552.265,1552.725,1551.6,1551.715,-0.0003446609760026087
2020-02-04 17:05:00+00:00,1551.71,1552.145,1550.74,1550.805,-0.0005864478979709098
2020-02-04 17:10:00+00:00,1550.77,1551.22,1550.715,1551.115,0.00019989618295013223
2020-02-04 17:15:00+00:00,1551.11,1553.375,1550.17,1552.26,0.0007381786650249023
2020-02-04 17:20:00+00:00,1552.24,1552.24,1550.715,1550.9,-0.0008761418834473123
2020-02-04 17:25:00+00:00,1550.91,1551.525,1550.685,1551.065,0.00010638983815836056
2020-02-04 17:30:00+00:00,1551.06,1551.06,1550.435,1550.645,-0.0002707816887107528
2020-02-04 17:35:00+00:00,1550.64,1550.84,1549.99,1550.4,-0.00015799876825439707
2020-02-04 17:40:00+00:00,1550.405,1550.445,1549.3,1549.56,-0.0005417956656347256
2020-02-04 17:45:00+00:00,1549.55,1550.73,1549.12,1550.54,0.0006324375951882732
2020-02-04 17:50:00+00:00,1550.53,1551.35,1550.26,1551.16,0.00039986069369390975
2020-02-04 17:55:00+00:00,1551.15,1551.455,1550.445,1550.745,-0.0002675417107198541
2020-02-04 18:00:00+00:00,1550.735,1550.735,1549.92,1549.965,-0.0005029840496019178
2020-02-04 18:05:00+00:00,1549.97,1550.785,1549.715,1550.665,0.00045162310116686477
2020-02-04 18:10:00+00:00,1550.66,1551.83,1550.365,1551.795,0.0007287196138432428
2020-02-04 18:15:00+00:00,1551.8,1552.495,1551.645,1552.155,0.00023198940581714567
2020-02-04 18:20:00+00:00,1552.145,1552.465,1551.7,1552.385,0.0001481810772765435
2020-02-04 18:25:00+00:00,1552.39,1552.795,1551.55,1552.035,-0.000225459534844763
2020-02-04 18:30:00+00:00,1552.03,1552.255,1550.99,1551.105,-0.0005992132909373726
2020-02-04 18:35:00+00:00,1551.095,1551.215,1550.595,1550.87,-0.00015150489489756946
2020-02-04 18:40:00+00:00,1550.875,1552.21,1550.84,1551.9,0.0006641433517962092
2020-02-04 18:45:00+00:00,1551.895,1551.95,1550.745,1551.225,-0.0004349507055868562
2020-02-04 18:50:00+00:00,1551.23,1552.225,1551.22,1552.03,0.0005189447049913642
2020-02-04 18:55:00+00:00,1552.015,1552.185,1551.585,1551.595,-0.00028027808740804794
2020-02-04 19:00:00+00:00,1551.6,1552.025,1550.87,1551.12,-0.00030613658847844505
2020-02-04 19:05:00+00:00,1551.1,1551.295,1550.585,1551.205,5.4799112899184266e-05
2020-02-04 19:10:00+00:00,1551.2,1551.215,1550.845,1550.98,-0.00014504852679042557
2020-02-04 19:15:00+00:00,1550.985,1552.38,1550.885,1552.235,0.0008091658177409311
2020-02-04 19:20:00+00:00,1552.255,1552.765,1552.17,1552.635,0.00025769293953570305
2020-02-04 19:25:00+00:00,1552.62,1552.795,1552.02,1552.43,-0.00013203360738356373
2020-02-04 19:30:00+00:00,1552.435,1552.785,1551.705,1552.215,-0.00013849255683040518
2020-02-04 19:35:00+00:00,1552.2,1552.295,1551.69,1551.91,-0.000196493398143871
2020-02-04 19:40:00+00:00,1551.92,1552.015,1551.38,1551.43,-0.00030929628651144014
2020-02-04 19:45:00+00:00,1551.435,1551.925,1551.415,1551.625,0.00012569049199773197
2020-02-04 19:50:00+00:00,1551.63,1552.54,1551.54,1552.525,0.0005800370579231995
2020-02-04 19:55:00+00:00,1552.535,1552.82,1552.335,1552.67,9.339624160631388e-05
2020-02-04 20:00:00+00:00,1552.665,1553.375,1552.585,1553.14,0.00030270437375623516
2020-02-04 20:05:00+00:00,1553.135,1553.69,1553.08,1553.685,0.00035090204360188615
2020-02-04 20:10:00+00:00,1553.69,1554.42,1553.685,1554.285,0.0003861786655596777
2020-02-04 20:15:00+00:00,1554.28,1554.54,1554.175,1554.375,5.790443837505599e-05
2020-02-04 20:20:00+00:00,1554.37,1554.495,1553.99,1554.115,-0.0001672698029754338
2020-02-04 20:25:00+00:00,1554.1,1554.255,1554.0,1554.025,-5.791077236882991e-05
2020-02-04 20:30:00+00:00,1554.03,1554.38,1554.03,1554.295,0.00017374237866185638
2020-02-04 20:35:00+00:00,1554.28,1554.355,1553.79,1554.085,-0.00013510948693784552
2020-02-04 20:40:00+00:00,1554.09,1554.835,1554.085,1554.36,0.00017695299806619325
2020-02-04 20:45:00+00:00,1554.365,1554.535,1553.67,1553.875,-0.00031202552819165064
2020-02-04 20:50:00+00:00,1553.87,1554.905,1553.86,1554.835,0.0006178103129272916
2020-02-04 20:55:00+00:00,1554.84,1555.455,1554.825,1555.21,0.00024118314805110508
2020-02-04 21:00:00+00:00,1555.2,1555.455,1554.35,1554.35,-0.0005529799834106397
2020-02-04 21:05:00+00:00,1554.355,1554.655,1554.22,1554.46,7.076913179160371e-05
2020-02-04 21:10:00+00:00,1554.45,1554.665,1554.31,1554.355,-6.754757279059387e-05
2020-02-04 21:15:00+00:00,1554.35,1554.39,1554.01,1554.02,-0.00021552348080078332
2020-02-04 21:20:00+00:00,1554.025,1554.12,1553.78,1553.95,-4.5044465322163774e-05
2020-02-04 21:25:00+00:00,1553.94,1554.075,1553.8,1554.02,4.504649441749997e-05
2020-02-04 21:30:00+00:00,1554.05,1554.055,1552.915,1552.97,-0.0006756669798329007
2020-02-04 21:35:00+00:00,1552.98,1553.11,1552.595,1552.61,-0.00023181387921211716
2020-02-04 21:40:00+00:00,1552.635,1552.79,1552.15,1552.34,-0.00017390072201006745
2020-02-04 21:45:00+00:00,1552.335,1552.63,1552.315,1552.61,0.00017393096873097313
2020-02-04 21:50:00+00:00,1552.625,1553.11,1552.525,1552.83,0.0001416968846008615
2020-02-04 21:55:00+00:00,1552.835,1553.025,1552.45,1553.005,0.00011269746205333497
2020-02-04 23:00:00+00:00,1553.205,1553.495,1552.94,1553.48,0.0003058586417943321
2020-02-04 23:05:00+00:00,1553.475,1553.475,1553.075,1553.075,-0.00026070499781138956
2020-02-04 23:10:00+00:00,1553.08,1553.18,1552.77,1552.815,-0.0001674098160101556
2020-02-04 23:15:00+00:00,1552.79,1552.955,1552.695,1552.94,8.049896478334873e-05
2020-02-04 23:20:00+00:00,1552.975,1553.105,1552.57,1552.58,-0.00023181835743824042
2020-02-04 23:25:00+00:00,1552.59,1552.84,1552.47,1552.81,0.00014814051449851817
2020-02-04 23:30:00+00:00,1552.8,1553.08,1552.565,1552.98,0.00010947894462298713
2020-02-04 23:35:00+00:00,1552.97,1553.455,1552.85,1553.065,5.473348014795043e-05
2020-02-04 23:40:00+00:00,1553.07,1553.74,1552.915,1553.7,0.00040886891405067516
2020-02-04 23:45:00+00:00,1553.705,1554.1,1553.47,1553.505,-0.00012550685460510635
2020-02-04 23:50:00+00:00,1553.5,1554.325,1553.42,1554.29,0.0005053089626361196
2020-02-04 23:55:00+00:00,1554.285,1554.285,1554.005,1554.185,-6.755496078592049e-05
