,date_time,tick_num,open,high,low,close,volume,cum_buy_volume,cum_ticks,cum_dollar_value,Returns
1,2020-02-03 00:09:40.508000+00:00,3044,142.8515,142.8955,142.8435,142.8815,1036013000.0,580586000.0,1522,148017709765.5,0.0002029859946632933
2,2020-02-03 00:15:05.708000+00:00,4566,142.881,142.9255,142.876,142.9145,1117205000.0,698536000.0,1522,159656420395.5,0.0002309339539157915
3,2020-02-03 00:22:42.262000+00:00,6088,142.915,142.928,142.888,142.9105,1014420000.0,597866000.0,1522,144967940227.5,-2.79891542044769e-05
4,2020-02-03 00:32:47.789000+00:00,7610,142.91,142.93,142.898,142.93,1151954000.0,666657000.0,1522,164629232580.0,0.00013643972796193793
5,2020-02-03 00:37:56.890000+00:00,9132,142.9295,142.976,142.918,142.975,567998000.0,325300000.0,1522,81192137320.0,0.00031478988035601053
6,2020-02-03 00:40:28.894000+00:00,10654,142.975,143.034,142.971,143.022,971010000.0,572056000.0,1522,138860218549.5,0.0003286747792676374
7,2020-02-03 00:45:23.841000+00:00,12176,143.021,143.076,143.0015,143.0695,1215042000.0,697452000.0,1522,173779888043.0,0.00033206159872953197
8,2020-02-03 00:49:15.144000+00:00,13698,143.0685,143.0685,143.0085,143.019,955168000.0,540195000.0,1522,136618716099.5,-0.0003530376126583485
9,2020-02-03 00:54:15.690000+00:00,15220,143.018,143.018,142.9785,142.989,971204000.0,544033000.0,1522,138880250643.5,-0.00020978434246611766
10,2020-02-03 00:57:50.166000+00:00,16742,142.9895,143.036,142.9555,142.962,871579000.0,476389000.0,1522,124626830483.0,-0.00018884354368587695
11,2020-02-03 01:01:00.872000+00:00,18264,142.9625,142.974,142.8725,142.9125,1117138000.0,585287000.0,1522,159662437916.5,-0.00034630581247852666
12,2020-02-03 01:03:32.917000+00:00,19786,142.9115,142.954,142.892,142.8955,901332000.0,504837000.0,1522,128818672430.5,-0.00011896098093856936
13,2020-02-03 01:05:25.069000+00:00,21308,142.895,142.916,142.849,142.862,942780000.0,541707000.0,1522,134703059881.0,-0.00023446453831287698
14,2020-02-03 01:08:30.203000+00:00,22830,142.8625,142.948,142.856,142.933,792703000.0,493207000.0,1522,113271198476.5,0.0004968596473741273
15,2020-02-03 01:10:19.733000+00:00,24352,142.9325,142.9685,142.9205,142.944,513258000.0,288999000.0,1522,73368155012.5,7.695617349712575e-05
16,2020-02-03 01:12:45.720000+00:00,25874,142.9435,143.008,142.9435,142.991,757064000.0,437853000.0,1522,108251540543.0,0.00032874604664227363
17,2020-02-03 01:15:17.728000+00:00,27396,142.9905,142.9945,142.922,142.968,715573000.0,404073000.0,1522,102298162346.5,-0.00016086222185436269
18,2020-02-03 01:16:58.629000+00:00,28918,142.9685,142.9775,142.9245,142.937,650532000.0,368047000.0,1522,92993615113.0,-0.00021685524997084322
19,2020-02-03 01:19:01.845000+00:00,30440,142.9365,142.95,142.9165,142.949,649559000.0,393569000.0,1522,92846190748.0,8.39495463719015e-05
20,2020-02-03 01:22:35.902000+00:00,31962,142.9495,142.996,142.943,142.9475,756178000.0,443257000.0,1522,108113197769.0,-1.0493307893090902e-05
21,2020-02-03 01:24:32.073000+00:00,33484,142.9485,142.954,142.8935,142.898,762203000.0,391990000.0,1522,108939527001.5,-0.00034634094638396256
22,2020-02-03 01:27:35.174000+00:00,35006,142.8985,142.975,142.895,142.895,738162000.0,433598000.0,1522,105505844952.0,-2.099421609410153e-05
23,2020-02-03 01:29:38.749000+00:00,36528,142.8955,142.958,142.876,142.949,703682000.0,377654000.0,1522,100569821282.5,0.0003778284703712182
24,2020-02-03 01:31:23.812000+00:00,38050,142.9485,142.9655,142.928,142.959,656364000.0,388468000.0,1522,93825647846.5,6.9952572184478e-05
25,2020-02-03 01:33:23.060000+00:00,39572,142.9585,143.0065,142.9555,142.9885,815609000.0,476513000.0,1522,116618074039.0,0.0002063315825781939
26,2020-02-03 01:34:59.041000+00:00,41094,142.9875,143.056,142.985,143.021,853074000.0,506116000.0,1522,122011407738.5,0.00022726517923269405
27,2020-02-03 01:37:24.340000+00:00,42616,143.0215,143.038,142.9835,143.025,827097000.0,445005000.0,1522,118284197353.0,2.7967529700064195e-05
28,2020-02-03 01:39:28.421000+00:00,44138,143.026,143.0945,143.024,143.0455,911823000.0,530178000.0,1522,130451559253.5,0.00014332131439689366
29,2020-02-03 01:42:23.728000+00:00,45660,143.046,143.111,143.0365,143.1105,889152000.0,542335000.0,1522,127205176478.0,0.0004542976636374584
30,2020-02-03 01:46:14.783000+00:00,47182,143.11,143.11,143.03,143.049,705805000.0,381310000.0,1522,100978151921.0,-0.0004298302236819506
31,2020-02-03 01:48:47.330000+00:00,48704,143.0495,143.0495,142.9855,143.021,642618000.0,374025000.0,1522,91902021919.5,-0.00019575628405236022
32,2020-02-03 01:51:25.985000+00:00,50226,143.0205,143.0655,143.0095,143.0425,671772000.0,390496000.0,1522,96090490509.0,0.0001503162762147121
33,2020-02-03 01:54:45.549000+00:00,51748,143.043,143.09,143.043,143.0675,925895000.0,533940000.0,1522,132466788881.0,0.0001747579606698972
34,2020-02-03 01:58:15.141000+00:00,53270,143.067,143.0785,143.038,143.044,830913000.0,455562000.0,1522,118866381869.5,-0.0001642716217476861
35,2020-02-03 02:01:25.898000+00:00,54792,143.0445,143.061,143.033,143.0485,956395000.0,555059000.0,1522,136807814987.5,3.1458357002462636e-05
36,2020-02-03 02:05:15.167000+00:00,56314,143.048,143.0525,143.008,143.03,785824000.0,426514000.0,1522,112394466120.5,-0.00012933513022316809
37,2020-02-03 02:08:48.714000+00:00,57836,143.0285,143.03,142.948,142.9855,836243000.0,446103000.0,1522,119570997881.5,-0.00031117194948576156
38,2020-02-03 02:12:27.878000+00:00,59358,142.985,142.985,142.929,142.948,766306000.0,425251000.0,1522,109548583759.0,-0.0002622987527869385
39,2020-02-03 02:15:56.390000+00:00,60880,142.9475,142.963,142.914,142.9155,898853000.0,509325000.0,1522,128479962902.5,-0.00022738125112183
40,2020-02-03 02:21:02.002000+00:00,62402,142.916,142.96,142.9015,142.9355,1144023000.0,662934000.0,1522,163519431972.0,0.00013993304226753855
41,2020-02-03 02:25:18.083000+00:00,63924,142.9375,143.0115,142.9265,143.007,749402000.0,450107000.0,1522,107145688655.5,0.0005001005551129535
42,2020-02-03 02:30:22.700000+00:00,65446,143.008,143.0275,142.987,143.012,711471000.0,384614000.0,1522,101747759617.0,3.4962712270999e-05
43,2020-02-03 02:35:25.605000+00:00,66968,143.0125,143.0195,142.949,142.9965,1099069000.0,594193000.0,1522,157154134154.5,-0.0001083883871645593
44,2020-02-03 02:40:57.219000+00:00,68490,142.996,143.025,142.9675,142.986,1074571000.0,631587000.0,1522,153660491769.5,-7.343106661929967e-05
45,2020-02-03 02:46:59.596000+00:00,70012,142.9855,142.9895,142.9215,142.9285,647015000.0,360687000.0,1522,92500118763.0,-0.00040221815105680853
46,2020-02-03 02:51:34.522000+00:00,71534,142.929,142.9465,142.896,142.9085,643922000.0,365397000.0,1522,92030826732.5,-0.00013993989604316816
47,2020-02-03 02:58:33.967000+00:00,73056,142.908,142.939,142.898,142.929,657800000.0,381118000.0,1522,94013368798.0,0.00014343814254710248
48,2020-02-03 03:04:05.508000+00:00,74578,142.9285,142.9315,142.9065,142.9065,704283000.0,393826000.0,1522,100657119995.0,-0.00015743320928632867
49,2020-02-03 03:08:28.102000+00:00,76100,142.906,142.908,142.8465,142.8635,653747000.0,383455000.0,1522,93407832950.5,-0.0003009413187145569
50,2020-02-03 03:15:30.040000+00:00,77622,142.863,142.872,142.8375,142.868,718209000.0,407300000.0,1522,102600573182.0,3.1498102242098484e-05
51,2020-02-03 03:20:36.181000+00:00,79144,142.8675,142.894,142.8585,142.8885,804020000.0,465389000.0,1522,114874869344.0,0.00014347880125336167
52,2020-02-03 03:26:13.466000+00:00,80666,142.889,142.9015,142.828,142.848,884206000.0,510363000.0,1522,126327959753.5,-0.0002834779614868502
53,2020-02-03 03:31:38.912000+00:00,82188,142.849,142.8725,142.816,142.82,741331000.0,378457000.0,1522,105900639932.0,-0.00019603175777261565
54,2020-02-03 03:38:52.799000+00:00,83710,142.8205,142.86,142.7895,142.804,872766000.0,495119000.0,1522,124661083139.5,-0.0001120354033045588
55,2020-02-03 03:46:49.530000+00:00,85232,142.8045,142.8415,142.773,142.8295,871297000.0,527560000.0,1522,124421304819.0,0.00017855048562395083
56,2020-02-03 03:58:01.513000+00:00,86754,142.83,142.851,142.807,142.8085,852004000.0,468468000.0,1522,121691462232.0,-0.00014703925974715492
57,2020-02-03 04:07:57.623000+00:00,88276,142.808,142.8355,142.795,142.8165,883778000.0,490459000.0,1522,126216951403.5,5.6017505484948863e-05
58,2020-02-03 04:21:10.180000+00:00,89798,142.816,142.878,142.799,142.865,852016000.0,480774000.0,1522,121693676098.5,0.0003395389653579741
59,2020-02-03 04:35:32.522000+00:00,91320,142.8645,142.865,142.822,142.8595,723467000.0,412855000.0,1522,103339813288.0,-3.8498623679064214e-05
60,2020-02-03 04:47:58.191000+00:00,92842,142.86,142.9005,142.853,142.8585,531859000.0,281777000.0,1522,75986481282.5,-6.9999090012295294e-06
61,2020-02-03 05:02:27.835000+00:00,94364,142.858,142.8595,142.796,142.8345,631049000.0,335901000.0,1522,90126822976.0,-0.00016801251732773115
62,2020-02-03 05:11:11.087000+00:00,95886,142.835,142.8445,142.8165,142.8395,725614000.0,411253000.0,1522,103641362692.5,3.500493569940822e-05
63,2020-02-03 05:21:10.704000+00:00,97408,142.839,142.9015,142.835,142.8975,719428000.0,406395000.0,1522,102783596545.0,0.0004059677311416759
64,2020-02-03 05:31:13.271000+00:00,98930,142.8985,142.9085,142.8435,142.872,563832000.0,312393000.0,1522,80562045993.0,-0.00017846551201358154
65,2020-02-03 05:39:48.303000+00:00,100452,142.8715,142.891,142.8545,142.8645,584776000.0,317386000.0,1522,83547079004.5,-5.249591845449822e-05
66,2020-02-03 05:52:10.468000+00:00,101974,142.864,142.878,142.851,142.851,754645000.0,446514000.0,1522,107812163386.5,-9.44995984469787e-05
67,2020-02-03 06:03:35.578000+00:00,103496,142.8515,142.866,142.8325,142.851,838212000.0,504447000.0,1522,119737176752.5,0.0
68,2020-02-03 06:13:19.377000+00:00,105018,142.8515,142.8605,142.805,142.8095,729393000.0,429023000.0,1522,104179537465.0,-0.00029055469896568215
69,2020-02-03 06:28:21.322000+00:00,106540,142.809,142.828,142.8005,142.8255,887537000.0,541420000.0,1522,126751593425.0,0.0001120310887441918
70,2020-02-03 06:42:38.332000+00:00,108062,142.825,142.825,142.746,142.746,745855000.0,402928000.0,1522,106500995096.5,-0.0005567782643139326
71,2020-02-03 06:53:05.062000+00:00,109584,142.7455,142.804,142.7285,142.7865,754213000.0,452902000.0,1522,107670616528.0,0.00028368049361513967
72,2020-02-03 07:00:39.423000+00:00,111106,142.7855,142.7985,142.733,142.7425,964383000.0,559240000.0,1522,137682106510.0,-0.0003081998700536658
73,2020-02-03 07:04:06.486000+00:00,112628,142.742,142.811,142.7195,142.779,1256266000.0,751179000.0,1522,179365063664.5,0.0002556725164222809
74,2020-02-03 07:09:48.273000+00:00,114150,142.7795,142.8055,142.756,142.773,1171854000.0,727296000.0,1522,167314843433.5,-4.202386956406865e-05
75,2020-02-03 07:18:27.588000+00:00,115672,142.7725,142.7935,142.725,142.7525,1243760000.0,768431000.0,1522,177557308518.0,-0.00014359488056387597
76,2020-02-03 07:24:05.197000+00:00,117194,142.753,142.8255,142.735,142.8115,1297320000.0,821325000.0,1522,185233752797.0,0.0004132173582069457
77,2020-02-03 07:29:55.880000+00:00,118716,142.812,142.8865,142.812,142.8425,1294274000.0,802377000.0,1522,184890077345.5,0.0002170457975151729
78,2020-02-03 07:34:07.002000+00:00,120238,142.843,142.866,142.8155,142.832,1217710000.0,707206000.0,1522,173938880175.5,-7.351023633350687e-05
79,2020-02-03 07:37:55.550000+00:00,121760,142.8315,142.8805,142.812,142.8625,1166775000.0,674510000.0,1522,166666835714.5,0.00021351478671020064
80,2020-02-03 07:42:30.818000+00:00,123282,142.862,142.912,142.828,142.9075,1222735000.0,717905000.0,1522,174687273233.5,0.0003149385895786758
81,2020-02-03 07:48:24.112000+00:00,124804,142.9085,142.9455,142.893,142.92,1191280000.0,688321000.0,1522,170259707305.5,8.746534191389537e-05
82,2020-02-03 07:56:20.134000+00:00,126326,142.9195,142.925,142.8195,142.8445,1306740000.0,725768000.0,1522,186689131316.0,-0.0005284071447411883
83,2020-02-03 08:00:39.226000+00:00,127848,142.8435,142.8495,142.7305,142.7765,1168980000.0,664491000.0,1522,166908504205.0,-0.0004761554737556025
84,2020-02-03 08:03:48.683000+00:00,129370,142.777,142.825,142.7755,142.804,1058058000.0,657829000.0,1522,151088626779.0,0.000192590180947204
85,2020-02-03 08:07:01.981000+00:00,130892,142.8045,142.817,142.6955,142.706,1357199000.0,755766000.0,1522,193745088526.0,-0.0006864908679115871
86,2020-02-03 08:09:33.577000+00:00,132414,142.7065,142.7275,142.6755,142.68,943359000.0,571884000.0,1522,134621084072.0,-0.0001822093590569914
87,2020-02-03 08:12:27.797000+00:00,133936,142.6815,142.7145,142.6445,142.6685,1037403000.0,626435000.0,1522,148018955951.0,-8.06031922806414e-05
88,2020-02-03 08:15:29.344000+00:00,135458,142.6675,142.6995,142.6605,142.69,928744000.0,620835000.0,1522,132514815511.0,0.0001506876440735568
89,2020-02-03 08:18:26.461000+00:00,136980,142.6905,142.6995,142.574,142.579,1065447000.0,633728000.0,1522,151977626981.0,-0.0007782128839932385
90,2020-02-03 08:21:08.799000+00:00,138502,142.5795,142.608,142.5405,142.544,1151398000.0,701963000.0,1522,164162752308.5,-0.00024550808020253013
91,2020-02-03 08:24:35.233000+00:00,140024,142.5445,142.546,142.4835,142.515,1034014000.0,614287000.0,1522,147350019672.0,-0.0002034666514656047
92,2020-02-03 08:27:30.836000+00:00,141546,142.516,142.558,142.5135,142.5565,818691000.0,495524000.0,1522,116695138665.0,0.0002911550280766092
93,2020-02-03 08:32:00.674000+00:00,143068,142.557,142.5985,142.5505,142.556,518485000.0,285109000.0,1522,73922153954.5,-3.507387434727647e-06
94,2020-02-03 08:35:42.031000+00:00,144590,142.557,142.566,142.4565,142.459,809441000.0,428284000.0,1522,115352766850.0,-0.0006806659561431218
95,2020-02-03 08:39:13.671000+00:00,146112,142.46,142.5215,142.46,142.486,949631000.0,557177000.0,1522,135312459934.5,0.00018951025693225926
96,2020-02-03 08:43:02.068000+00:00,147634,142.485,142.548,142.4755,142.516,1055871000.0,551833000.0,1522,150468832364.0,0.0002105248391997526
97,2020-02-03 08:46:58.278000+00:00,149156,142.517,142.545,142.4895,142.507,758601000.0,427843000.0,1522,108112392664.5,-6.31527982160991e-05
98,2020-02-03 08:50:45.788000+00:00,150678,142.5075,142.581,142.4965,142.567,1052543000.0,676140000.0,1522,150024263511.0,0.00042094334022733183
99,2020-02-03 08:53:47.481000+00:00,152200,142.5675,142.5885,142.5245,142.528,789891000.0,421172000.0,1522,112602457637.5,-0.00027359301456211983
100,2020-02-03 08:56:52.258000+00:00,153722,142.526,142.526,142.4765,142.4855,731058000.0,395440000.0,1522,104178084244.5,-0.0002982314894908485
101,2020-02-03 08:59:34.494000+00:00,155244,142.485,142.4965,142.419,142.447,817374000.0,442535000.0,1522,116441611306.0,-0.000270239444319628
102,2020-02-03 09:01:34.753000+00:00,156766,142.448,142.4895,142.392,142.393,794485000.0,400561000.0,1522,113172530920.0,-0.00037916023484716447
103,2020-02-03 09:04:25.453000+00:00,158288,142.3935,142.407,142.3485,142.357,1034719000.0,549691000.0,1522,147319490160.0,-0.0002528533815052609
104,2020-02-03 09:08:08.104000+00:00,159810,142.3575,142.402,142.3515,142.359,873175000.0,483285000.0,1522,124316124370.5,1.4049087511956375e-05
105,2020-02-03 09:11:18.267000+00:00,161332,142.36,142.375,142.3225,142.324,1000599000.0,572884000.0,1522,142434291746.0,-0.0002458875322821685
106,2020-02-03 09:14:26.978000+00:00,162854,142.3235,142.3415,142.287,142.306,903929000.0,509716000.0,1522,128646269715.0,-0.00012647999173664908
107,2020-02-03 09:17:25.969000+00:00,164376,142.3065,142.3095,142.2415,142.2925,1105443000.0,654876000.0,1522,157279463072.5,-9.487049306404355e-05
108,2020-02-03 09:20:32.259000+00:00,165898,142.2915,142.3025,142.2225,142.229,892908000.0,497501000.0,1522,127038836179.5,-0.0004463634632481909
109,2020-02-03 09:24:15.999000+00:00,167420,142.2295,142.255,142.203,142.2165,888303000.0,512596000.0,1522,126347789593.0,-8.78902989013009e-05
110,2020-02-03 09:28:01.811000+00:00,168942,142.217,142.23,142.1895,142.206,927594000.0,485531000.0,1522,131913400955.5,-7.383382119753232e-05
111,2020-02-03 09:30:55.540000+00:00,170464,142.205,142.2825,142.193,142.2385,899542000.0,552992000.0,1522,127948262003.5,0.000228515581362366
112,2020-02-03 09:34:40.717000+00:00,171986,142.2395,142.2645,142.2125,142.24,697024000.0,401861000.0,1522,99147751681.0,1.0545612410338698e-05
113,2020-02-03 09:39:10.164000+00:00,173508,142.2405,142.2645,142.214,142.214,766135000.0,409310000.0,1522,108981145942.0,-0.00018280635935808407
114,2020-02-03 09:45:04.980000+00:00,175030,142.2135,142.2245,142.168,142.168,939854000.0,541334000.0,1522,133649158323.5,-0.0003235085230511982
115,2020-02-03 09:49:42.705000+00:00,176552,142.1685,142.195,142.157,142.163,1098390000.0,605170000.0,1522,156164870196.0,-3.517027689913722e-05
116,2020-02-03 09:54:23.476000+00:00,178074,142.162,142.228,142.1555,142.183,1199813000.0,717309000.0,1522,170609864192.0,0.00014067368651550461
117,2020-02-03 09:58:05.837000+00:00,179596,142.1825,142.1855,142.0,142.0155,969645000.0,532505000.0,1522,137787792387.5,-0.0011787537189291517
118,2020-02-03 10:00:29.603000+00:00,181118,142.015,142.0185,141.92,141.925,917692000.0,500975000.0,1522,130271867527.0,-0.0006374575170823672
119,2020-02-03 10:01:45.417000+00:00,182640,141.9245,141.9275,141.7225,141.73,1228783000.0,587685000.0,1522,174263225707.5,-0.0013749098779760297
120,2020-02-03 10:03:01.266000+00:00,184162,141.7335,141.844,141.702,141.8055,1010084000.0,565681000.0,1522,143215714660.0,0.0005325611909935199
121,2020-02-03 10:05:08.739000+00:00,185684,141.805,141.903,141.801,141.815,1092559000.0,594011000.0,1522,154974137324.0,6.699092628041936e-05
122,2020-02-03 10:08:01.281000+00:00,187206,141.816,141.858,141.7745,141.828,1073355000.0,635892000.0,1522,152224806185.0,9.166452201610064e-05
123,2020-02-03 10:11:24.007000+00:00,188728,141.8295,141.844,141.7695,141.83,959299000.0,531570000.0,1522,136031881595.0,1.4101488412311176e-05
124,2020-02-03 10:14:31.826000+00:00,190250,141.8295,141.8665,141.773,141.841,1217434000.0,718589000.0,1522,172661112429.0,7.755463198918788e-05
125,2020-02-03 10:18:32.358000+00:00,191772,141.8415,141.861,141.79,141.8135,949915000.0,519753000.0,1522,134713359486.5,-0.00019389785874127257
126,2020-02-03 10:23:34.435000+00:00,193294,141.814,141.8895,141.7975,141.8865,1199964000.0,765661000.0,1522,170194110715.5,0.0005146281396624958
127,2020-02-03 10:25:15.075000+00:00,194816,141.886,141.912,141.7915,141.8205,1234593000.0,690037000.0,1522,175145482182.5,-0.0004652687539653425
128,2020-02-03 10:27:58.743000+00:00,196338,141.821,141.877,141.7905,141.872,1163387000.0,678702000.0,1522,165010499098.0,0.00036306917218982787
129,2020-02-03 10:31:23.219000+00:00,197860,141.873,141.893,141.8075,141.8075,1003131000.0,597849000.0,1522,142305734376.0,-0.00045473854199183097
130,2020-02-03 10:37:18.184000+00:00,199382,141.807,141.817,141.76,141.7965,1054099000.0,672282000.0,1522,149458028710.0,-7.757295387595032e-05
131,2020-02-03 10:43:07.923000+00:00,200904,141.796,141.7985,141.638,141.638,1065359000.0,566976000.0,1522,150987511587.0,-0.0011184243027715908
132,2020-02-03 10:45:42.135000+00:00,202426,141.6385,141.749,141.6155,141.7325,1412956000.0,921711000.0,1522,200183160585.5,0.0006669713573091881
133,2020-02-03 10:50:18.203000+00:00,203948,141.7335,141.761,141.697,141.7035,1127768000.0,673318000.0,1522,159831943020.0,-0.00020463173415656173
134,2020-02-03 10:54:41.813000+00:00,205470,141.704,141.7235,141.609,141.6095,1299979000.0,721412000.0,1522,184159976566.0,-0.0006635770575249812
135,2020-02-03 10:59:58.738000+00:00,206992,141.609,141.645,141.5705,141.5925,1118235000.0,685107000.0,1522,158349152089.5,-0.00012005564946865082
136,2020-02-03 11:04:03.563000+00:00,208514,141.592,141.6745,141.5915,141.65,1096670000.0,711025000.0,1522,155314086241.5,0.0004060125213545895
137,2020-02-03 11:07:17.083000+00:00,210036,141.6515,141.711,141.6305,141.699,1136538000.0,699144000.0,1522,161013862199.5,0.0003458632321869329
138,2020-02-03 11:10:57.958000+00:00,211558,141.6995,141.706,141.6365,141.667,1008200000.0,609597000.0,1522,142833303071.0,-0.0002258563139970558
139,2020-02-03 11:13:41.563000+00:00,213080,141.6665,141.7725,141.6575,141.7335,1197861000.0,788262000.0,1522,169756337708.0,0.0004693005214916639
140,2020-02-03 11:17:46.430000+00:00,214602,141.733,141.852,141.733,141.845,1042889000.0,695980000.0,1522,147880776213.0,0.0007863784154713899
141,2020-02-03 11:22:30.127000+00:00,216124,141.8455,141.858,141.763,141.772,874584000.0,440555000.0,1522,124027790222.5,-0.0005147787446596743
142,2020-02-03 11:27:19.341000+00:00,217646,141.7715,141.7745,141.69,141.721,1031858000.0,635663000.0,1522,146236765167.0,-0.0003597972475523086
143,2020-02-03 11:35:52.266000+00:00,219168,141.7205,141.7635,141.715,141.7525,1262954000.0,819936000.0,1522,179012460024.5,0.0002222429971736283
144,2020-02-03 11:41:29.365000+00:00,220690,141.753,141.7635,141.602,141.621,1354830000.0,745776000.0,1522,191946132736.5,-0.0009281037883870141
145,2020-02-03 11:44:17.063000+00:00,222212,141.62,141.676,141.5965,141.669,1411179000.0,875366000.0,1522,199879861708.5,0.00033887536065053286
146,2020-02-03 11:50:52.775000+00:00,223734,141.668,141.675,141.6175,141.6305,1522805000.0,859898000.0,1522,215696012210.0,-0.00027179716333433456
147,2020-02-03 11:55:37.699000+00:00,225256,141.6315,141.6495,141.592,141.64,1689914000.0,991090000.0,1522,239318346521.5,6.707369813322258e-05
148,2020-02-03 11:59:27.829000+00:00,226778,141.641,141.709,141.6125,141.709,1557974000.0,989090000.0,1522,220698696804.5,0.00048703190315760433
149,2020-02-03 12:04:01.416000+00:00,228300,141.711,141.7535,141.66,141.689,1456619000.0,825625000.0,1522,206413711763.5,-0.0001411442567217536
150,2020-02-03 12:10:54.736000+00:00,229822,141.6885,141.709,141.653,141.671,1114769000.0,639420000.0,1522,157937752300.0,-0.000127046866348238
151,2020-02-03 12:18:49.412000+00:00,231344,141.6705,141.722,141.6395,141.712,1258313000.0,804850000.0,1522,178283636629.0,0.00028936104343639654
152,2020-02-03 12:29:57.416000+00:00,232866,141.7115,141.735,141.679,141.735,1060959000.0,674241000.0,1522,150338746578.0,0.00016228783547186495
153,2020-02-03 12:37:40.294000+00:00,234388,141.7355,141.77,141.6965,141.728,1317030000.0,783139000.0,1522,186673500036.0,-4.9389161911283274e-05
154,2020-02-03 12:45:20.952000+00:00,235910,141.7285,141.7435,141.6435,141.7335,1241036000.0,773604000.0,1522,175854531074.5,3.8805975419365096e-05
155,2020-02-03 12:54:30.771000+00:00,237432,141.733,141.752,141.664,141.6655,1202073000.0,708185000.0,1522,170351452799.0,-0.00047988878792781374
156,2020-02-03 13:01:21.646000+00:00,238954,141.665,141.7025,141.633,141.692,1489063000.0,897802000.0,1522,210959381012.5,0.00018704287041824825
157,2020-02-03 13:05:18.934000+00:00,240476,141.6915,141.694,141.626,141.626,1386285000.0,780116000.0,1522,196384132645.0,-0.00046590757519027393
158,2020-02-03 13:11:58.863000+00:00,241998,141.6265,141.678,141.6105,141.6685,1511235000.0,950960000.0,1522,214055321436.5,0.00030004112553428335
159,2020-02-03 13:19:57.157000+00:00,243520,141.669,141.7565,141.6595,141.756,1221767000.0,751629000.0,1522,173141565902.5,0.000617448405341823
160,2020-02-03 13:24:43.817000+00:00,245042,141.755,141.794,141.7375,141.781,1402109000.0,857053000.0,1522,198772116992.5,0.00017634382859940703
161,2020-02-03 13:29:10.891000+00:00,246564,141.783,141.839,141.773,141.821,1160314000.0,714824000.0,1522,164551599339.5,0.0002820854596598724
162,2020-02-03 13:34:11.730000+00:00,248086,141.8215,141.831,141.721,141.7325,1144185000.0,676480000.0,1522,162209855089.5,-0.0006242208463213339
163,2020-02-03 13:39:40.672000+00:00,249608,141.733,141.7375,141.6815,141.698,1002002000.0,622408000.0,1522,141992169633.5,-0.00024344592533528275
164,2020-02-03 13:44:08.299000+00:00,251130,141.6985,141.7575,141.6895,141.7495,1220579000.0,754154000.0,1522,172990603813.0,0.0003633829937939926
165,2020-02-03 13:50:09.685000+00:00,252652,141.749,141.7515,141.701,141.709,1050189000.0,628846000.0,1522,148836536216.0,-0.00028575611791915303
166,2020-02-03 13:57:48.753000+00:00,254174,141.7085,141.7125,141.6515,141.7125,1407604000.0,919800000.0,1522,199427333794.5,2.469819685651309e-05
167,2020-02-03 14:02:01.148000+00:00,255696,141.713,141.762,141.6635,141.7255,1366082000.0,859656000.0,1522,193609336999.5,9.17308195029118e-05
168,2020-02-03 14:07:04.231000+00:00,257218,141.726,141.726,141.6215,141.6315,1029676000.0,627787000.0,1522,145859820022.5,-0.000663474016510921
169,2020-02-03 14:11:39.867000+00:00,258740,141.631,141.6605,141.537,141.5555,1413324000.0,821466000.0,1522,200129818680.0,-0.0005367478155749515
170,2020-02-03 14:15:51.540000+00:00,260262,141.556,141.57,141.455,141.467,1416745000.0,867654000.0,1522,200498175986.5,-0.0006253919945195995
171,2020-02-03 14:20:25.101000+00:00,261784,141.466,141.4795,141.389,141.4175,1362022000.0,797140000.0,1522,192645622971.5,-0.0003499661558356537
172,2020-02-03 14:24:31.117000+00:00,263306,141.417,141.441,141.38,141.4235,1184395000.0,732423000.0,1522,167492999310.0,4.2426663750412214e-05
173,2020-02-03 14:28:28.223000+00:00,264828,141.424,141.4545,141.3905,141.4485,1117454000.0,655502000.0,1522,158033069075.0,0.00017675839294877915
174,2020-02-03 14:30:41.644000+00:00,266350,141.449,141.4765,141.4115,141.449,951430000.0,512097000.0,1522,134575041278.0,3.5348491945465022e-06
175,2020-02-03 14:33:19.181000+00:00,267872,141.4495,141.467,141.409,141.446,1021647000.0,592590000.0,1522,144502038928.0,-2.12092825969033e-05
176,2020-02-03 14:36:13.095000+00:00,269394,141.4455,141.506,141.43,141.4535,1084457000.0,618945000.0,1522,153408503161.0,5.302236307779188e-05
177,2020-02-03 14:39:47.675000+00:00,270916,141.4545,141.4695,141.3705,141.3825,1007599000.0,562123000.0,1522,142503795721.0,-0.0005020577401134171
178,2020-02-03 14:43:47.832000+00:00,272438,141.382,141.461,141.38,141.4515,945926000.0,607733000.0,1522,133770207833.0,0.0004879187181802067
179,2020-02-03 14:46:52.598000+00:00,273960,141.4505,141.527,141.4305,141.4995,1057371000.0,648052000.0,1522,149588193047.0,0.00033928136292470855
180,2020-02-03 14:50:46.053000+00:00,275482,141.499,141.5325,141.4645,141.496,1277537000.0,773912000.0,1522,180770758396.5,-2.473537565209755e-05
181,2020-02-03 14:53:42.078000+00:00,277004,141.4965,141.535,141.4745,141.5055,1057706000.0,628330000.0,1522,149667541085.5,6.713745336020093e-05
182,2020-02-03 14:56:17.033000+00:00,278526,141.5065,141.604,141.5065,141.5995,1033360000.0,641792000.0,1522,146258489183.5,0.0006640645940858463
183,2020-02-03 14:59:30.253000+00:00,280048,141.6005,141.6195,141.5275,141.5395,942879000.0,558541000.0,1522,133506090114.0,-0.0004238201088378198
184,2020-02-03 15:00:27.825000+00:00,281570,141.54,141.7005,141.5065,141.6635,1111910000.0,599527000.0,1522,157473883540.5,0.0008756969941988655
185,2020-02-03 15:01:21.250000+00:00,283092,141.664,141.665,141.5935,141.595,984435000.0,525418000.0,1522,139419611018.0,-0.00048365716358252846
186,2020-02-03 15:02:42.442000+00:00,284614,141.5955,141.634,141.58,141.6015,867884000.0,487298000.0,1522,122897301936.5,4.5904522133086156e-05
187,2020-02-03 15:04:08.737000+00:00,286136,141.601,141.6565,141.5935,141.637,1152014000.0,664576000.0,1522,163159657541.5,0.00025067213804563174
188,2020-02-03 15:05:20.015000+00:00,287658,141.6375,141.649,141.4295,141.446,1014493000.0,559517000.0,1522,143600835641.5,-0.0013494277578204171
189,2020-02-03 15:06:05.468000+00:00,289180,141.445,141.549,141.445,141.5255,1031575000.0,642690000.0,1522,145979436658.0,0.0005618940571166265
190,2020-02-03 15:07:17.477000+00:00,290702,141.526,141.5445,141.4955,141.504,882619000.0,535737000.0,1522,124905829235.5,-0.0001519276262111503
191,2020-02-03 15:09:03.936000+00:00,292224,141.5045,141.523,141.451,141.4555,788706000.0,458092000.0,1522,111590175744.5,-0.00034280524580340607
192,2020-02-03 15:11:08.520000+00:00,293746,141.455,141.5045,141.4505,141.499,828128000.0,522987000.0,1522,117158744400.5,0.00030746993133298815
193,2020-02-03 15:13:52.048000+00:00,295268,141.4995,141.5475,141.484,141.504,1033299000.0,595753000.0,1522,146224115754.0,3.533531447034275e-05
194,2020-02-03 15:16:57.422000+00:00,296790,141.5035,141.5465,141.5005,141.54,962084000.0,569476000.0,1522,136157944601.5,0.000254377412657527
195,2020-02-03 15:19:17.650000+00:00,298312,141.5395,141.589,141.517,141.5685,893612000.0,545781000.0,1522,126488936985.0,0.0002013362374939182
196,2020-02-03 15:22:06.947000+00:00,299834,141.569,141.649,141.56,141.628,752804000.0,432698000.0,1522,106597887189.0,0.00042020293948191604
197,2020-02-03 15:24:44.185000+00:00,301356,141.627,141.627,141.5165,141.56,1073732000.0,603164000.0,1522,152005388682.0,-0.000480246347351756
198,2020-02-03 15:27:41.753000+00:00,302878,141.5595,141.6515,141.531,141.6065,1007889000.0,592333000.0,1522,142718652420.0,0.00032842868360469544
199,2020-02-03 15:30:56.140000+00:00,304400,141.607,141.6435,141.5925,141.6045,931505000.0,530180000.0,1522,131921161475.0,-1.4123745193786694e-05
200,2020-02-03 15:34:00.158000+00:00,305922,141.6015,141.621,141.573,141.581,1016817000.0,559375000.0,1522,143977270755.0,-0.00016596895006250776
201,2020-02-03 15:37:06.972000+00:00,307444,141.58,141.581,141.4925,141.5065,955187000.0,501044000.0,1522,135183376397.0,-0.0005263390416031641
202,2020-02-03 15:40:59.155000+00:00,308966,141.506,141.5195,141.4145,141.416,1063300000.0,570966000.0,1522,150430198084.0,-0.0006397511904260014
203,2020-02-03 15:44:25.516000+00:00,310488,141.417,141.436,141.3725,141.4015,1307625000.0,699834000.0,1522,184909596253.0,-0.00010253962369869363
204,2020-02-03 15:48:05.587000+00:00,312010,141.403,141.4475,141.3915,141.4145,1013088000.0,636355000.0,1522,143268084657.0,9.193256399337183e-05
205,2020-02-03 15:51:29.483000+00:00,313532,141.415,141.471,141.414,141.421,1112575000.0,663337000.0,1522,157364297340.0,4.5963112842083266e-05
206,2020-02-03 15:54:59.357000+00:00,315054,141.4215,141.4795,141.4165,141.43,1001074000.0,607158000.0,1522,141601069847.0,6.36377456898959e-05
207,2020-02-03 15:57:16.269000+00:00,316576,141.432,141.491,141.407,141.4755,1172494000.0,707673000.0,1522,165862584050.5,0.000321662183254296
208,2020-02-03 16:00:00.092000+00:00,318098,141.476,141.498,141.4355,141.461,940105000.0,544421000.0,1522,132993000609.5,-0.00010249649665348105
209,2020-02-03 16:03:30.868000+00:00,319620,141.4615,141.508,141.451,141.4945,943116000.0,540149000.0,1522,133435959329.0,0.00023678635090315983
210,2020-02-03 16:08:20.008000+00:00,321142,141.494,141.5115,141.396,141.438,1015902000.0,560278000.0,1522,143698342731.5,-0.00039938855204706337
211,2020-02-03 16:13:45.785000+00:00,322664,141.4375,141.454,141.378,141.3865,1128909000.0,676004000.0,1522,159645512825.0,-0.00036418344640702253
212,2020-02-03 16:18:17.938000+00:00,324186,141.3875,141.422,141.3505,141.377,975349000.0,567767000.0,1522,137902072181.5,-6.71939624709746e-05
213,2020-02-03 16:24:21.185000+00:00,325708,141.378,141.393,141.3365,141.3455,924469000.0,522282000.0,1522,130689424972.0,-0.00022283334457190652
214,2020-02-03 16:29:12.124000+00:00,327230,141.346,141.378,141.265,141.269,1062244000.0,593556000.0,1522,150110714709.0,-0.0005413735096281181
215,2020-02-03 16:32:47.105000+00:00,328752,141.268,141.335,141.2585,141.2735,1198775000.0,728844000.0,1522,169375728542.5,3.1853614945684436e-05
216,2020-02-03 16:36:42.509000+00:00,330274,141.273,141.291,141.209,141.2325,1030841000.0,588195000.0,1522,145607990279.0,-0.00029025932396399003
217,2020-02-03 16:40:58.615000+00:00,331796,141.2335,141.239,141.184,141.201,1243092000.0,712464000.0,1522,175538275480.0,-0.0002230613587311617
218,2020-02-03 16:43:11.934000+00:00,333318,141.2005,141.2035,141.133,141.171,1387275000.0,738351000.0,1522,195829408098.5,-0.00021248565801759497
219,2020-02-03 16:45:24.379000+00:00,334840,141.1705,141.1755,141.1305,141.1545,1032763000.0,618722000.0,1522,145779504932.5,-0.0001168863600259999
220,2020-02-03 16:48:59.703000+00:00,336362,141.154,141.2055,141.1165,141.2015,1091215000.0,626264000.0,1522,154031832095.5,0.00033291306318332354
221,2020-02-03 16:52:18.171000+00:00,337884,141.201,141.203,141.1625,141.1865,1087149000.0,605471000.0,1522,153492146384.5,-0.00010623680902961189
222,2020-02-03 16:57:26.834000+00:00,339406,141.1875,141.2135,141.16,141.206,1055952000.0,625463000.0,1522,149082994638.0,0.00013810565104237525
223,2020-02-03 17:01:33.642000+00:00,340928,141.2055,141.244,141.1795,141.2015,944685000.0,528673000.0,1522,133401866639.0,-3.186884201280401e-05
224,2020-02-03 17:07:23.407000+00:00,342450,141.202,141.217,141.168,141.195,1063253000.0,620712000.0,1522,150130810196.5,-4.603456488428439e-05
225,2020-02-03 17:11:37.806000+00:00,343972,141.194,141.2005,141.1175,141.1245,1105427000.0,601460000.0,1522,156043656300.5,-0.0004994341621135319
226,2020-02-03 17:14:26.676000+00:00,345494,141.124,141.139,141.071,141.1115,1216355000.0,754370000.0,1522,171627068120.0,-9.212148704772261e-05
227,2020-02-03 17:18:18.253000+00:00,347016,141.1125,141.1505,141.0785,141.0905,1112219000.0,683337000.0,1522,156946990678.5,-0.00014882956207811057
228,2020-02-03 17:23:18.040000+00:00,348538,141.09,141.1785,141.0765,141.152,1020382000.0,629660000.0,1522,143984025718.5,0.0004357954664752795
229,2020-02-03 17:28:09.043000+00:00,350060,141.1515,141.1825,141.1165,141.1735,1041440000.0,587521000.0,1522,147000719782.5,0.00015230646924611527
230,2020-02-03 17:35:05.195000+00:00,351582,141.174,141.1955,141.133,141.1615,1089299000.0,633579000.0,1522,153765930170.0,-8.500540143605157e-05
231,2020-02-03 17:42:32.097000+00:00,353104,141.1615,141.24,141.159,141.2105,1230805000.0,817813000.0,1522,173798438613.0,0.0003470599102732729
232,2020-02-03 17:50:02.457000+00:00,354626,141.211,141.251,141.188,141.211,939731000.0,569755000.0,1522,132707183311.5,3.5408069146583533e-06
233,2020-02-03 17:57:16.217000+00:00,356148,141.2105,141.318,141.2085,141.2985,1175257000.0,712143000.0,1522,166034522287.5,0.000619448215355027
234,2020-02-03 18:01:59.952000+00:00,357670,141.3,141.3615,141.2965,141.33,1354558000.0,823107000.0,1522,191437720284.5,0.0002229074571775359
235,2020-02-03 18:10:12.296000+00:00,359192,141.3295,141.374,141.293,141.2965,1205529000.0,673305000.0,1522,170376514053.5,-0.00023706198928187587
236,2020-02-03 18:17:12.397000+00:00,360714,141.296,141.2965,141.219,141.2425,1275935000.0,672121000.0,1522,180230383835.0,-0.0003822481190738937
237,2020-02-03 18:23:57.280000+00:00,362236,141.242,141.258,141.214,141.216,1039119000.0,609941000.0,1522,146762677775.5,-0.00018763818456694594
238,2020-02-03 18:33:29.134000+00:00,363758,141.2155,141.2245,141.1765,141.1905,1165813000.0,705044000.0,1522,164616555451.0,-0.00018059074468417511
239,2020-02-03 18:41:08.297000+00:00,365280,141.191,141.2145,141.1675,141.193,1197895000.0,739850000.0,1522,169128142860.0,1.770641698325532e-05
240,2020-02-03 18:49:41.337000+00:00,366802,141.1935,141.2015,141.082,141.0875,985403000.0,562675000.0,1522,139099748062.5,-0.000747483477691035
241,2020-02-03 18:53:49.632000+00:00,368324,141.088,141.136,141.0775,141.1185,1156790000.0,704350000.0,1522,163239038598.5,0.00021969766854486824
242,2020-02-03 18:59:39.571000+00:00,369846,141.119,141.2295,141.1185,141.229,911763000.0,581336000.0,1522,128717272040.5,0.0007827234570274809
243,2020-02-03 19:05:04.074000+00:00,371368,141.2295,141.2345,141.159,141.1645,970538000.0,569291000.0,1522,137049644448.5,-0.00045680938917955964
244,2020-02-03 19:12:34.178000+00:00,372890,141.164,141.196,141.127,141.138,1108801000.0,596474000.0,1522,156520720930.0,-0.00018774187318802853
245,2020-02-03 19:20:09.091000+00:00,374412,141.1385,141.178,141.1175,141.1745,1040214000.0,600698000.0,1522,146820774493.5,0.0002585787041193695
246,2020-02-03 19:27:02.370000+00:00,375934,141.175,141.1865,141.114,141.126,1150183000.0,631719000.0,1522,162344332980.0,-0.0003436054876074869
247,2020-02-03 19:36:07.316000+00:00,377456,141.1255,141.197,141.124,141.145,958052000.0,553685000.0,1522,135232721018.0,0.0001346224020795534
248,2020-02-03 19:43:06.188000+00:00,378978,141.1455,141.2235,141.143,141.217,1060325000.0,615756000.0,1522,149709981631.5,0.0005099836490781252
249,2020-02-03 19:51:53.696000+00:00,380500,141.2165,141.274,141.209,141.265,1136739000.0,683932000.0,1522,160564674561.5,0.0003398446659394505
250,2020-02-03 19:58:26.522000+00:00,382022,141.264,141.2795,141.239,141.268,1263255000.0,711043000.0,1522,178449671741.0,2.1236457335116048e-05
251,2020-02-03 20:03:24.060000+00:00,383544,141.2685,141.292,141.2405,141.2475,1115682000.0,626618000.0,1522,157604799908.0,-0.00014512478101897053
252,2020-02-03 20:12:28.312000+00:00,385066,141.248,141.3085,141.242,141.278,1157757000.0,691368000.0,1522,163571829178.5,0.00021590971518311203
253,2020-02-03 20:26:32.117000+00:00,386588,141.2775,141.32,141.2755,141.2945,1294829000.0,698063000.0,1522,182956304045.0,0.00011678418826159362
254,2020-02-03 20:32:56.620000+00:00,388110,141.295,141.32,141.248,141.259,1110414000.0,648020000.0,1522,156890858184.5,-0.0002512798474398927
255,2020-02-03 20:41:07.442000+00:00,389632,141.2595,141.264,141.213,141.2545,1156704000.0,693811000.0,1522,163367572094.0,-3.185688471780197e-05
256,2020-02-03 20:52:36.743000+00:00,391154,141.2535,141.255,141.1765,141.21,1269824000.0,818140000.0,1522,179312594315.5,-0.0003150838450010418
257,2020-02-03 20:59:42.108000+00:00,392676,141.2105,141.2125,141.1515,141.2095,1145281000.0,661356000.0,1522,161685906457.0,-3.5408319893652727e-06
258,2020-02-03 21:09:44.296000+00:00,394198,141.209,141.232,141.1865,141.2085,745902000.0,439133000.0,1522,105329767951.5,-7.081701591274789e-06
259,2020-02-03 21:44:39.826000+00:00,395720,141.208,141.2965,141.2035,141.296,969717000.0,645905000.0,1522,136976873393.5,0.0006194591788664222
260,2020-02-03 22:15:25.280000+00:00,397242,141.295,141.3235,141.1985,141.2035,817878000.0,451493000.0,1522,115552556371.5,-0.0006548684390998001
261,2020-02-03 22:40:41.421000+00:00,398764,141.208,141.22,141.1525,141.209,750912000.0,373868000.0,1522,106026300426.0,3.8950117297918453e-05
262,2020-02-03 22:44:29.585000+00:00,400286,141.21,141.2265,141.206,141.2175,1352700000.0,633900000.0,1522,191021534200.0,6.019265191165519e-05
263,2020-02-03 22:55:44.600000+00:00,401808,141.2185,141.2345,141.216,141.232,1046900000.0,500400000.0,1522,147848329550.0,0.00010267322132094905
264,2020-02-03 23:01:03.514000+00:00,403330,141.233,141.242,141.136,141.1395,951075000.0,499538000.0,1522,134308836189.5,-0.0006551652933014606
265,2020-02-03 23:15:00.526000+00:00,404852,141.139,141.173,141.118,141.1295,816882000.0,461721000.0,1522,115298096968.5,-7.085439778486642e-05
266,2020-02-03 23:33:33.351000+00:00,406374,141.1305,141.2035,141.1225,141.181,786679000.0,454748000.0,1522,111051201164.5,0.000364846511704574
267,2020-02-03 23:40:26.701000+00:00,407896,141.1815,141.198,141.169,141.1805,693642000.0,375234000.0,1522,97931999096.0,-3.541559313255151e-06
268,2020-02-03 23:46:33.977000+00:00,409418,141.18,141.1925,141.173,141.1895,589553000.0,315248000.0,1522,83233136689.5,6.374614869188507e-05
269,2020-02-04 00:00:00.081000+00:00,410940,141.189,141.2235,141.164,141.175,684055000.0,391894000.0,1522,96580427814.5,-0.00010270412897335094
270,2020-02-04 00:07:21.094000+00:00,412462,141.174,141.183,141.0795,141.0875,990543000.0,515395000.0,1522,139774470953.5,-0.0006199902771557165
271,2020-02-04 00:17:11.631000+00:00,413984,141.088,141.154,141.0835,141.0975,1065851000.0,612559000.0,1522,150420146379.5,7.087548951354662e-05
272,2020-02-04 00:27:30.854000+00:00,415506,141.0955,141.1465,141.0925,141.111,908585000.0,518060000.0,1522,128211834637.5,9.567394327455359e-05
273,2020-02-04 00:41:45.480000+00:00,417028,141.1115,141.1785,141.1115,141.172,1005822000.0,619344000.0,1522,141959638486.0,0.0004321903972220934
274,2020-02-04 00:54:26.720000+00:00,418550,141.1725,141.1725,141.0675,141.088,811234000.0,426954000.0,1522,114479987976.5,-0.0005951959362276231
275,2020-02-04 01:00:08.508000+00:00,420072,141.0885,141.1225,141.06,141.1225,872336000.0,517596000.0,1522,123071395226.0,0.00024449834553908774
276,2020-02-04 01:01:14.244000+00:00,421594,141.122,141.216,141.1155,141.118,944092000.0,513642000.0,1522,133275263221.0,-3.188769861444902e-05
277,2020-02-04 01:04:18.464000+00:00,423116,141.1175,141.1265,141.0675,141.077,907673000.0,529544000.0,1522,128074972926.5,-0.00029057921145656765
278,2020-02-04 01:09:50.995000+00:00,424638,141.0775,141.0805,141.0065,141.0125,993435000.0,550601000.0,1522,140121392316.5,-0.00045730167995657
279,2020-02-04 01:13:47.559000+00:00,426160,141.013,141.016,140.968,141.003,937854000.0,544604000.0,1522,132231703566.0,-6.737218346926745e-05
280,2020-02-04 01:18:34.728000+00:00,427682,141.0035,141.034,140.9905,141.0085,773465000.0,450445000.0,1522,109067301174.5,3.900550155368523e-05
281,2020-02-04 01:24:12.238000+00:00,429204,141.009,141.079,140.9905,141.0485,1286895000.0,759829000.0,1522,181498682253.0,0.0002836306155716208
282,2020-02-04 01:30:12.399000+00:00,430726,141.049,141.055,140.977,141.016,1185050000.0,672726000.0,1522,167102866686.5,-0.0002304437470424283
283,2020-02-04 01:35:15.647000+00:00,432248,141.0155,141.0655,141.009,141.0625,1147029000.0,708057000.0,1522,161774774037.5,0.0003296954601022051
284,2020-02-04 01:38:33.860000+00:00,433770,141.062,141.183,141.0615,141.1725,869570000.0,510091000.0,1522,122718346132.0,0.0007794923065512774
285,2020-02-04 01:42:11.265000+00:00,435292,141.1735,141.1785,141.092,141.109,715076000.0,381976000.0,1522,100925816031.0,-0.0004499055097207601
286,2020-02-04 01:46:16.322000+00:00,436814,141.1095,141.1255,141.098,141.1175,684784000.0,419955000.0,1522,96631221168.0,6.023530747525439e-05
287,2020-02-04 01:51:05.415000+00:00,438336,141.117,141.175,141.1025,141.167,804800000.0,473337000.0,1522,113581834234.0,0.0003507100142400586
288,2020-02-04 01:57:16.728000+00:00,439858,141.1665,141.2095,141.135,141.2055,602422000.0,344172000.0,1522,85045338532.0,0.00027268944559816867
289,2020-02-04 02:02:22.649000+00:00,441380,141.206,141.238,141.1445,141.1585,842287000.0,448621000.0,1522,118931086819.0,-0.0003329036310157227
290,2020-02-04 02:09:04.486000+00:00,442902,141.158,141.16,141.08,141.092,820857000.0,449169000.0,1522,115835595123.5,-0.0004712126372174635
291,2020-02-04 02:16:37.346000+00:00,444424,141.093,141.1635,141.073,141.1615,780085000.0,462060000.0,1522,110067250827.5,0.0004924651166739669
292,2020-02-04 02:21:22.838000+00:00,445946,141.161,141.1635,141.096,141.113,626964000.0,349784000.0,1522,88479843206.5,-0.00034363713673928135
293,2020-02-04 02:28:21.659000+00:00,447468,141.112,141.142,141.075,141.126,588445000.0,323952000.0,1522,83034281347.0,9.212050786182961e-05
294,2020-02-04 02:36:00.569000+00:00,448990,141.127,141.203,141.12,141.197,688202000.0,393019000.0,1522,97152944980.0,0.0005029700130473888
295,2020-02-04 02:46:07.710000+00:00,450512,141.1975,141.1995,141.152,141.162,605379000.0,320591000.0,1522,85461855942.5,-0.00024791134817202416
296,2020-02-04 02:53:25.053000+00:00,452034,141.1615,141.19,141.145,141.1815,643354000.0,366002000.0,1522,90822234450.5,0.00013812961892878617
297,2020-02-04 03:01:58.210000+00:00,453556,141.181,141.199,141.166,141.1735,591256000.0,326985000.0,1522,83474797765.0,-5.6666253490518556e-05
298,2020-02-04 03:11:20.822000+00:00,455078,141.174,141.189,141.1285,141.1565,541147000.0,291442000.0,1522,76389246625.0,-0.00012042645146136485
299,2020-02-04 03:24:54.685000+00:00,456600,141.1575,141.218,141.147,141.21,656893000.0,385690000.0,1522,92742725383.0,0.0003789401408467657
300,2020-02-04 03:32:23.197000+00:00,458122,141.2115,141.276,141.2035,141.27,808533000.0,481470000.0,1522,114194366885.0,0.00042480884241236674
301,2020-02-04 03:36:13.988000+00:00,459644,141.271,141.308,141.229,141.308,850685000.0,492423000.0,1522,120169306955.0,0.0002689522909004925
302,2020-02-04 03:39:28.016000+00:00,461166,141.3085,141.3575,141.286,141.3475,870335000.0,504692000.0,1522,122993497009.0,0.0002794921751541533
303,2020-02-04 03:43:23.393000+00:00,462688,141.3465,141.4135,141.3355,141.337,877602000.0,460706000.0,1522,124071476657.0,-7.428776607727201e-05
304,2020-02-04 03:48:51.660000+00:00,464210,141.3375,141.368,141.2935,141.2965,974228000.0,564669000.0,1522,137697171055.5,-0.00028659023277273217
305,2020-02-04 04:00:41.827000+00:00,465732,141.296,141.3115,141.2615,141.303,1126454000.0,651557000.0,1522,159155355315.0,4.6001496825860416e-05
306,2020-02-04 04:09:43.946000+00:00,467254,141.3035,141.341,141.3005,141.324,562685000.0,310858000.0,1522,79517753359.0,0.0001486057598082326
307,2020-02-04 04:25:28.221000+00:00,468776,141.3235,141.417,141.3155,141.4145,652958000.0,375134000.0,1522,92308435386.0,0.0006401675264648103
308,2020-02-04 04:32:29.140000+00:00,470298,141.415,141.4885,141.411,141.4765,1051781000.0,578153000.0,1522,148786688336.5,0.00043833137846493927
309,2020-02-04 04:37:51.911000+00:00,471820,141.476,141.556,141.4345,141.552,1113010000.0,695496000.0,1522,157501949848.5,0.0005335151886885007
310,2020-02-04 04:49:03.527000+00:00,473342,141.5525,141.5555,141.507,141.5185,963873000.0,512404000.0,1522,136406990854.5,-0.0002366901542647091
311,2020-02-04 04:59:17.763000+00:00,474864,141.5175,141.52,141.4315,141.435,1091083000.0,604296000.0,1522,154364371751.5,-0.0005902030010149524
312,2020-02-04 05:08:50.375000+00:00,476386,141.4355,141.4935,141.423,141.459,780531000.0,468890000.0,1522,110412598543.0,0.0001696748609556339
313,2020-02-04 05:20:27.768000+00:00,477908,141.461,141.487,141.4545,141.481,969946000.0,551734000.0,1522,137216394153.5,0.0001555100024338776
314,2020-02-04 05:29:53.151000+00:00,479430,141.482,141.567,141.482,141.5345,945351000.0,553534000.0,1522,133797007533.0,0.00037807117021701676
315,2020-02-04 05:37:12.667000+00:00,480952,141.5335,141.675,141.533,141.6375,969019000.0,608661000.0,1522,137226592322.5,0.0007274730873279315
316,2020-02-04 05:42:03.274000+00:00,482474,141.637,141.692,141.6065,141.646,1085719000.0,611173000.0,1522,153793650487.5,6.0010554815664294e-05
317,2020-02-04 05:47:55.931000+00:00,483996,141.6465,141.7025,141.632,141.6985,784112000.0,471447000.0,1522,111084727002.0,0.00037057363457430745
318,2020-02-04 05:56:46.287000+00:00,485518,141.6975,141.6975,141.613,141.653,1092219000.0,613161000.0,1522,154703404587.0,-0.00032115588158937176
319,2020-02-04 06:01:04.190000+00:00,487040,141.6535,141.6585,141.575,141.6075,1087540000.0,621251000.0,1522,154014483519.5,-0.0003212590558254894
320,2020-02-04 06:08:40.049000+00:00,488562,141.608,141.691,141.6005,141.6525,863172000.0,522424000.0,1522,122265477614.0,0.00031772929731407364
321,2020-02-04 06:17:52.986000+00:00,490084,141.653,141.7105,141.6355,141.698,727519000.0,453633000.0,1522,103057605647.5,0.00032115701501208785
322,2020-02-04 06:26:52.030000+00:00,491606,141.699,141.701,141.6545,141.69,967208000.0,564432000.0,1522,137025887775.5,-5.6459694850406674e-05
323,2020-02-04 06:36:31.828000+00:00,493128,141.6895,141.693,141.6345,141.6625,1043118000.0,569252000.0,1522,147774022905.0,-0.00019410451706864057
324,2020-02-04 06:42:18.276000+00:00,494650,141.662,141.7085,141.649,141.674,934547000.0,550725000.0,1522,132400646696.0,8.117556337660524e-05
325,2020-02-04 06:46:47.310000+00:00,496172,141.6735,141.677,141.56,141.5875,975092000.0,515937000.0,1522,138095138126.5,-0.0006107430956113778
326,2020-02-04 06:53:21.348000+00:00,497694,141.5885,141.6015,141.4995,141.517,1014614000.0,613991000.0,1522,143612567148.0,-0.0004980493171766921
327,2020-02-04 06:58:58.575000+00:00,499216,141.516,141.6125,141.5065,141.5835,1087681000.0,706329000.0,1522,153979602612.0,0.00046979783662049726
328,2020-02-04 07:02:43.977000+00:00,500738,141.583,141.5835,141.4455,141.469,846417000.0,412864000.0,1522,119768555229.0,-0.0008090372368759242
329,2020-02-04 07:06:04.852000+00:00,502260,141.4685,141.469,141.3915,141.404,882524000.0,480882000.0,1522,124815154420.5,-0.0004595702039008648
330,2020-02-04 07:10:25.988000+00:00,503782,141.4045,141.412,141.336,141.3915,1019419000.0,601806000.0,1522,144119068321.0,-8.840310406732422e-05
331,2020-02-04 07:14:36.001000+00:00,505304,141.392,141.393,141.3245,141.3535,1133582000.0,651825000.0,1522,160250962758.0,-0.00026879343739981865
332,2020-02-04 07:21:30.428000+00:00,506826,141.353,141.3995,141.3135,141.379,1094922000.0,654582000.0,1522,154779051433.0,0.0001803825175325718
333,2020-02-04 07:26:25.624000+00:00,508348,141.3775,141.3875,141.1795,141.183,1198939000.0,559966000.0,1522,169405609054.0,-0.00138730637124202
334,2020-02-04 07:28:27.953000+00:00,509870,141.1835,141.2345,141.1075,141.1615,1421357000.0,851250000.0,1522,200657212280.0,-0.00015229621998341056
335,2020-02-04 07:31:38.861000+00:00,511392,141.161,141.206,141.0635,141.083,1146706000.0,647555000.0,1522,161837895951.5,-0.0005562553178121093
336,2020-02-04 07:34:28.860000+00:00,512914,141.084,141.1165,141.011,141.1105,1484311000.0,940073000.0,1522,209374890157.5,0.00019490172585166356
337,2020-02-04 07:40:11.599000+00:00,514436,141.111,141.1525,141.0485,141.0605,898524000.0,516796000.0,1522,126776245832.5,-0.00035439503367334235
338,2020-02-04 07:41:54.740000+00:00,515958,141.06,141.06,140.94,141.0025,1019264000.0,570931000.0,1522,143721016475.0,-0.0004112556472664832
339,2020-02-04 07:45:50.067000+00:00,517480,141.003,141.036,140.9275,141.0065,1193400000.0,667239000.0,1522,168250109254.5,2.8367888969861846e-05
340,2020-02-04 07:49:56.919000+00:00,519002,141.006,141.041,140.9595,141.0055,1285429000.0,757578000.0,1522,181254390002.0,-7.091896798595422e-06
341,2020-02-04 07:55:21.606000+00:00,520524,141.0065,141.101,140.995,141.093,1139960000.0,716036000.0,1522,160777434472.0,0.0006203507130031788
342,2020-02-04 07:59:54.702000+00:00,522046,141.0935,141.095,140.9775,141.027,1122072000.0,647106000.0,1522,158232215299.0,-0.0004678860144906417
343,2020-02-04 08:02:14.187000+00:00,523568,141.0275,141.106,141.02,141.0825,1100421000.0,669580000.0,1522,155219215797.0,0.0003934642450257943
344,2020-02-04 08:04:33.380000+00:00,525090,141.081,141.159,141.067,141.159,907966000.0,545445000.0,1522,128117212454.5,0.0005420889690095485
345,2020-02-04 08:07:25.216000+00:00,526612,141.1595,141.1825,141.1355,141.1475,1207275000.0,728505000.0,1522,170416902821.0,-8.14717337812092e-05
346,2020-02-04 08:09:35.077000+00:00,528134,141.148,141.2335,141.148,141.2045,967153000.0,587806000.0,1522,136566786957.0,0.0004037513513225604
347,2020-02-04 08:11:26.354000+00:00,529656,141.205,141.2675,141.1855,141.216,1026175000.0,565236000.0,1522,144934227757.5,8.143884743760546e-05
348,2020-02-04 08:14:45.226000+00:00,531178,141.2155,141.2165,141.1635,141.205,954593000.0,608616000.0,1522,134774393000.0,-7.789789006873318e-05
349,2020-02-04 08:17:36.159000+00:00,532700,141.2045,141.2965,141.198,141.272,1152538000.0,720639000.0,1522,162788289356.0,0.0004743749137550778
350,2020-02-04 08:20:04.623000+00:00,534222,141.2725,141.338,141.271,141.303,1293293000.0,825761000.0,1522,182752855265.0,0.00021941077678057204
351,2020-02-04 08:23:27.428000+00:00,535744,141.3035,141.326,141.2795,141.308,1671548000.0,913100000.0,1522,236187799234.5,3.538432686999494e-05
352,2020-02-04 08:25:14.127000+00:00,537266,141.309,141.398,141.288,141.341,1482211000.0,913224000.0,1522,209508563705.0,0.00023350516117128154
353,2020-02-04 08:27:44.247000+00:00,538788,141.3405,141.3995,141.3345,141.375,1533040000.0,921468000.0,1522,216723783032.0,0.00024052406063979585
354,2020-02-04 08:29:34.602000+00:00,540310,141.374,141.472,141.361,141.4525,1878911000.0,1079956000.0,1522,265728019080.0,0.0005480372448910456
355,2020-02-04 08:32:48.757000+00:00,541832,141.452,141.4565,141.33,141.348,1548052000.0,799927000.0,1522,218888742866.0,-0.0007390369165277941
356,2020-02-04 08:37:33.243000+00:00,543354,141.3485,141.39,141.307,141.387,1364968000.0,853332000.0,1522,192920309970.5,0.00027587670608413386
357,2020-02-04 08:42:00.123000+00:00,544876,141.3865,141.4765,141.382,141.46,1079389000.0,688738000.0,1522,152657530283.5,0.0005161801371120581
358,2020-02-04 08:47:01.222000+00:00,546398,141.4595,141.5055,141.4455,141.4825,1218255000.0,809269000.0,1522,172351598949.0,0.00015904291541512776
359,2020-02-04 08:52:27.262000+00:00,547920,141.483,141.484,141.3785,141.388,1391022000.0,830241000.0,1522,196708514114.0,-0.0006681502914978806
360,2020-02-04 08:56:03.113000+00:00,549442,141.3875,141.524,141.3795,141.515,1404221000.0,889635000.0,1522,198625338592.5,0.0008978343003168889
361,2020-02-04 08:59:09.151000+00:00,550964,141.5145,141.633,141.4885,141.5885,1228556000.0,745915000.0,1522,173917937556.0,0.0005192447401844511
362,2020-02-04 09:02:03.990000+00:00,552486,141.588,141.6185,141.56,141.588,1357403000.0,836800000.0,1522,192195919986.5,-3.5313664800467818e-06
363,2020-02-04 09:05:30.391000+00:00,554008,141.5885,141.712,141.5415,141.691,1681817000.0,1182020000.0,1522,238164308228.5,0.0007271983065389797
364,2020-02-04 09:07:51.300000+00:00,555530,141.6915,141.747,141.6495,141.7065,1329031000.0,805026000.0,1522,188312635999.5,0.00010938699187853636
365,2020-02-04 09:10:21.488000+00:00,557052,141.706,141.7725,141.6835,141.743,1359433000.0,932359000.0,1522,192668399450.5,0.00025754146824559434
366,2020-02-04 09:15:41.558000+00:00,558574,141.7435,141.75,141.639,141.648,1204810000.0,680098000.0,1522,170716153817.0,-0.0006704518037522882
367,2020-02-04 09:20:06.878000+00:00,560096,141.6475,141.6605,141.5625,141.608,1419431000.0,797434000.0,1522,201007131272.5,-0.0002824300298378489
368,2020-02-04 09:26:13.650000+00:00,561618,141.6085,141.679,141.6065,141.671,1299674000.0,881054000.0,1522,184081393687.0,0.0004447911849353171
369,2020-02-04 09:31:19.809000+00:00,563140,141.6705,141.786,141.6585,141.7815,1403869000.0,885112000.0,1522,198962916387.0,0.0007796721185923251
370,2020-02-04 09:35:14.803000+00:00,564662,141.782,141.82,141.7165,141.763,1133936000.0,694719000.0,1522,160749168297.5,-0.00013049098131850603
371,2020-02-04 09:37:45.213000+00:00,566184,141.762,141.9,141.7565,141.8755,1182161000.0,731599000.0,1522,167668275111.5,0.0007932632974673973
372,2020-02-04 09:40:04.553000+00:00,567706,141.876,141.9455,141.8665,141.9205,1058085000.0,657677000.0,1522,150152724949.5,0.00031712920814354226
373,2020-02-04 09:43:18.263000+00:00,569228,141.92,141.92,141.8115,141.889,1101265000.0,653183000.0,1522,156232793025.5,-0.00022197988530572597
374,2020-02-04 09:47:20.283000+00:00,570750,141.8895,141.9395,141.829,141.928,1392943000.0,870070000.0,1522,197621595762.5,0.000274824976977714
375,2020-02-04 09:49:08.002000+00:00,572272,141.929,142.0145,141.927,141.9845,1135138000.0,697322000.0,1522,161175358965.5,0.0003980099555029523
376,2020-02-04 09:52:43.522000+00:00,573794,141.9825,142.0415,141.942,141.9945,1348609000.0,825592000.0,1522,191487865339.5,7.042774292551715e-05
377,2020-02-04 09:55:28.025000+00:00,575316,141.9935,142.081,141.959,142.035,1296920000.0,759739000.0,1522,184188095317.5,0.00028518164679730524
378,2020-02-04 09:57:53.903000+00:00,576838,142.0345,142.062,141.977,142.0155,1376397000.0,794341000.0,1522,195469504557.0,-0.00013729952970072416
379,2020-02-04 10:01:05.255000+00:00,578360,142.0145,142.038,141.959,141.967,1321925000.0,718398000.0,1522,187709042426.0,-0.0003415703465638645
380,2020-02-04 10:05:23.751000+00:00,579882,141.968,141.9685,141.8825,141.8915,1461846000.0,800968000.0,1522,207470106593.5,-0.0005319551944394582
381,2020-02-04 10:11:04.119000+00:00,581404,141.892,141.959,141.8665,141.921,1393460000.0,857078000.0,1522,197764265303.5,0.000207883726800157
382,2020-02-04 10:16:49.372000+00:00,582926,141.9215,142.002,141.8825,141.9945,1742414000.0,1092880000.0,1522,247326338547.0,0.0005177596971067134
383,2020-02-04 10:24:25.556000+00:00,584448,141.9965,142.0175,141.853,141.861,1470004000.0,775471000.0,1522,208625718326.5,-0.0009406195042408112
384,2020-02-04 10:31:07.086000+00:00,585970,141.8605,141.897,141.823,141.856,1584275000.0,963542000.0,1522,224739183794.0,-3.5246389892175716e-05
385,2020-02-04 10:39:00.940000+00:00,587492,141.855,141.871,141.765,141.765,1605017000.0,866815000.0,1522,227621298483.5,-0.0006417014475139879
386,2020-02-04 10:44:07.929000+00:00,589014,141.7655,141.809,141.7395,141.8085,1742156000.0,1032140000.0,1522,247004967604.0,0.0003067987688639014
387,2020-02-04 10:52:44.296000+00:00,590536,141.809,141.8545,141.7385,141.7605,1454775000.0,850139000.0,1522,206293305592.0,-0.000338541945406149
388,2020-02-04 11:00:40.224000+00:00,592058,141.76,141.8085,141.715,141.7365,1438301000.0,912669000.0,1522,203897858084.0,-0.00016931396139874329
389,2020-02-04 11:09:48.164000+00:00,593580,141.736,141.7995,141.7345,141.7705,1440499000.0,925148000.0,1522,204214629830.5,0.00023985298537954115
390,2020-02-04 11:17:17.776000+00:00,595102,141.77,141.8865,141.7555,141.882,1580061000.0,1093493000.0,1522,224071201664.0,0.0007861732630095327
391,2020-02-04 11:25:07.770000+00:00,596624,141.8825,141.93,141.866,141.8695,1288489000.0,810184000.0,1522,182834048602.0,-8.810526117467268e-05
392,2020-02-04 11:35:28.577000+00:00,598146,141.869,141.869,141.8025,141.82,1390438000.0,807702000.0,1522,197224236464.5,-0.00034897308855169596
393,2020-02-04 11:43:39.753000+00:00,599668,141.8195,141.855,141.7845,141.855,1474725000.0,890475000.0,1522,209130544981.0,0.0002467612597345525
394,2020-02-04 11:52:29.912000+00:00,601190,141.854,141.9095,141.8085,141.8475,1110684000.0,662226000.0,1522,157569183007.5,-5.287228700302521e-05
395,2020-02-04 11:59:26.052000+00:00,602712,141.8465,141.8845,141.81,141.8595,1132293000.0,717288000.0,1522,160607197845.0,8.45943174272569e-05
396,2020-02-04 12:06:13.148000+00:00,604234,141.859,141.901,141.8545,141.8635,1291157000.0,797444000.0,1522,183192524150.0,2.819651561733672e-05
397,2020-02-04 12:11:27.158000+00:00,605756,141.864,141.979,141.853,141.9715,1269539000.0,854791000.0,1522,180161227884.5,0.000761005550493469
398,2020-02-04 12:17:05.103000+00:00,607278,141.972,142.0195,141.9435,142.003,1202188000.0,767895000.0,1522,170691770439.0,0.00022185090653707338
399,2020-02-04 12:23:50.074000+00:00,608800,142.0025,142.0245,141.957,141.9975,1314003000.0,797499000.0,1522,186581358847.0,-3.873232618021519e-05
400,2020-02-04 12:29:18.578000+00:00,610322,141.9985,142.0195,141.9565,142.0195,1441704000.0,868629000.0,1522,204696544167.5,0.00015492030437611563
401,2020-02-04 12:34:25.409000+00:00,611844,142.02,142.044,141.9485,141.9495,1223544000.0,655948000.0,1522,173747304422.5,-0.0004930115711069829
402,2020-02-04 12:39:05.759000+00:00,613366,141.949,141.9965,141.934,141.97,1342470000.0,860047000.0,1522,190581624968.0,0.00014440712973657648
403,2020-02-04 12:45:23.112000+00:00,614888,141.9695,142.004,141.947,141.9475,1297999000.0,810398000.0,1522,184283480210.0,-0.00015849674674587525
404,2020-02-04 12:51:45.880000+00:00,616410,141.9465,141.97,141.931,141.9685,1455412000.0,953623000.0,1522,206595347641.0,0.00014793107847613923
405,2020-02-04 12:57:30.186000+00:00,617932,141.969,142.02,141.949,142.005,1444893000.0,894805000.0,1522,205141313014.0,0.0002570662417512707
406,2020-02-04 13:02:13.982000+00:00,619454,142.004,142.006,141.9465,141.9535,1253242000.0,749422000.0,1522,177939999285.5,-0.00036272906473776463
407,2020-02-04 13:05:55.401000+00:00,620976,141.953,142.002,141.9355,141.979,1477779000.0,968484000.0,1522,209807723601.0,0.00017962015668222648
408,2020-02-04 13:10:25.652000+00:00,622498,141.9785,141.99,141.9355,141.987,1214306000.0,798092000.0,1522,172395211058.0,5.634477368485294e-05
409,2020-02-04 13:15:11.479000+00:00,624020,141.9865,142.0125,141.984,141.986,1434445000.0,920772000.0,1522,203690581886.5,-7.04292309488794e-06
410,2020-02-04 13:18:55.686000+00:00,625542,141.985,142.0495,141.9845,142.0315,1522866000.0,940462000.0,1522,216285971280.0,0.00032040279482239216
411,2020-02-04 13:23:20.017000+00:00,627064,142.031,142.037,142.0015,142.01,1126382000.0,678458000.0,1522,159966027331.5,-0.0001513863293994569
412,2020-02-04 13:27:39.888000+00:00,628586,142.0095,142.057,142.008,142.0515,1381610000.0,873187000.0,1522,196241857386.0,0.0002921902496132553
413,2020-02-04 13:29:26.918000+00:00,630108,142.052,142.2915,142.049,142.271,1640463000.0,1097066000.0,1522,233255046512.0,0.0015440216205707428
414,2020-02-04 13:31:17.402000+00:00,631630,142.2715,142.285,142.2105,142.234,1602730000.0,918890000.0,1522,227977055003.5,-0.00026010087842797037
415,2020-02-04 13:32:47.561000+00:00,633152,142.2335,142.3535,142.222,142.35,1438426000.0,846359000.0,1522,204678948494.5,0.0008152250753686921
416,2020-02-04 13:35:13.273000+00:00,634674,142.3505,142.3625,142.244,142.263,1461241000.0,861144000.0,1522,207938326549.0,-0.0006113564925687054
417,2020-02-04 13:38:22+00:00,636196,142.2635,142.3045,142.2265,142.2775,1201757000.0,772365000.0,1522,170965979233.5,0.00010191870761838656
418,2020-02-04 13:40:51.303000+00:00,637718,142.278,142.3215,142.2405,142.2695,1246904000.0,760875000.0,1522,177402873873.0,-5.622972656271993e-05
419,2020-02-04 13:43:45.602000+00:00,639240,142.27,142.3065,142.254,142.2645,1100011000.0,711522000.0,1522,156505917407.0,-3.514518476178544e-05
420,2020-02-04 13:45:49.171000+00:00,640762,142.264,142.3045,142.2325,142.237,948378000.0,556500000.0,1522,134919726793.5,-0.00019332059820880172
421,2020-02-04 13:49:45.002000+00:00,642284,142.236,142.3035,142.219,142.2385,1140541000.0,686334000.0,1522,162252243687.0,1.0545723621316498e-05
422,2020-02-04 13:53:47.984000+00:00,643806,142.238,142.3025,142.215,142.2905,1346589000.0,835838000.0,1522,191541298545.0,0.0003655163486250144
423,2020-02-04 13:57:42.036000+00:00,645328,142.2895,142.313,142.2515,142.263,1562156000.0,909432000.0,1522,222272220561.5,-0.00019328527033139382
424,2020-02-04 14:00:40.322000+00:00,646850,142.2635,142.2905,142.2425,142.264,1489821000.0,868406000.0,1522,211949437218.0,7.029209881665971e-06
425,2020-02-04 14:04:14.522000+00:00,648372,142.2635,142.3,142.2395,142.2505,1313591000.0,808934000.0,1522,186879102112.5,-9.489850260817666e-05
426,2020-02-04 14:07:18.804000+00:00,649894,142.2515,142.272,142.2245,142.237,1327898000.0,851141000.0,1522,188885342934.0,-9.490750918849735e-05
427,2020-02-04 14:12:29.660000+00:00,651416,142.2375,142.283,142.2285,142.2635,1243552000.0,820170000.0,1522,176901199250.0,0.00018629141303186616
428,2020-02-04 14:16:58.268000+00:00,652938,142.264,142.2815,142.157,142.158,1253574000.0,689403000.0,1522,178290241219.5,-0.0007418567502000153
429,2020-02-04 14:20:26.013000+00:00,654460,142.1585,142.179,142.1325,142.151,1360908000.0,874135000.0,1522,193461291754.5,-4.924219775940169e-05
430,2020-02-04 14:26:40.684000+00:00,655982,142.1515,142.197,142.1355,142.1705,1188955000.0,728835000.0,1522,169021070864.0,0.00013716866315460042
431,2020-02-04 14:30:21.209000+00:00,657504,142.17,142.178,142.1035,142.15,1062034000.0,647591000.0,1522,150961010005.5,-0.00014420346078125373
432,2020-02-04 14:32:27.594000+00:00,659026,142.1485,142.1575,142.0725,142.122,1192712000.0,714591000.0,1522,169495800843.5,-0.0001969944285088708
433,2020-02-04 14:34:55.203000+00:00,660548,142.1225,142.1255,142.0705,142.0895,1117637000.0,639587000.0,1522,158810941580.5,-0.00022870292118154669
434,2020-02-04 14:37:16.144000+00:00,662070,142.0905,142.131,142.079,142.113,1127545000.0,664654000.0,1522,160235839339.0,0.0001653750410609847
435,2020-02-04 14:39:52.293000+00:00,663592,142.1125,142.177,142.102,142.1195,1059565000.0,625599000.0,1522,150604947160.0,4.573720458510141e-05
436,2020-02-04 14:43:21.499000+00:00,665114,142.119,142.157,142.1125,142.146,1241338000.0,718804000.0,1522,176433406756.5,0.00018644541864404454
437,2020-02-04 14:46:59.538000+00:00,666636,142.1465,142.2095,142.1375,142.1955,1363704000.0,849117000.0,1522,193879443023.0,0.00034817288718009973
438,2020-02-04 14:50:05.167000+00:00,668158,142.196,142.2655,142.1945,142.253,1268425000.0,730141000.0,1522,180402388649.5,0.00040429111619990043
439,2020-02-04 14:54:02.782000+00:00,669680,142.252,142.261,142.202,142.2565,1190685000.0,716240000.0,1522,169354330629.5,2.460374785493311e-05
440,2020-02-04 14:59:01.817000+00:00,671202,142.256,142.275,142.23,142.257,1165229000.0,681043000.0,1522,165756159053.0,3.514771706811327e-06
441,2020-02-04 15:01:43.249000+00:00,672724,142.2565,142.305,142.223,142.2355,1139340000.0,682223000.0,1522,162085379214.5,-0.00015114633982216672
442,2020-02-04 15:05:19.898000+00:00,674246,142.236,142.2845,142.216,142.2485,948101000.0,584314000.0,1522,134862969391.5,9.139354064950409e-05
443,2020-02-04 15:09:06.459000+00:00,675768,142.249,142.2845,142.2145,142.2615,1022938000.0,609960000.0,1522,145513960388.0,9.138518863346735e-05
444,2020-02-04 15:12:58.690000+00:00,677290,142.262,142.2825,142.229,142.2475,1052652000.0,595196000.0,1522,149747895174.5,-9.841516445042811e-05
445,2020-02-04 15:19:13.974000+00:00,678812,142.247,142.313,142.227,142.3095,1268912000.0,738567000.0,1522,180528532699.5,0.00043576507329731354
446,2020-02-04 15:23:27.574000+00:00,680334,142.3085,142.3615,142.3015,142.3345,1192726000.0,720996000.0,1522,169768197758.0,0.00017565801537547352
447,2020-02-04 15:28:20.664000+00:00,681856,142.335,142.423,142.335,142.397,1295212000.0,801570000.0,1522,184411617862.0,0.0004390100919905893
448,2020-02-04 15:30:10.512000+00:00,683378,142.396,142.466,142.3885,142.462,1088760000.0,608488000.0,1522,155077501372.5,0.0004563661399368728
449,2020-02-04 15:33:37.752000+00:00,684900,142.4625,142.475,142.409,142.416,1251326000.0,627960000.0,1522,178233653954.0,-0.00032294526358499925
450,2020-02-04 15:37:24.220000+00:00,686422,142.4155,142.4945,142.375,142.4905,1221003000.0,749530000.0,1522,173896150524.0,0.0005229786031417847
451,2020-02-04 15:40:14.752000+00:00,687944,142.49,142.5205,142.458,142.496,1313583000.0,793252000.0,1522,187165966627.5,3.8598319574379545e-05
452,2020-02-04 15:43:00.510000+00:00,689466,142.4965,142.5275,142.421,142.452,1199597000.0,700620000.0,1522,170892183096.5,-0.00030882827989471014
453,2020-02-04 15:47:28.009000+00:00,690988,142.453,142.4805,142.432,142.456,1076596000.0,653509000.0,1522,153362896881.0,2.8079239615899422e-05
454,2020-02-04 15:52:15.753000+00:00,692510,142.4575,142.49,142.4375,142.457,1096149000.0,636471000.0,1522,156161250685.5,7.019686711473418e-06
455,2020-02-04 15:55:23.259000+00:00,694032,142.456,142.518,142.4425,142.5025,1100041000.0,690795000.0,1522,156745157646.5,0.00031934362873787994
456,2020-02-04 15:57:47.952000+00:00,695554,142.503,142.5145,142.37,142.3735,984633000.0,494409000.0,1522,140260986012.5,-0.0009056572601223509
457,2020-02-04 16:00:05.536000+00:00,697076,142.373,142.431,142.36,142.4125,1068108000.0,619499000.0,1522,152086998887.5,0.0002738898698937429
458,2020-02-04 16:04:26.125000+00:00,698598,142.4115,142.432,142.383,142.416,1313611000.0,774948000.0,1522,187068198925.5,2.4576192341646008e-05
459,2020-02-04 16:10:15.860000+00:00,700120,142.4155,142.4315,142.3645,142.394,1434542000.0,889001000.0,1522,204277471063.0,-0.00015448895785788108
460,2020-02-04 16:14:59.931000+00:00,701642,142.3945,142.415,142.334,142.3755,1217398000.0,677251000.0,1522,173324275831.0,-0.0001299296450360159
461,2020-02-04 16:24:22.123000+00:00,703164,142.375,142.456,142.3655,142.4485,1495221000.0,925584000.0,1522,212919941759.0,0.0005125972642645561
462,2020-02-04 16:29:41.693000+00:00,704686,142.448,142.5515,142.4405,142.532,1459331000.0,912983000.0,1522,207960989776.0,0.0005860050241298899
463,2020-02-04 16:34:40.210000+00:00,706208,142.533,142.5535,142.486,142.49,1405831000.0,823503000.0,1522,200376000485.5,-0.0002947140943786997
464,2020-02-04 16:39:55.579000+00:00,707730,142.489,142.5115,142.4685,142.485,1286667000.0,717695000.0,1522,183332465667.0,-3.509079744189227e-05
465,2020-02-04 16:47:15.132000+00:00,709252,142.486,142.535,142.479,142.499,1409646000.0,846706000.0,1522,200888802488.0,9.825112996691994e-05
466,2020-02-04 16:54:42.895000+00:00,710774,142.498,142.5135,142.474,142.4825,1220051000.0,736253000.0,1522,173850993701.0,-0.00011579699046036267
467,2020-02-04 17:02:11.601000+00:00,712296,142.482,142.5565,142.4815,142.531,1455533000.0,845231000.0,1522,207458423376.0,0.0003403347593580958
468,2020-02-04 17:07:35.447000+00:00,713818,142.5315,142.5605,142.5225,142.55,1262476000.0,773964000.0,1522,179957072189.0,0.00013329544956092916
469,2020-02-04 17:13:36.052000+00:00,715340,142.5495,142.5955,142.531,142.589,1201414000.0,750338000.0,1522,171279465685.5,0.0002735507962304625
470,2020-02-04 17:18:14.871000+00:00,716862,142.5885,142.6335,142.5785,142.587,1510847000.0,974657000.0,1522,215455797755.0,-1.402642578649991e-05
471,2020-02-04 17:24:42.776000+00:00,718384,142.5875,142.652,142.583,142.636,1558514000.0,956925000.0,1522,222261234371.5,0.000343590807768392
472,2020-02-04 17:32:55.507000+00:00,719906,142.635,142.6825,142.6035,142.647,1297378000.0,782597000.0,1522,185059455993.5,7.711640725477942e-05
473,2020-02-04 17:43:23.772000+00:00,721428,142.6475,142.667,142.6135,142.6195,1236884000.0,708165000.0,1522,176436903739.5,-0.00019280216979692367
474,2020-02-04 17:52:26.428000+00:00,722950,142.62,142.6655,142.616,142.62,1489466000.0,824010000.0,1522,212461273294.5,3.5058258062189802e-06
475,2020-02-04 18:03:02.415000+00:00,724472,142.621,142.693,142.62,142.693,1276211000.0,784919000.0,1522,182051268051.0,0.0005117187200931572
476,2020-02-04 18:12:59.722000+00:00,725994,142.6935,142.737,142.6785,142.6985,1234762000.0,717361000.0,1522,176217245623.5,3.8543544574075436e-05
477,2020-02-04 18:24:30.609000+00:00,727516,142.699,142.725,142.676,142.718,1081631000.0,651615000.0,1522,154351814899.0,0.00013664241577012468
478,2020-02-04 18:38:07.917000+00:00,729038,142.717,142.7815,142.6895,142.765,949612000.0,594022000.0,1522,135533501811.5,0.0003292665442400188
479,2020-02-04 18:49:58.435000+00:00,730560,142.7655,142.8405,142.7445,142.814,1337798000.0,845592000.0,1522,191022650876.5,0.0003431624908054595
480,2020-02-04 19:00:12.173000+00:00,732082,142.8145,142.8305,142.7445,142.7795,1051311000.0,587143000.0,1522,150107594552.0,-0.00024160213847859358
481,2020-02-04 19:13:50.528000+00:00,733604,142.779,142.818,142.7615,142.809,890208000.0,565166000.0,1522,127114925745.0,0.00020659095240117798
482,2020-02-04 19:24:59.591000+00:00,735126,142.8095,142.818,142.7485,142.749,977220000.0,553498000.0,1522,139526711730.5,-0.0004202298719207245
483,2020-02-04 19:33:22.519000+00:00,736648,142.7485,142.802,142.7355,142.789,773124000.0,490153000.0,1522,110377250758.0,0.0002801728684913395
484,2020-02-04 19:48:26.909000+00:00,738170,142.7895,142.8465,142.788,142.8225,1052848000.0,654670000.0,1522,150371227560.0,0.0002345843928107302
485,2020-02-04 19:59:48.775000+00:00,739692,142.8235,142.824,142.7575,142.7585,1082310000.0,616286000.0,1522,154546202707.0,-0.00044820909704371365
486,2020-02-04 20:09:47.414000+00:00,741214,142.759,142.782,142.7475,142.7565,898211000.0,527506000.0,1522,128234618999.0,-1.4009771816099506e-05
487,2020-02-04 20:21:56.123000+00:00,742736,142.757,142.8055,142.747,142.784,1045128000.0,620665000.0,1522,149220224779.5,0.00019261715998284638
488,2020-02-04 20:35:33.019000+00:00,744258,142.783,142.8045,142.7485,142.749,1123763000.0,599172000.0,1522,160453179417.0,-0.0002451555524250485
489,2020-02-04 20:46:16.236000+00:00,745780,142.7495,142.7535,142.6735,142.682,1030196000.0,562274000.0,1522,147023576950.0,-0.0004694654836410067
490,2020-02-04 20:54:58.300000+00:00,747302,142.6815,142.6995,142.661,142.6775,1147868000.0,604191000.0,1522,163777786259.5,-3.153916375901442e-05
491,2020-02-04 21:05:41.969000+00:00,748824,142.678,142.6945,142.643,142.6675,1206526000.0,620484000.0,1522,172133990671.0,-7.00905921191452e-05
492,2020-02-04 21:26:58.170000+00:00,750346,142.668,142.7045,142.657,142.6815,1137451000.0,696697000.0,1522,162288365679.0,9.812545347103641e-05
493,2020-02-04 21:44:18.483000+00:00,751868,142.681,142.728,142.681,142.723,869020000.0,527352000.0,1522,124014675278.5,0.00029081531855666226
494,2020-02-04 21:55:23.708000+00:00,753390,142.7235,142.7385,142.6905,142.734,1215888000.0,737931000.0,1522,173518384380.0,7.706940103363748e-05
495,2020-02-04 22:27:46.689000+00:00,754912,142.733,142.756,142.6595,142.687,1096980000.0,630582000.0,1522,156548270890.5,-0.0003293380685010319
496,2020-02-04 22:33:13.750000+00:00,756434,142.6875,142.6885,142.667,142.678,882600000.0,467500000.0,1522,125928142600.0,-6.307711179013466e-05
497,2020-02-04 22:55:53.709000+00:00,757956,142.6785,142.6795,142.6185,142.635,956600000.0,512800000.0,1522,136467110550.0,-0.00030142335137598613
498,2020-02-04 23:19:38.662000+00:00,759478,142.636,142.683,142.6295,142.6605,949599000.0,525900000.0,1522,135461225349.5,0.00017876202090775194
499,2020-02-04 23:39:12.613000+00:00,761000,142.66,142.701,142.659,142.6735,807100000.0,406500000.0,1522,115163930750.0,9.112128248984878e-05
